season,polygon_id,period,Tau_Value,P_Value
spring,LAT-005,1974:2023,-0.0231908410787582,0.821019411087036
summer,LAT-005,1971:2023,-0.111163452267647,0.248931586742401
spring,SEA-011,1974:2020,0.129161864519119,0.208202362060547
summer,SEA-011,1971:2020,-0.377084404230118,0.000133891502628103
