longitude,latitude,visit_date,transparency_m,color_id,HELCOM_ID,country,level_2,Name,Open_sea,F2_Name,new_area_k,Shape_Leng,Shape_Area,geometry
23.9833,57.1,1998-02-14T12:30:00Z,1.6,19,LAT-005,Latvia,Gulf of Riga,Gulf of Riga transitional waters,,Gulf of Riga transitional waters,855.811191767,243360.758113,2896144600.07,23.9833|57.1
23.85,57.3,1998-02-14T15:35:00Z,4,9,SEA-011,Opensea,Gulf of Riga,Opensea Gulf of Riga,Gulf of Riga,Opensea Gulf of Riga,8674.48923994,954770.496399,30193177349.7,23.85|57.3
23.85,57.3,1998-03-11T12:20:00Z,2.5,16,SEA-011,Opensea,Gulf of Riga,Opensea Gulf of Riga,Gulf of Riga,Opensea Gulf of Riga,8674.48923994,954770.496399,30193177349.7,23.85|57.3
23.9333,57.1667,1998-03-11T15:22:00Z,1.6,19,LAT-005,Latvia,Gulf of Riga,Gulf of Riga transitional waters,,Gulf of Riga transitional waters,855.811191767,243360.758113,2896144600.07,23.9333|57.1667
23.9833,57.1,1998-03-11T16:15:00Z,1.2,19,LAT-005,Latvia,Gulf of Riga,Gulf of Riga transitional waters,,Gulf of Riga transitional waters,855.811191767,243360.758113,2896144600.07,23.9833|57.1
24.0017,57.0833,1998-03-11T17:15:00Z,1.1,21,LAT-005,Latvia,Gulf of Riga,Gulf of Riga transitional waters,,Gulf of Riga transitional waters,855.811191767,243360.758113,2896144600.07,24.0017|57.0833
23.6167,57.6167,1998-03-25T06:30:00Z,3.9,9,SEA-011,Opensea,Gulf of Riga,Opensea Gulf of Riga,Gulf of Riga,Opensea Gulf of Riga,8674.48923994,954770.496399,30193177349.7,23.6167|57.6167
23.7667,57.4167,1998-03-25T08:30:00Z,3.6,9,SEA-011,Opensea,Gulf of Riga,Opensea Gulf of Riga,Gulf of Riga,Opensea Gulf of Riga,8674.48923994,954770.496399,30193177349.7,23.7667|57.4167
23.85,57.3,1998-03-25T09:20:00Z,2.1,15,SEA-011,Opensea,Gulf of Riga,Opensea Gulf of Riga,Gulf of Riga,Opensea Gulf of Riga,8674.48923994,954770.496399,30193177349.7,23.85|57.3
23.9333,57.1667,1998-03-25T12:15:00Z,2.1,19,LAT-005,Latvia,Gulf of Riga,Gulf of Riga transitional waters,,Gulf of Riga transitional waters,855.811191767,243360.758113,2896144600.07,23.9333|57.1667
23.9833,57.1,1998-03-25T13:25:00Z,1.6,21,LAT-005,Latvia,Gulf of Riga,Gulf of Riga transitional waters,,Gulf of Riga transitional waters,855.811191767,243360.758113,2896144600.07,23.9833|57.1
24.0017,57.0833,1998-03-25T14:05:00Z,1.5,21,LAT-005,Latvia,Gulf of Riga,Gulf of Riga transitional waters,,Gulf of Riga transitional waters,855.811191767,243360.758113,2896144600.07,24.0017|57.0833
23.85,57.3,1998-04-07T11:30:00Z,2.4,17,SEA-011,Opensea,Gulf of Riga,Opensea Gulf of Riga,Gulf of Riga,Opensea Gulf of Riga,8674.48923994,954770.496399,30193177349.7,23.85|57.3
24.0017,57.0833,1998-04-07T14:20:00Z,1.4,19,LAT-005,Latvia,Gulf of Riga,Gulf of Riga transitional waters,,Gulf of Riga transitional waters,855.811191767,243360.758113,2896144600.07,24.0017|57.0833
24.0017,57.0833,1998-04-23T11:10:00Z,1.1,21,LAT-005,Latvia,Gulf of Riga,Gulf of Riga transitional waters,,Gulf of Riga transitional waters,855.811191767,243360.758113,2896144600.07,24.0017|57.0833
23.9833,57.1,1998-04-23T12:30:00Z,1.5,19,LAT-005,Latvia,Gulf of Riga,Gulf of Riga transitional waters,,Gulf of Riga transitional waters,855.811191767,243360.758113,2896144600.07,23.9833|57.1
23.9333,57.1667,1998-04-23T13:45:00Z,1.9,13,LAT-005,Latvia,Gulf of Riga,Gulf of Riga transitional waters,,Gulf of Riga transitional waters,855.811191767,243360.758113,2896144600.07,23.9333|57.1667
23.85,57.3,1998-04-23T15:15:00Z,2.1,11,SEA-011,Opensea,Gulf of Riga,Opensea Gulf of Riga,Gulf of Riga,Opensea Gulf of Riga,8674.48923994,954770.496399,30193177349.7,23.85|57.3
23.7667,57.4167,1998-04-23T17:10:00Z,2.2,9,SEA-011,Opensea,Gulf of Riga,Opensea Gulf of Riga,Gulf of Riga,Opensea Gulf of Riga,8674.48923994,954770.496399,30193177349.7,23.7667|57.4167
23.4833,57.4,1998-04-23T18:55:00Z,2.1,9,SEA-011,Opensea,Gulf of Riga,Opensea Gulf of Riga,Gulf of Riga,Opensea Gulf of Riga,8674.48923994,954770.496399,30193177349.7,23.4833|57.4
23.2123,57.3275,1998-04-23T20:35:00Z,2.9,9,SEA-011,Opensea,Gulf of Riga,Opensea Gulf of Riga,Gulf of Riga,Opensea Gulf of Riga,8674.48923994,954770.496399,30193177349.7,23.2123|57.3275
23.6167,57.6167,1998-04-24T06:40:00Z,2.6,9,SEA-011,Opensea,Gulf of Riga,Opensea Gulf of Riga,Gulf of Riga,Opensea Gulf of Riga,8674.48923994,954770.496399,30193177349.7,23.6167|57.6167
24.1167,57.6,1998-04-24T10:20:00Z,2.4,11,SEA-011,Opensea,Gulf of Riga,Opensea Gulf of Riga,Gulf of Riga,Opensea Gulf of Riga,8674.48923994,954770.496399,30193177349.7,24.1167|57.6
24.3367,57.5933,1998-04-24T11:25:00Z,2.9,13,LAT-004,Latvia,Gulf of Riga,"Gulf of Riga stony coast, waterbodies D&F",,"Gulf of Riga stony coast, waterbodies D&F",308.69830546,436367.284109,1064792248.48,24.3367|57.5933
24.0833,57.35,1998-04-24T13:50:00Z,2,21,SEA-011,Opensea,Gulf of Riga,Opensea Gulf of Riga,Gulf of Riga,Opensea Gulf of Riga,8674.48923994,954770.496399,30193177349.7,24.0833|57.35
24.3733,57.315,1998-04-24T15:40:00Z,1.8,21,LAT-004,Latvia,Gulf of Riga,"Gulf of Riga stony coast, waterbodies D&F",,"Gulf of Riga stony coast, waterbodies D&F",308.69830546,436367.284109,1064792248.48,24.3733|57.315
24.0017,57.0833,1998-02-14T11:20:00Z,1.3,21,LAT-005,Latvia,Gulf of Riga,Gulf of Riga transitional waters,,Gulf of Riga transitional waters,855.811191767,243360.758113,2896144600.07,24.0017|57.0833
24.0017,57.0833,1998-01-21T14:40:00Z,1.8,21,LAT-005,Latvia,Gulf of Riga,Gulf of Riga transitional waters,,Gulf of Riga transitional waters,855.811191767,243360.758113,2896144600.07,24.0017|57.0833
23.85,57.3,1998-01-21T11:40:00Z,4.1,9,SEA-011,Opensea,Gulf of Riga,Opensea Gulf of Riga,Gulf of Riga,Opensea Gulf of Riga,8674.48923994,954770.496399,30193177349.7,23.85|57.3
24.3667,57.24,1998-04-24T16:25:00Z,1.4,21,LAT-005,Latvia,Gulf of Riga,Gulf of Riga transitional waters,,Gulf of Riga transitional waters,855.811191767,243360.758113,2896144600.07,24.3667|57.24
24.25,57.1683,1998-04-24T17:30:00Z,1.3,21,LAT-005,Latvia,Gulf of Riga,Gulf of Riga transitional waters,,Gulf of Riga transitional waters,855.811191767,243360.758113,2896144600.07,24.25|57.1683
23.6667,57.1667,1998-04-24T20:05:00Z,2,19,SEA-011,Opensea,Gulf of Riga,Opensea Gulf of Riga,Gulf of Riga,Opensea Gulf of Riga,8674.48923994,954770.496399,30193177349.7,23.6667|57.1667
23.4867,57.0467,1998-04-25T06:08:00Z,2.1,21,LAT-003,Latvia,Gulf of Riga,"Gulf of Riga sandy coast, waterbodies C&E",,"Gulf of Riga sandy coast, waterbodies C&E",387.080162999,296440.220511,1327844259.75,23.4867|57.0467
23.92,57.025,1998-04-25T08:05:00Z,1.8,21,LAT-005,Latvia,Gulf of Riga,Gulf of Riga transitional waters,,Gulf of Riga transitional waters,855.811191767,243360.758113,2896144600.07,23.92|57.025
24.0017,57.0833,1998-05-05T11:10:00Z,1.6,21,LAT-005,Latvia,Gulf of Riga,Gulf of Riga transitional waters,,Gulf of Riga transitional waters,855.811191767,243360.758113,2896144600.07,24.0017|57.0833
24.0093,57.0792,1998-05-05T12:45:00Z,1.6,21,LAT-005,Latvia,Gulf of Riga,Gulf of Riga transitional waters,,Gulf of Riga transitional waters,855.811191767,243360.758113,2896144600.07,24.0093|57.0792
23.9792,57.0737,1998-05-05T13:25:00Z,1.7,21,LAT-005,Latvia,Gulf of Riga,Gulf of Riga transitional waters,,Gulf of Riga transitional waters,855.811191767,243360.758113,2896144600.07,23.9792|57.0737
23.9793,57.0577,1998-05-05T14:25:00Z,2.7,19,LAT-005,Latvia,Gulf of Riga,Gulf of Riga transitional waters,,Gulf of Riga transitional waters,855.811191767,243360.758113,2896144600.07,23.9793|57.0577
23.9683,57.0433,1998-05-05T15:10:00Z,2.8,15,LAT-005,Latvia,Gulf of Riga,Gulf of Riga transitional waters,,Gulf of Riga transitional waters,855.811191767,243360.758113,2896144600.07,23.9683|57.0433
23.9568,57.0573,1998-05-05T16:20:00Z,2.9,19,LAT-005,Latvia,Gulf of Riga,Gulf of Riga transitional waters,,Gulf of Riga transitional waters,855.811191767,243360.758113,2896144600.07,23.9568|57.0573
23.9333,57.0542,1998-05-05T16:45:00Z,2.1,19,LAT-005,Latvia,Gulf of Riga,Gulf of Riga transitional waters,,Gulf of Riga transitional waters,855.811191767,243360.758113,2896144600.07,23.9333|57.0542
23.8952,57.0872,1998-05-05T17:10:00Z,1.9,21,LAT-005,Latvia,Gulf of Riga,Gulf of Riga transitional waters,,Gulf of Riga transitional waters,855.811191767,243360.758113,2896144600.07,23.8952|57.0872
23.8425,57.0687,1998-05-05T17:40:00Z,1.9,21,LAT-005,Latvia,Gulf of Riga,Gulf of Riga transitional waters,,Gulf of Riga transitional waters,855.811191767,243360.758113,2896144600.07,23.8425|57.0687
23.9565,57.1243,1998-05-05T19:25:00Z,1.9,21,LAT-005,Latvia,Gulf of Riga,Gulf of Riga transitional waters,,Gulf of Riga transitional waters,855.811191767,243360.758113,2896144600.07,23.9565|57.1243
23.9833,57.1,1998-05-05T19:55:00Z,1.8,21,LAT-005,Latvia,Gulf of Riga,Gulf of Riga transitional waters,,Gulf of Riga transitional waters,855.811191767,243360.758113,2896144600.07,23.9833|57.1
24.0017,57.0833,1998-05-11T10:55:00Z,0.9,19,LAT-005,Latvia,Gulf of Riga,Gulf of Riga transitional waters,,Gulf of Riga transitional waters,855.811191767,243360.758113,2896144600.07,24.0017|57.0833
23.9833,57.1,1998-05-11T11:40:00Z,1.4,21,LAT-005,Latvia,Gulf of Riga,Gulf of Riga transitional waters,,Gulf of Riga transitional waters,855.811191767,243360.758113,2896144600.07,23.9833|57.1
23.9333,57.1667,1998-05-11T13:35:00Z,1.4,13,LAT-005,Latvia,Gulf of Riga,Gulf of Riga transitional waters,,Gulf of Riga transitional waters,855.811191767,243360.758113,2896144600.07,23.9333|57.1667
23.85,57.3,1998-05-11T14:40:00Z,2.6,9,SEA-011,Opensea,Gulf of Riga,Opensea Gulf of Riga,Gulf of Riga,Opensea Gulf of Riga,8674.48923994,954770.496399,30193177349.7,23.85|57.3
23.7667,57.4167,1998-05-11T16:55:00Z,1.9,13,SEA-011,Opensea,Gulf of Riga,Opensea Gulf of Riga,Gulf of Riga,Opensea Gulf of Riga,8674.48923994,954770.496399,30193177349.7,23.7667|57.4167
23.4833,57.4,1998-05-11T19:20:00Z,1.9,9,SEA-011,Opensea,Gulf of Riga,Opensea Gulf of Riga,Gulf of Riga,Opensea Gulf of Riga,8674.48923994,954770.496399,30193177349.7,23.4833|57.4
23.2508,57.3331,1998-05-11T20:45:00Z,2.1,9,SEA-011,Opensea,Gulf of Riga,Opensea Gulf of Riga,Gulf of Riga,Opensea Gulf of Riga,8674.48923994,954770.496399,30193177349.7,23.2508|57.3331
23.2123,57.3275,1998-05-11T21:20:00Z,2.2,9,SEA-011,Opensea,Gulf of Riga,Opensea Gulf of Riga,Gulf of Riga,Opensea Gulf of Riga,8674.48923994,954770.496399,30193177349.7,23.2123|57.3275
22.9833,57.5667,1998-05-12T07:00:00Z,2.5,9,SEA-011,Opensea,Gulf of Riga,Opensea Gulf of Riga,Gulf of Riga,Opensea Gulf of Riga,8674.48923994,954770.496399,30193177349.7,22.9833|57.5667
22.8833,57.7976,1998-05-12T09:30:00Z,3.2,13,SEA-011,Opensea,Gulf of Riga,Opensea Gulf of Riga,Gulf of Riga,Opensea Gulf of Riga,8674.48923994,954770.496399,30193177349.7,22.8833|57.7976
23.35,57.96,1998-05-12T12:05:00Z,2,9,EST-019,Estonia,Gulf of Riga,Central part of the Gulf of Riga CWB,,EE_19,1960.16337669,379661.151667,6969951504.02,23.35|57.96
23.6167,57.6167,1998-05-12T16:25:00Z,2.4,15,SEA-011,Opensea,Gulf of Riga,Opensea Gulf of Riga,Gulf of Riga,Opensea Gulf of Riga,8674.48923994,954770.496399,30193177349.7,23.6167|57.6167
24.3367,57.5933,1998-05-13T05:55:00Z,1.4,12,LAT-004,Latvia,Gulf of Riga,"Gulf of Riga stony coast, waterbodies D&F",,"Gulf of Riga stony coast, waterbodies D&F",308.69830546,436367.284109,1064792248.48,24.3367|57.5933
24.333333,57.583333,1998-05-13T06:45:00Z,1.8,19,LAT-004,Latvia,Gulf of Riga,"Gulf of Riga stony coast, waterbodies D&F",,"Gulf of Riga stony coast, waterbodies D&F",308.69830546,436367.284109,1064792248.48,24.333333|57.583333
24.1167,57.6,1998-05-13T07:40:00Z,2.1,19,SEA-011,Opensea,Gulf of Riga,Opensea Gulf of Riga,Gulf of Riga,Opensea Gulf of Riga,8674.48923994,954770.496399,30193177349.7,24.1167|57.6
24.3533,57.4483,1998-05-13T09:25:00Z,2.1,15,LAT-004,Latvia,Gulf of Riga,"Gulf of Riga stony coast, waterbodies D&F",,"Gulf of Riga stony coast, waterbodies D&F",308.69830546,436367.284109,1064792248.48,24.3533|57.4483
24.0833,57.35,1998-05-13T11:00:00Z,2,11,SEA-011,Opensea,Gulf of Riga,Opensea Gulf of Riga,Gulf of Riga,Opensea Gulf of Riga,8674.48923994,954770.496399,30193177349.7,24.0833|57.35
24.3733,57.315,1998-05-13T12:55:00Z,2.2,17,LAT-004,Latvia,Gulf of Riga,"Gulf of Riga stony coast, waterbodies D&F",,"Gulf of Riga stony coast, waterbodies D&F",308.69830546,436367.284109,1064792248.48,24.3733|57.315
24.3667,57.24,1998-05-13T14:10:00Z,2.5,9,LAT-005,Latvia,Gulf of Riga,Gulf of Riga transitional waters,,Gulf of Riga transitional waters,855.811191767,243360.758113,2896144600.07,24.3667|57.24
24.25,57.1683,1998-05-13T16:35:00Z,2.1,9,LAT-005,Latvia,Gulf of Riga,Gulf of Riga transitional waters,,Gulf of Riga transitional waters,855.811191767,243360.758113,2896144600.07,24.25|57.1683
24.097,57.0986,1998-05-13T17:10:00Z,1.9,15,LAT-005,Latvia,Gulf of Riga,Gulf of Riga transitional waters,,Gulf of Riga transitional waters,855.811191767,243360.758113,2896144600.07,24.097|57.0986
23.5255,56.9984,1998-05-18T13:20:00Z,1.8,17,,,,,,,,,,23.5255|56.9984
23.562,56.9798,1998-05-18T13:55:00Z,1.7,17,,,,,,,,,,23.562|56.9798
23.6162,56.9685,1998-05-18T14:35:00Z,1.4,17,,,,,,,,,,23.6162|56.9685
23.6897,56.9652,1998-05-18T15:25:00Z,1.6,15,LAT-005,Latvia,Gulf of Riga,Gulf of Riga transitional waters,,Gulf of Riga transitional waters,855.811191767,243360.758113,2896144600.07,23.6897|56.9652
23.7273,56.9693,1998-05-18T16:20:00Z,1.9,15,LAT-005,Latvia,Gulf of Riga,Gulf of Riga transitional waters,,Gulf of Riga transitional waters,855.811191767,243360.758113,2896144600.07,23.7273|56.9693
23.786,56.9772,1998-05-18T16:50:00Z,1.7,17,LAT-005,Latvia,Gulf of Riga,Gulf of Riga transitional waters,,Gulf of Riga transitional waters,855.811191767,243360.758113,2896144600.07,23.786|56.9772
23.829,56.9858,1998-05-18T17:15:00Z,1.8,15,LAT-005,Latvia,Gulf of Riga,Gulf of Riga transitional waters,,Gulf of Riga transitional waters,855.811191767,243360.758113,2896144600.07,23.829|56.9858
23.8785,56.9945,1998-05-18T17:40:00Z,1.7,17,LAT-005,Latvia,Gulf of Riga,Gulf of Riga transitional waters,,Gulf of Riga transitional waters,855.811191767,243360.758113,2896144600.07,23.8785|56.9945
23.85,57.3,1998-05-22T00:00:00Z,3.2,13,SEA-011,Opensea,Gulf of Riga,Opensea Gulf of Riga,Gulf of Riga,Opensea Gulf of Riga,8674.48923994,954770.496399,30193177349.7,23.85|57.3
23.1424,57.3285,1998-05-25T13:25:00Z,1.6,15,LAT-004,Latvia,Gulf of Riga,"Gulf of Riga stony coast, waterbodies D&F",,"Gulf of Riga stony coast, waterbodies D&F",308.69830546,436367.284109,1064792248.48,23.1424|57.3285
23.2029,57.2134,1998-05-25T15:05:00Z,1.4,17,,,,,,,,,,23.2029|57.2134
23.2411,57.1109,1998-05-25T18:40:00Z,1.6,17,,,,,,,,,,23.2411|57.1109
23.3679,57.0472,1998-05-25T20:05:00Z,1.1,15,,,,,,,,,,23.3679|57.0472
24.4013,57.3273,1998-05-26T11:00:00Z,1.2,21,LAT-004,Latvia,Gulf of Riga,"Gulf of Riga stony coast, waterbodies D&F",,"Gulf of Riga stony coast, waterbodies D&F",308.69830546,436367.284109,1064792248.48,24.4013|57.3273
24.405,57.3065,1998-05-26T11:20:00Z,1.1,21,LAT-004,Latvia,Gulf of Riga,"Gulf of Riga stony coast, waterbodies D&F",,"Gulf of Riga stony coast, waterbodies D&F",308.69830546,436367.284109,1064792248.48,24.405|57.3065
24.103,57.0833,1998-06-01T11:05:00Z,2.2,13,LAT-005,Latvia,Gulf of Riga,Gulf of Riga transitional waters,,Gulf of Riga transitional waters,855.811191767,243360.758113,2896144600.07,24.103|57.0833
24.1414,57.0965,1998-06-01T11:30:00Z,2,15,LAT-005,Latvia,Gulf of Riga,Gulf of Riga transitional waters,,Gulf of Riga transitional waters,855.811191767,243360.758113,2896144600.07,24.1414|57.0965
23.9647,57.0235,1998-06-01T13:40:00Z,2.2,15,LAT-005,Latvia,Gulf of Riga,Gulf of Riga transitional waters,,Gulf of Riga transitional waters,855.811191767,243360.758113,2896144600.07,23.9647|57.0235
23.829,56.9858,1998-06-01T16:35:00Z,2.3,13,LAT-005,Latvia,Gulf of Riga,Gulf of Riga transitional waters,,Gulf of Riga transitional waters,855.811191767,243360.758113,2896144600.07,23.829|56.9858
23.786,56.9772,1998-06-01T17:00:00Z,2.1,13,LAT-005,Latvia,Gulf of Riga,Gulf of Riga transitional waters,,Gulf of Riga transitional waters,855.811191767,243360.758113,2896144600.07,23.786|56.9772
23.7273,56.9693,1998-06-01T17:45:00Z,2.1,13,LAT-005,Latvia,Gulf of Riga,Gulf of Riga transitional waters,,Gulf of Riga transitional waters,855.811191767,243360.758113,2896144600.07,23.7273|56.9693
23.6897,56.9652,1998-06-01T18:05:00Z,2,15,LAT-005,Latvia,Gulf of Riga,Gulf of Riga transitional waters,,Gulf of Riga transitional waters,855.811191767,243360.758113,2896144600.07,23.6897|56.9652
23.6162,56.9685,1998-06-01T20:45:00Z,2.3,15,,,,,,,,,,23.6162|56.9685
23.562,56.9798,1998-06-01T21:15:00Z,2,15,,,,,,,,,,23.562|56.9798
23.5255,56.9984,1998-06-01T21:40:00Z,2.1,15,,,,,,,,,,23.5255|56.9984
23.3679,57.0472,1998-06-02T18:55:00Z,2,13,,,,,,,,,,23.3679|57.0472
23.2411,57.1109,1998-06-02T19:55:00Z,1.8,9,,,,,,,,,,23.2411|57.1109
24.0017,57.0833,1998-06-03T12:30:00Z,1.4,21,LAT-005,Latvia,Gulf of Riga,Gulf of Riga transitional waters,,Gulf of Riga transitional waters,855.811191767,243360.758113,2896144600.07,24.0017|57.0833
23.9833,57.1,1998-06-03T13:25:00Z,1.5,21,LAT-005,Latvia,Gulf of Riga,Gulf of Riga transitional waters,,Gulf of Riga transitional waters,855.811191767,243360.758113,2896144600.07,23.9833|57.1
23.9792,57.0737,1998-06-03T14:20:00Z,1.3,21,LAT-005,Latvia,Gulf of Riga,Gulf of Riga transitional waters,,Gulf of Riga transitional waters,855.811191767,243360.758113,2896144600.07,23.9792|57.0737
23.9683,57.0433,1998-06-03T15:10:00Z,1.8,19,LAT-005,Latvia,Gulf of Riga,Gulf of Riga transitional waters,,Gulf of Riga transitional waters,855.811191767,243360.758113,2896144600.07,23.9683|57.0433
23.92,57.025,1998-06-03T16:00:00Z,1.5,19,LAT-005,Latvia,Gulf of Riga,Gulf of Riga transitional waters,,Gulf of Riga transitional waters,855.811191767,243360.758113,2896144600.07,23.92|57.025
23.7433,56.98,1998-06-03T17:50:00Z,1.6,15,LAT-005,Latvia,Gulf of Riga,Gulf of Riga transitional waters,,Gulf of Riga transitional waters,855.811191767,243360.758113,2896144600.07,23.7433|56.98
23.705,56.9767,1998-06-03T19:05:00Z,2,15,LAT-005,Latvia,Gulf of Riga,Gulf of Riga transitional waters,,Gulf of Riga transitional waters,855.811191767,243360.758113,2896144600.07,23.705|56.9767
23.4867,57.0467,1998-06-03T20:25:00Z,2.2,13,LAT-003,Latvia,Gulf of Riga,"Gulf of Riga sandy coast, waterbodies C&E",,"Gulf of Riga sandy coast, waterbodies C&E",387.080162999,296440.220511,1327844259.75,23.4867|57.0467
23.6667,57.1667,1998-06-03T22:05:00Z,3.1,11,SEA-011,Opensea,Gulf of Riga,Opensea Gulf of Riga,Gulf of Riga,Opensea Gulf of Riga,8674.48923994,954770.496399,30193177349.7,23.6667|57.1667
23.2754,57.173,1998-06-04T05:15:00Z,2.7,11,SEA-011,Opensea,Gulf of Riga,Opensea Gulf of Riga,Gulf of Riga,Opensea Gulf of Riga,8674.48923994,954770.496399,30193177349.7,23.2754|57.173
23.2123,57.3275,1998-06-04T06:55:00Z,2.4,9,SEA-011,Opensea,Gulf of Riga,Opensea Gulf of Riga,Gulf of Riga,Opensea Gulf of Riga,8674.48923994,954770.496399,30193177349.7,23.2123|57.3275
23.4833,57.4,1998-06-04T08:35:00Z,3.6,9,SEA-011,Opensea,Gulf of Riga,Opensea Gulf of Riga,Gulf of Riga,Opensea Gulf of Riga,8674.48923994,954770.496399,30193177349.7,23.4833|57.4
23.6167,57.6167,1998-06-04T10:25:00Z,3.5,9,SEA-011,Opensea,Gulf of Riga,Opensea Gulf of Riga,Gulf of Riga,Opensea Gulf of Riga,8674.48923994,954770.496399,30193177349.7,23.6167|57.6167
23.9167,57.85,1998-06-04T15:05:00Z,3,9,SEA-011,Opensea,Gulf of Riga,Opensea Gulf of Riga,Gulf of Riga,Opensea Gulf of Riga,8674.48923994,954770.496399,30193177349.7,23.9167|57.85
24.2433,57.88,1998-06-04T16:45:00Z,2,9,SEA-011,Opensea,Gulf of Riga,Opensea Gulf of Riga,Gulf of Riga,Opensea Gulf of Riga,8674.48923994,954770.496399,30193177349.7,24.2433|57.88
24.2518,57.7633,1998-06-04T18:05:00Z,2.7,9,SEA-011,Opensea,Gulf of Riga,Opensea Gulf of Riga,Gulf of Riga,Opensea Gulf of Riga,8674.48923994,954770.496399,30193177349.7,24.2518|57.7633
24.1167,57.6,1998-06-04T19:40:00Z,2.6,9,SEA-011,Opensea,Gulf of Riga,Opensea Gulf of Riga,Gulf of Riga,Opensea Gulf of Riga,8674.48923994,954770.496399,30193177349.7,24.1167|57.6
24.3367,57.5933,1998-06-04T20:55:00Z,2.6,11,LAT-004,Latvia,Gulf of Riga,"Gulf of Riga stony coast, waterbodies D&F",,"Gulf of Riga stony coast, waterbodies D&F",308.69830546,436367.284109,1064792248.48,24.3367|57.5933
24.3533,57.4483,1998-06-04T22:20:00Z,1.9,21,LAT-004,Latvia,Gulf of Riga,"Gulf of Riga stony coast, waterbodies D&F",,"Gulf of Riga stony coast, waterbodies D&F",308.69830546,436367.284109,1064792248.48,24.3533|57.4483
23.85,57.3,1998-06-05T07:20:00Z,2.8,9,SEA-011,Opensea,Gulf of Riga,Opensea Gulf of Riga,Gulf of Riga,Opensea Gulf of Riga,8674.48923994,954770.496399,30193177349.7,23.85|57.3
24.0833,57.35,1998-06-05T09:05:00Z,2.9,9,SEA-011,Opensea,Gulf of Riga,Opensea Gulf of Riga,Gulf of Riga,Opensea Gulf of Riga,8674.48923994,954770.496399,30193177349.7,24.0833|57.35
24.3733,57.315,1998-06-05T10:45:00Z,2,21,LAT-004,Latvia,Gulf of Riga,"Gulf of Riga stony coast, waterbodies D&F",,"Gulf of Riga stony coast, waterbodies D&F",308.69830546,436367.284109,1064792248.48,24.3733|57.315
24.3667,57.24,1998-06-05T11:55:00Z,1.5,21,LAT-005,Latvia,Gulf of Riga,Gulf of Riga transitional waters,,Gulf of Riga transitional waters,855.811191767,243360.758113,2896144600.07,24.3667|57.24
24.25,57.1683,1998-06-05T13:00:00Z,1.5,19,LAT-005,Latvia,Gulf of Riga,Gulf of Riga transitional waters,,Gulf of Riga transitional waters,855.811191767,243360.758113,2896144600.07,24.25|57.1683
24.090333,57.093833,1998-06-05T14:45:00Z,1.4,21,LAT-005,Latvia,Gulf of Riga,Gulf of Riga transitional waters,,Gulf of Riga transitional waters,855.811191767,243360.758113,2896144600.07,24.090333|57.093833
24.4067,57.2627,1998-06-15T14:55:00Z,2,15,LAT-004,Latvia,Gulf of Riga,"Gulf of Riga stony coast, waterbodies D&F",,"Gulf of Riga stony coast, waterbodies D&F",308.69830546,436367.284109,1064792248.48,24.4067|57.2627
24.405,57.3065,1998-06-15T15:55:00Z,2,13,LAT-004,Latvia,Gulf of Riga,"Gulf of Riga stony coast, waterbodies D&F",,"Gulf of Riga stony coast, waterbodies D&F",308.69830546,436367.284109,1064792248.48,24.405|57.3065
24.4013,57.3273,1998-06-15T16:50:00Z,2.2,13,LAT-004,Latvia,Gulf of Riga,"Gulf of Riga stony coast, waterbodies D&F",,"Gulf of Riga stony coast, waterbodies D&F",308.69830546,436367.284109,1064792248.48,24.4013|57.3273
24.3803,57.493,1998-06-15T19:48:00Z,1.8,13,LAT-004,Latvia,Gulf of Riga,"Gulf of Riga stony coast, waterbodies D&F",,"Gulf of Riga stony coast, waterbodies D&F",308.69830546,436367.284109,1064792248.48,24.3803|57.493
24.3817,57.6263,1998-06-16T11:30:00Z,2.2,15,,,,,,,,,,24.3817|57.6263
23.85,57.3,1998-06-19T12:40:00Z,4.6,17,SEA-011,Opensea,Gulf of Riga,Opensea Gulf of Riga,Gulf of Riga,Opensea Gulf of Riga,8674.48923994,954770.496399,30193177349.7,23.85|57.3
24.0017,57.0833,1998-06-19T16:20:00Z,1.3,21,LAT-005,Latvia,Gulf of Riga,Gulf of Riga transitional waters,,Gulf of Riga transitional waters,855.811191767,243360.758113,2896144600.07,24.0017|57.0833
24.1414,57.0965,1998-07-06T11:20:00Z,1.6,19,LAT-005,Latvia,Gulf of Riga,Gulf of Riga transitional waters,,Gulf of Riga transitional waters,855.811191767,243360.758113,2896144600.07,24.1414|57.0965
24.103,57.0833,1998-07-06T11:50:00Z,1.4,21,LAT-005,Latvia,Gulf of Riga,Gulf of Riga transitional waters,,Gulf of Riga transitional waters,855.811191767,243360.758113,2896144600.07,24.103|57.0833
23.9647,57.0235,1998-07-06T13:35:00Z,1.7,19,LAT-005,Latvia,Gulf of Riga,Gulf of Riga transitional waters,,Gulf of Riga transitional waters,855.811191767,243360.758113,2896144600.07,23.9647|57.0235
23.8785,56.9945,1998-07-06T15:45:00Z,1.6,15,LAT-005,Latvia,Gulf of Riga,Gulf of Riga transitional waters,,Gulf of Riga transitional waters,855.811191767,243360.758113,2896144600.07,23.8785|56.9945
23.829,56.9858,1998-07-06T16:15:00Z,1.7,13,LAT-005,Latvia,Gulf of Riga,Gulf of Riga transitional waters,,Gulf of Riga transitional waters,855.811191767,243360.758113,2896144600.07,23.829|56.9858
23.786,56.9772,1998-07-06T16:35:00Z,1.6,15,LAT-005,Latvia,Gulf of Riga,Gulf of Riga transitional waters,,Gulf of Riga transitional waters,855.811191767,243360.758113,2896144600.07,23.786|56.9772
23.7273,56.9693,1998-07-06T17:00:00Z,1.6,15,LAT-005,Latvia,Gulf of Riga,Gulf of Riga transitional waters,,Gulf of Riga transitional waters,855.811191767,243360.758113,2896144600.07,23.7273|56.9693
23.6897,56.9652,1998-07-06T17:25:00Z,1.8,15,LAT-005,Latvia,Gulf of Riga,Gulf of Riga transitional waters,,Gulf of Riga transitional waters,855.811191767,243360.758113,2896144600.07,23.6897|56.9652
23.6162,56.9685,1998-07-06T19:15:00Z,1.8,15,,,,,,,,,,23.6162|56.9685
23.562,56.9798,1998-07-06T19:40:00Z,1.8,13,,,,,,,,,,23.562|56.9798
23.5255,56.9984,1998-07-06T20:10:00Z,1.8,11,,,,,,,,,,23.5255|56.9984
23.3679,57.0472,1998-07-07T06:45:00Z,2,11,,,,,,,,,,23.3679|57.0472
23.2411,57.1109,1998-07-07T07:50:00Z,2.1,9,,,,,,,,,,23.2411|57.1109
23.6167,57.6167,1998-07-08T05:15:00Z,3,17,SEA-011,Opensea,Gulf of Riga,Opensea Gulf of Riga,Gulf of Riga,Opensea Gulf of Riga,8674.48923994,954770.496399,30193177349.7,23.6167|57.6167
23.9167,57.85,1998-07-08T08:45:00Z,3,15,SEA-011,Opensea,Gulf of Riga,Opensea Gulf of Riga,Gulf of Riga,Opensea Gulf of Riga,8674.48923994,954770.496399,30193177349.7,23.9167|57.85
24.2433,57.88,1998-07-08T11:10:00Z,2.5,17,SEA-011,Opensea,Gulf of Riga,Opensea Gulf of Riga,Gulf of Riga,Opensea Gulf of Riga,8674.48923994,954770.496399,30193177349.7,24.2433|57.88
24.2518,57.7633,1998-07-08T12:45:00Z,2.5,17,SEA-011,Opensea,Gulf of Riga,Opensea Gulf of Riga,Gulf of Riga,Opensea Gulf of Riga,8674.48923994,954770.496399,30193177349.7,24.2518|57.7633
24.1167,57.6,1998-07-08T14:30:00Z,2.5,15,SEA-011,Opensea,Gulf of Riga,Opensea Gulf of Riga,Gulf of Riga,Opensea Gulf of Riga,8674.48923994,954770.496399,30193177349.7,24.1167|57.6
24.3367,57.5933,1998-07-08T15:40:00Z,2,19,LAT-004,Latvia,Gulf of Riga,"Gulf of Riga stony coast, waterbodies D&F",,"Gulf of Riga stony coast, waterbodies D&F",308.69830546,436367.284109,1064792248.48,24.3367|57.5933
24.3533,57.4483,1998-07-08T17:00:00Z,2,21,LAT-004,Latvia,Gulf of Riga,"Gulf of Riga stony coast, waterbodies D&F",,"Gulf of Riga stony coast, waterbodies D&F",308.69830546,436367.284109,1064792248.48,24.3533|57.4483
24.0833,57.35,1998-07-08T18:50:00Z,2.5,15,SEA-011,Opensea,Gulf of Riga,Opensea Gulf of Riga,Gulf of Riga,Opensea Gulf of Riga,8674.48923994,954770.496399,30193177349.7,24.0833|57.35
23.85,57.3,1998-07-08T20:20:00Z,2.5,13,SEA-011,Opensea,Gulf of Riga,Opensea Gulf of Riga,Gulf of Riga,Opensea Gulf of Riga,8674.48923994,954770.496399,30193177349.7,23.85|57.3
23.4833,57.4,1998-07-09T05:00:00Z,3,17,SEA-011,Opensea,Gulf of Riga,Opensea Gulf of Riga,Gulf of Riga,Opensea Gulf of Riga,8674.48923994,954770.496399,30193177349.7,23.4833|57.4
23.2123,57.3275,1998-07-09T06:40:00Z,2.5,19,SEA-011,Opensea,Gulf of Riga,Opensea Gulf of Riga,Gulf of Riga,Opensea Gulf of Riga,8674.48923994,954770.496399,30193177349.7,23.2123|57.3275
23.2754,57.173,1998-07-09T08:20:00Z,2.5,19,SEA-011,Opensea,Gulf of Riga,Opensea Gulf of Riga,Gulf of Riga,Opensea Gulf of Riga,8674.48923994,954770.496399,30193177349.7,23.2754|57.173
23.6667,57.1667,1998-07-09T10:20:00Z,2.5,17,SEA-011,Opensea,Gulf of Riga,Opensea Gulf of Riga,Gulf of Riga,Opensea Gulf of Riga,8674.48923994,954770.496399,30193177349.7,23.6667|57.1667
23.4867,57.0467,1998-07-09T11:40:00Z,2.5,13,LAT-003,Latvia,Gulf of Riga,"Gulf of Riga sandy coast, waterbodies C&E",,"Gulf of Riga sandy coast, waterbodies C&E",387.080162999,296440.220511,1327844259.75,23.4867|57.0467
23.705,56.9767,1998-07-09T12:46:00Z,2,11,LAT-005,Latvia,Gulf of Riga,Gulf of Riga transitional waters,,Gulf of Riga transitional waters,855.811191767,243360.758113,2896144600.07,23.705|56.9767
23.7433,56.98,1998-07-09T13:50:00Z,2,11,LAT-005,Latvia,Gulf of Riga,Gulf of Riga transitional waters,,Gulf of Riga transitional waters,855.811191767,243360.758113,2896144600.07,23.7433|56.98
23.92,57.025,1998-07-09T15:00:00Z,1.5,19,LAT-005,Latvia,Gulf of Riga,Gulf of Riga transitional waters,,Gulf of Riga transitional waters,855.811191767,243360.758113,2896144600.07,23.92|57.025
23.9683,57.0433,1998-07-09T15:45:00Z,2,19,LAT-005,Latvia,Gulf of Riga,Gulf of Riga transitional waters,,Gulf of Riga transitional waters,855.811191767,243360.758113,2896144600.07,23.9683|57.0433
23.9792,57.0737,1998-07-09T16:25:00Z,1.5,21,LAT-005,Latvia,Gulf of Riga,Gulf of Riga transitional waters,,Gulf of Riga transitional waters,855.811191767,243360.758113,2896144600.07,23.9792|57.0737
24.0017,57.0833,1998-07-09T17:00:00Z,1.5,21,LAT-005,Latvia,Gulf of Riga,Gulf of Riga transitional waters,,Gulf of Riga transitional waters,855.811191767,243360.758113,2896144600.07,24.0017|57.0833
23.9833,57.1,1998-07-09T17:50:00Z,1.5,21,LAT-005,Latvia,Gulf of Riga,Gulf of Riga transitional waters,,Gulf of Riga transitional waters,855.811191767,243360.758113,2896144600.07,23.9833|57.1
24.048666,57.1165,1998-07-09T18:30:00Z,1.5,17,LAT-005,Latvia,Gulf of Riga,Gulf of Riga transitional waters,,Gulf of Riga transitional waters,855.811191767,243360.758113,2896144600.07,24.048666|57.1165
24.097,57.0986,1998-07-09T19:05:00Z,1.5,19,LAT-005,Latvia,Gulf of Riga,Gulf of Riga transitional waters,,Gulf of Riga transitional waters,855.811191767,243360.758113,2896144600.07,24.097|57.0986
24.25,57.1683,1998-07-09T20:25:00Z,1.5,19,LAT-005,Latvia,Gulf of Riga,Gulf of Riga transitional waters,,Gulf of Riga transitional waters,855.811191767,243360.758113,2896144600.07,24.25|57.1683
24.3667,57.24,1998-07-09T21:40:00Z,1.5,19,LAT-005,Latvia,Gulf of Riga,Gulf of Riga transitional waters,,Gulf of Riga transitional waters,855.811191767,243360.758113,2896144600.07,24.3667|57.24
24.3733,57.315,1998-07-10T05:35:00Z,1.5,19,LAT-004,Latvia,Gulf of Riga,"Gulf of Riga stony coast, waterbodies D&F",,"Gulf of Riga stony coast, waterbodies D&F",308.69830546,436367.284109,1064792248.48,24.3733|57.315
23.85,57.3,1998-07-23T13:00:00Z,2.6,11,SEA-011,Opensea,Gulf of Riga,Opensea Gulf of Riga,Gulf of Riga,Opensea Gulf of Riga,8674.48923994,954770.496399,30193177349.7,23.85|57.3
24.0017,57.0833,1998-07-23T16:10:00Z,1.6,17,LAT-005,Latvia,Gulf of Riga,Gulf of Riga transitional waters,,Gulf of Riga transitional waters,855.811191767,243360.758113,2896144600.07,24.0017|57.0833
24.394,57.2462,1998-07-27T12:25:00Z,0.8,21,LAT-005,Latvia,Gulf of Riga,Gulf of Riga transitional waters,,Gulf of Riga transitional waters,855.811191767,243360.758113,2896144600.07,24.394|57.2462
24.4067,57.2627,1998-07-27T12:50:00Z,0.9,21,LAT-004,Latvia,Gulf of Riga,"Gulf of Riga stony coast, waterbodies D&F",,"Gulf of Riga stony coast, waterbodies D&F",308.69830546,436367.284109,1064792248.48,24.4067|57.2627
24.405,57.3065,1998-07-27T14:05:00Z,0.8,21,LAT-004,Latvia,Gulf of Riga,"Gulf of Riga stony coast, waterbodies D&F",,"Gulf of Riga stony coast, waterbodies D&F",308.69830546,436367.284109,1064792248.48,24.405|57.3065
24.4013,57.3273,1998-07-27T14:25:00Z,0.9,21,LAT-004,Latvia,Gulf of Riga,"Gulf of Riga stony coast, waterbodies D&F",,"Gulf of Riga stony coast, waterbodies D&F",308.69830546,436367.284109,1064792248.48,24.4013|57.3273
24.3803,57.493,1998-07-27T16:15:00Z,1,19,LAT-004,Latvia,Gulf of Riga,"Gulf of Riga stony coast, waterbodies D&F",,"Gulf of Riga stony coast, waterbodies D&F",308.69830546,436367.284109,1064792248.48,24.3803|57.493
24.3817,57.6263,1998-07-27T17:10:00Z,1.4,15,,,,,,,,,,24.3817|57.6263
24.3473,57.8698,1998-07-27T19:25:00Z,0.9,15,LAT-004,Latvia,Gulf of Riga,"Gulf of Riga stony coast, waterbodies D&F",,"Gulf of Riga stony coast, waterbodies D&F",308.69830546,436367.284109,1064792248.48,24.3473|57.8698
24.3417,57.7647,1998-07-28T08:10:00Z,1.4,17,LAT-004,Latvia,Gulf of Riga,"Gulf of Riga stony coast, waterbodies D&F",,"Gulf of Riga stony coast, waterbodies D&F",308.69830546,436367.284109,1064792248.48,24.3417|57.7647
24.3393,57.7438,1998-07-28T08:35:00Z,1.2,15,LAT-004,Latvia,Gulf of Riga,"Gulf of Riga stony coast, waterbodies D&F",,"Gulf of Riga stony coast, waterbodies D&F",308.69830546,436367.284109,1064792248.48,24.3393|57.7438
24.1414,57.0965,1998-08-03T13:30:00Z,1.9,17,LAT-005,Latvia,Gulf of Riga,Gulf of Riga transitional waters,,Gulf of Riga transitional waters,855.811191767,243360.758113,2896144600.07,24.1414|57.0965
24.103,57.0833,1998-08-03T14:10:00Z,1.8,17,LAT-005,Latvia,Gulf of Riga,Gulf of Riga transitional waters,,Gulf of Riga transitional waters,855.811191767,243360.758113,2896144600.07,24.103|57.0833
23.9647,57.0235,1998-08-03T16:10:00Z,1.8,21,LAT-005,Latvia,Gulf of Riga,Gulf of Riga transitional waters,,Gulf of Riga transitional waters,855.811191767,243360.758113,2896144600.07,23.9647|57.0235
23.8785,56.9945,1998-08-03T18:15:00Z,2,19,LAT-005,Latvia,Gulf of Riga,Gulf of Riga transitional waters,,Gulf of Riga transitional waters,855.811191767,243360.758113,2896144600.07,23.8785|56.9945
23.829,56.9858,1998-08-03T18:40:00Z,1.8,17,LAT-005,Latvia,Gulf of Riga,Gulf of Riga transitional waters,,Gulf of Riga transitional waters,855.811191767,243360.758113,2896144600.07,23.829|56.9858
23.786,56.9772,1998-08-03T19:10:00Z,1.5,15,LAT-005,Latvia,Gulf of Riga,Gulf of Riga transitional waters,,Gulf of Riga transitional waters,855.811191767,243360.758113,2896144600.07,23.786|56.9772
23.7273,56.9693,1998-08-03T19:35:00Z,1.6,15,LAT-005,Latvia,Gulf of Riga,Gulf of Riga transitional waters,,Gulf of Riga transitional waters,855.811191767,243360.758113,2896144600.07,23.7273|56.9693
23.6897,56.9652,1998-08-03T20:05:00Z,1.9,15,LAT-005,Latvia,Gulf of Riga,Gulf of Riga transitional waters,,Gulf of Riga transitional waters,855.811191767,243360.758113,2896144600.07,23.6897|56.9652
23.1424,57.3285,1998-08-04T06:25:00Z,1.7,15,LAT-004,Latvia,Gulf of Riga,"Gulf of Riga stony coast, waterbodies D&F",,"Gulf of Riga stony coast, waterbodies D&F",308.69830546,436367.284109,1064792248.48,23.1424|57.3285
23.2029,57.2134,1998-08-04T08:25:00Z,1.8,15,,,,,,,,,,23.2029|57.2134
23.2411,57.1109,1998-08-04T09:35:00Z,1.8,13,,,,,,,,,,23.2411|57.1109
23.3679,57.0472,1998-08-04T10:50:00Z,1.5,15,,,,,,,,,,23.3679|57.0472
24.0017,57.0833,1998-08-04T20:20:00Z,1.4,21,LAT-005,Latvia,Gulf of Riga,Gulf of Riga transitional waters,,Gulf of Riga transitional waters,855.811191767,243360.758113,2896144600.07,24.0017|57.0833
23.9792,57.0737,1998-08-04T21:50:00Z,1.1,21,LAT-005,Latvia,Gulf of Riga,Gulf of Riga transitional waters,,Gulf of Riga transitional waters,855.811191767,243360.758113,2896144600.07,23.9792|57.0737
23.9833,57.1,1998-08-05T06:00:00Z,1.4,21,LAT-005,Latvia,Gulf of Riga,Gulf of Riga transitional waters,,Gulf of Riga transitional waters,855.811191767,243360.758113,2896144600.07,23.9833|57.1
23.9333,57.1667,1998-08-05T07:30:00Z,2.6,13,LAT-005,Latvia,Gulf of Riga,Gulf of Riga transitional waters,,Gulf of Riga transitional waters,855.811191767,243360.758113,2896144600.07,23.9333|57.1667
23.9683,57.0433,1998-08-05T09:05:00Z,1.6,19,LAT-005,Latvia,Gulf of Riga,Gulf of Riga transitional waters,,Gulf of Riga transitional waters,855.811191767,243360.758113,2896144600.07,23.9683|57.0433
23.92,57.025,1998-08-05T10:15:00Z,1.7,19,LAT-005,Latvia,Gulf of Riga,Gulf of Riga transitional waters,,Gulf of Riga transitional waters,855.811191767,243360.758113,2896144600.07,23.92|57.025
23.7433,56.98,1998-08-05T12:00:00Z,2,21,LAT-005,Latvia,Gulf of Riga,Gulf of Riga transitional waters,,Gulf of Riga transitional waters,855.811191767,243360.758113,2896144600.07,23.7433|56.98
23.750499,57.082999,1998-08-05T13:15:00Z,2.2,15,LAT-005,Latvia,Gulf of Riga,Gulf of Riga transitional waters,,Gulf of Riga transitional waters,855.811191767,243360.758113,2896144600.07,23.750499|57.082999
23.6667,57.1667,1998-08-05T14:35:00Z,2.4,9,SEA-011,Opensea,Gulf of Riga,Opensea Gulf of Riga,Gulf of Riga,Opensea Gulf of Riga,8674.48923994,954770.496399,30193177349.7,23.6667|57.1667
23.705,56.9767,1998-08-05T16:50:00Z,1.8,19,LAT-005,Latvia,Gulf of Riga,Gulf of Riga transitional waters,,Gulf of Riga transitional waters,855.811191767,243360.758113,2896144600.07,23.705|56.9767
23.4867,57.0467,1998-08-05T17:55:00Z,1.9,15,LAT-003,Latvia,Gulf of Riga,"Gulf of Riga sandy coast, waterbodies C&E",,"Gulf of Riga sandy coast, waterbodies C&E",387.080162999,296440.220511,1327844259.75,23.4867|57.0467
23.5098,57.0553,1998-08-05T18:40:00Z,2.2,15,LAT-003,Latvia,Gulf of Riga,"Gulf of Riga sandy coast, waterbodies C&E",,"Gulf of Riga sandy coast, waterbodies C&E",387.080162999,296440.220511,1327844259.75,23.5098|57.0553
23.2754,57.173,1998-08-05T20:15:00Z,2.4,15,SEA-011,Opensea,Gulf of Riga,Opensea Gulf of Riga,Gulf of Riga,Opensea Gulf of Riga,8674.48923994,954770.496399,30193177349.7,23.2754|57.173
23.2123,57.3275,1998-08-05T21:35:00Z,1.9,13,SEA-011,Opensea,Gulf of Riga,Opensea Gulf of Riga,Gulf of Riga,Opensea Gulf of Riga,8674.48923994,954770.496399,30193177349.7,23.2123|57.3275
23.4833,57.4,1998-08-06T06:00:00Z,2.9,11,SEA-011,Opensea,Gulf of Riga,Opensea Gulf of Riga,Gulf of Riga,Opensea Gulf of Riga,8674.48923994,954770.496399,30193177349.7,23.4833|57.4
22.9833,57.5667,1998-08-06T09:20:00Z,3.6,9,SEA-011,Opensea,Gulf of Riga,Opensea Gulf of Riga,Gulf of Riga,Opensea Gulf of Riga,8674.48923994,954770.496399,30193177349.7,22.9833|57.5667
22.8833,57.7976,1998-08-06T12:40:00Z,2.6,9,SEA-011,Opensea,Gulf of Riga,Opensea Gulf of Riga,Gulf of Riga,Opensea Gulf of Riga,8674.48923994,954770.496399,30193177349.7,22.8833|57.7976
23.35,57.96,1998-08-06T15:20:00Z,2.6,9,EST-019,Estonia,Gulf of Riga,Central part of the Gulf of Riga CWB,,EE_19,1960.16337669,379661.151667,6969951504.02,23.35|57.96
23.6167,57.6167,1998-08-06T19:45:00Z,2.1,9,SEA-011,Opensea,Gulf of Riga,Opensea Gulf of Riga,Gulf of Riga,Opensea Gulf of Riga,8674.48923994,954770.496399,30193177349.7,23.6167|57.6167
24.1167,57.6,1998-08-07T06:00:00Z,2.4,13,SEA-011,Opensea,Gulf of Riga,Opensea Gulf of Riga,Gulf of Riga,Opensea Gulf of Riga,8674.48923994,954770.496399,30193177349.7,24.1167|57.6
24.3367,57.5933,1998-08-07T08:00:00Z,2,15,LAT-004,Latvia,Gulf of Riga,"Gulf of Riga stony coast, waterbodies D&F",,"Gulf of Riga stony coast, waterbodies D&F",308.69830546,436367.284109,1064792248.48,24.3367|57.5933
24.3533,57.4483,1998-08-07T09:50:00Z,1.9,19,LAT-004,Latvia,Gulf of Riga,"Gulf of Riga stony coast, waterbodies D&F",,"Gulf of Riga stony coast, waterbodies D&F",308.69830546,436367.284109,1064792248.48,24.3533|57.4483
24.3733,57.315,1998-08-07T11:40:00Z,1.8,21,LAT-004,Latvia,Gulf of Riga,"Gulf of Riga stony coast, waterbodies D&F",,"Gulf of Riga stony coast, waterbodies D&F",308.69830546,436367.284109,1064792248.48,24.3733|57.315
24.0833,57.35,1998-08-07T13:25:00Z,2.9,9,SEA-011,Opensea,Gulf of Riga,Opensea Gulf of Riga,Gulf of Riga,Opensea Gulf of Riga,8674.48923994,954770.496399,30193177349.7,24.0833|57.35
23.85,57.3,1998-08-07T15:40:00Z,3.2,11,SEA-011,Opensea,Gulf of Riga,Opensea Gulf of Riga,Gulf of Riga,Opensea Gulf of Riga,8674.48923994,954770.496399,30193177349.7,23.85|57.3
24.3667,57.24,1998-08-07T20:35:00Z,1.6,21,LAT-005,Latvia,Gulf of Riga,Gulf of Riga transitional waters,,Gulf of Riga transitional waters,855.811191767,243360.758113,2896144600.07,24.3667|57.24
24.215333,57.183666,1998-08-08T05:40:00Z,3.2,13,LAT-005,Latvia,Gulf of Riga,Gulf of Riga transitional waters,,Gulf of Riga transitional waters,855.811191767,243360.758113,2896144600.07,24.215333|57.183666
24.25,57.1683,1998-08-08T18:20:00Z,1.6,21,LAT-005,Latvia,Gulf of Riga,Gulf of Riga transitional waters,,Gulf of Riga transitional waters,855.811191767,243360.758113,2896144600.07,24.25|57.1683
24.097,57.0986,1998-08-08T21:15:00Z,1.7,21,LAT-005,Latvia,Gulf of Riga,Gulf of Riga transitional waters,,Gulf of Riga transitional waters,855.811191767,243360.758113,2896144600.07,24.097|57.0986
24.394,57.2462,1998-08-17T13:50:00Z,1,21,LAT-005,Latvia,Gulf of Riga,Gulf of Riga transitional waters,,Gulf of Riga transitional waters,855.811191767,243360.758113,2896144600.07,24.394|57.2462
24.4067,57.2627,1998-08-17T14:10:00Z,0.9,21,LAT-004,Latvia,Gulf of Riga,"Gulf of Riga stony coast, waterbodies D&F",,"Gulf of Riga stony coast, waterbodies D&F",308.69830546,436367.284109,1064792248.48,24.4067|57.2627
24.405,57.3065,1998-08-17T14:50:00Z,0.9,19,LAT-004,Latvia,Gulf of Riga,"Gulf of Riga stony coast, waterbodies D&F",,"Gulf of Riga stony coast, waterbodies D&F",308.69830546,436367.284109,1064792248.48,24.405|57.3065
24.4013,57.3273,1998-08-17T15:05:00Z,0.5,19,LAT-004,Latvia,Gulf of Riga,"Gulf of Riga stony coast, waterbodies D&F",,"Gulf of Riga stony coast, waterbodies D&F",308.69830546,436367.284109,1064792248.48,24.4013|57.3273
24.3803,57.493,1998-08-17T16:35:00Z,1.4,15,LAT-004,Latvia,Gulf of Riga,"Gulf of Riga stony coast, waterbodies D&F",,"Gulf of Riga stony coast, waterbodies D&F",308.69830546,436367.284109,1064792248.48,24.3803|57.493
24.3817,57.6263,1998-08-17T17:35:00Z,1.7,15,,,,,,,,,,24.3817|57.6263
24.3473,57.8698,1998-08-17T19:10:00Z,0.9,15,LAT-004,Latvia,Gulf of Riga,"Gulf of Riga stony coast, waterbodies D&F",,"Gulf of Riga stony coast, waterbodies D&F",308.69830546,436367.284109,1064792248.48,24.3473|57.8698
24.3417,57.7647,1998-08-18T08:55:00Z,1.4,21,LAT-004,Latvia,Gulf of Riga,"Gulf of Riga stony coast, waterbodies D&F",,"Gulf of Riga stony coast, waterbodies D&F",308.69830546,436367.284109,1064792248.48,24.3417|57.7647
24.3393,57.7438,1998-08-18T09:25:00Z,1.6,21,LAT-004,Latvia,Gulf of Riga,"Gulf of Riga stony coast, waterbodies D&F",,"Gulf of Riga stony coast, waterbodies D&F",308.69830546,436367.284109,1064792248.48,24.3393|57.7438
23.85,57.3,1998-08-24T12:38:00Z,2.7,14,SEA-011,Opensea,Gulf of Riga,Opensea Gulf of Riga,Gulf of Riga,Opensea Gulf of Riga,8674.48923994,954770.496399,30193177349.7,23.85|57.3
24.0017,57.0833,1998-08-24T15:40:00Z,1.4,21,LAT-005,Latvia,Gulf of Riga,Gulf of Riga transitional waters,,Gulf of Riga transitional waters,855.811191767,243360.758113,2896144600.07,24.0017|57.0833
24.1414,57.0965,1998-09-07T12:10:00Z,2,15,LAT-005,Latvia,Gulf of Riga,Gulf of Riga transitional waters,,Gulf of Riga transitional waters,855.811191767,243360.758113,2896144600.07,24.1414|57.0965
24.103,57.0833,1998-09-07T12:40:00Z,2.2,15,LAT-005,Latvia,Gulf of Riga,Gulf of Riga transitional waters,,Gulf of Riga transitional waters,855.811191767,243360.758113,2896144600.07,24.103|57.0833
23.9647,57.0235,1998-09-07T14:20:00Z,1.8,15,LAT-005,Latvia,Gulf of Riga,Gulf of Riga transitional waters,,Gulf of Riga transitional waters,855.811191767,243360.758113,2896144600.07,23.9647|57.0235
23.8785,56.9945,1998-09-07T16:25:00Z,1.7,15,LAT-005,Latvia,Gulf of Riga,Gulf of Riga transitional waters,,Gulf of Riga transitional waters,855.811191767,243360.758113,2896144600.07,23.8785|56.9945
23.829,56.9858,1998-09-07T16:50:00Z,1.9,13,LAT-005,Latvia,Gulf of Riga,Gulf of Riga transitional waters,,Gulf of Riga transitional waters,855.811191767,243360.758113,2896144600.07,23.829|56.9858
23.786,56.9772,1998-09-07T17:10:00Z,2.1,13,LAT-005,Latvia,Gulf of Riga,Gulf of Riga transitional waters,,Gulf of Riga transitional waters,855.811191767,243360.758113,2896144600.07,23.786|56.9772
23.7273,56.9693,1998-09-07T17:30:00Z,2.5,13,LAT-005,Latvia,Gulf of Riga,Gulf of Riga transitional waters,,Gulf of Riga transitional waters,855.811191767,243360.758113,2896144600.07,23.7273|56.9693
23.6897,56.9652,1998-09-07T17:50:00Z,2.2,11,LAT-005,Latvia,Gulf of Riga,Gulf of Riga transitional waters,,Gulf of Riga transitional waters,855.811191767,243360.758113,2896144600.07,23.6897|56.9652
23.6162,56.9685,1998-09-07T18:55:00Z,2.1,11,,,,,,,,,,23.6162|56.9685
23.562,56.9798,1998-09-07T19:25:00Z,1.95,9,,,,,,,,,,23.562|56.9798
23.5255,56.9984,1998-09-07T19:45:00Z,2.1,11,,,,,,,,,,23.5255|56.9984
23.1424,57.3285,1998-09-08T08:05:00Z,2,13,LAT-004,Latvia,Gulf of Riga,"Gulf of Riga stony coast, waterbodies D&F",,"Gulf of Riga stony coast, waterbodies D&F",308.69830546,436367.284109,1064792248.48,23.1424|57.3285
23.2029,57.2134,1998-09-08T09:25:00Z,1.9,11,,,,,,,,,,23.2029|57.2134
23.2411,57.1109,1998-09-08T10:20:00Z,2,9,,,,,,,,,,23.2411|57.1109
23.3679,57.0472,1998-09-08T00:00:00Z,2.3,11,,,,,,,,,,23.3679|57.0472
24.0017,57.0833,1998-09-09T07:15:00Z,1.9,21,LAT-005,Latvia,Gulf of Riga,Gulf of Riga transitional waters,,Gulf of Riga transitional waters,855.811191767,243360.758113,2896144600.07,24.0017|57.0833
23.9833,57.1,1998-09-09T08:08:00Z,1.9,21,LAT-005,Latvia,Gulf of Riga,Gulf of Riga transitional waters,,Gulf of Riga transitional waters,855.811191767,243360.758113,2896144600.07,23.9833|57.1
23.9792,57.0737,1998-09-09T09:50:00Z,2,16,LAT-005,Latvia,Gulf of Riga,Gulf of Riga transitional waters,,Gulf of Riga transitional waters,855.811191767,243360.758113,2896144600.07,23.9792|57.0737
23.92,57.025,1998-09-09T10:55:00Z,2,13,LAT-005,Latvia,Gulf of Riga,Gulf of Riga transitional waters,,Gulf of Riga transitional waters,855.811191767,243360.758113,2896144600.07,23.92|57.025
23.7433,56.98,1998-09-09T12:10:00Z,2.9,11,LAT-005,Latvia,Gulf of Riga,Gulf of Riga transitional waters,,Gulf of Riga transitional waters,855.811191767,243360.758113,2896144600.07,23.7433|56.98
23.705,56.9767,1998-09-09T13:30:00Z,2.9,11,LAT-005,Latvia,Gulf of Riga,Gulf of Riga transitional waters,,Gulf of Riga transitional waters,855.811191767,243360.758113,2896144600.07,23.705|56.9767
23.6667,57.1667,1998-09-09T15:10:00Z,3.2,11,SEA-011,Opensea,Gulf of Riga,Opensea Gulf of Riga,Gulf of Riga,Opensea Gulf of Riga,8674.48923994,954770.496399,30193177349.7,23.6667|57.1667
23.85,57.3,1998-09-09T17:00:00Z,3,11,SEA-011,Opensea,Gulf of Riga,Opensea Gulf of Riga,Gulf of Riga,Opensea Gulf of Riga,8674.48923994,954770.496399,30193177349.7,23.85|57.3
23.4833,57.4,1998-09-09T20:35:00Z,3,11,SEA-011,Opensea,Gulf of Riga,Opensea Gulf of Riga,Gulf of Riga,Opensea Gulf of Riga,8674.48923994,954770.496399,30193177349.7,23.4833|57.4
23.2123,57.3275,1998-09-10T06:15:00Z,3,11,SEA-011,Opensea,Gulf of Riga,Opensea Gulf of Riga,Gulf of Riga,Opensea Gulf of Riga,8674.48923994,954770.496399,30193177349.7,23.2123|57.3275
23.2754,57.173,1998-09-10T08:15:00Z,3.9,10,SEA-011,Opensea,Gulf of Riga,Opensea Gulf of Riga,Gulf of Riga,Opensea Gulf of Riga,8674.48923994,954770.496399,30193177349.7,23.2754|57.173
23.4867,57.0467,1998-09-10T10:00:00Z,3.6,10,LAT-003,Latvia,Gulf of Riga,"Gulf of Riga sandy coast, waterbodies C&E",,"Gulf of Riga sandy coast, waterbodies C&E",387.080162999,296440.220511,1327844259.75,23.4867|57.0467
23.921666,57.026,1998-09-10T12:15:00Z,2.3,19,LAT-005,Latvia,Gulf of Riga,Gulf of Riga transitional waters,,Gulf of Riga transitional waters,855.811191767,243360.758113,2896144600.07,23.921666|57.026
23.9333,57.1667,1998-09-10T15:25:00Z,4.3,10,LAT-005,Latvia,Gulf of Riga,Gulf of Riga transitional waters,,Gulf of Riga transitional waters,855.811191767,243360.758113,2896144600.07,23.9333|57.1667
24.009833,57.084166,1998-09-10T16:20:00Z,1.8,21,LAT-005,Latvia,Gulf of Riga,Gulf of Riga transitional waters,,Gulf of Riga transitional waters,855.811191767,243360.758113,2896144600.07,24.009833|57.084166
24.25,57.1683,1998-09-10T17:10:00Z,3,11,LAT-005,Latvia,Gulf of Riga,Gulf of Riga transitional waters,,Gulf of Riga transitional waters,855.811191767,243360.758113,2896144600.07,24.25|57.1683
23.6167,57.6167,1998-09-11T06:40:00Z,4.6,10,SEA-011,Opensea,Gulf of Riga,Opensea Gulf of Riga,Gulf of Riga,Opensea Gulf of Riga,8674.48923994,954770.496399,30193177349.7,23.6167|57.6167
24.1167,57.6,1998-09-11T10:45:00Z,4.5,11,SEA-011,Opensea,Gulf of Riga,Opensea Gulf of Riga,Gulf of Riga,Opensea Gulf of Riga,8674.48923994,954770.496399,30193177349.7,24.1167|57.6
24.3367,57.5933,1998-09-11T12:10:00Z,3.2,12,LAT-004,Latvia,Gulf of Riga,"Gulf of Riga stony coast, waterbodies D&F",,"Gulf of Riga stony coast, waterbodies D&F",308.69830546,436367.284109,1064792248.48,24.3367|57.5933
24.3533,57.4483,1998-09-11T13:40:00Z,3.4,11,LAT-004,Latvia,Gulf of Riga,"Gulf of Riga stony coast, waterbodies D&F",,"Gulf of Riga stony coast, waterbodies D&F",308.69830546,436367.284109,1064792248.48,24.3533|57.4483
24.3733,57.315,1998-09-11T15:10:00Z,3.5,11,LAT-004,Latvia,Gulf of Riga,"Gulf of Riga stony coast, waterbodies D&F",,"Gulf of Riga stony coast, waterbodies D&F",308.69830546,436367.284109,1064792248.48,24.3733|57.315
24.3667,57.24,1998-09-11T16:10:00Z,3.3,11,LAT-005,Latvia,Gulf of Riga,Gulf of Riga transitional waters,,Gulf of Riga transitional waters,855.811191767,243360.758113,2896144600.07,24.3667|57.24
24.394,57.2462,1998-09-14T11:15:00Z,2,9,LAT-005,Latvia,Gulf of Riga,Gulf of Riga transitional waters,,Gulf of Riga transitional waters,855.811191767,243360.758113,2896144600.07,24.394|57.2462
24.4067,57.2627,1998-09-14T14:30:00Z,1.9,9,LAT-004,Latvia,Gulf of Riga,"Gulf of Riga stony coast, waterbodies D&F",,"Gulf of Riga stony coast, waterbodies D&F",308.69830546,436367.284109,1064792248.48,24.4067|57.2627
24.405,57.3065,1998-09-14T15:05:00Z,2.1,9,LAT-004,Latvia,Gulf of Riga,"Gulf of Riga stony coast, waterbodies D&F",,"Gulf of Riga stony coast, waterbodies D&F",308.69830546,436367.284109,1064792248.48,24.405|57.3065
24.4013,57.3273,1998-09-14T15:25:00Z,2.2,9,LAT-004,Latvia,Gulf of Riga,"Gulf of Riga stony coast, waterbodies D&F",,"Gulf of Riga stony coast, waterbodies D&F",308.69830546,436367.284109,1064792248.48,24.4013|57.3273
24.3803,57.493,1998-09-14T17:10:00Z,2,13,LAT-004,Latvia,Gulf of Riga,"Gulf of Riga stony coast, waterbodies D&F",,"Gulf of Riga stony coast, waterbodies D&F",308.69830546,436367.284109,1064792248.48,24.3803|57.493
24.3417,57.7647,1998-09-14T18:45:00Z,1.9,15,LAT-004,Latvia,Gulf of Riga,"Gulf of Riga stony coast, waterbodies D&F",,"Gulf of Riga stony coast, waterbodies D&F",308.69830546,436367.284109,1064792248.48,24.3417|57.7647
24.2518,57.7633,1998-09-14T19:20:00Z,3.6,11,SEA-011,Opensea,Gulf of Riga,Opensea Gulf of Riga,Gulf of Riga,Opensea Gulf of Riga,8674.48923994,954770.496399,30193177349.7,24.2518|57.7633
24.3393,57.7438,1998-09-14T19:55:00Z,2,15,LAT-004,Latvia,Gulf of Riga,"Gulf of Riga stony coast, waterbodies D&F",,"Gulf of Riga stony coast, waterbodies D&F",308.69830546,436367.284109,1064792248.48,24.3393|57.7438
24.2433,57.88,1998-09-15T08:35:00Z,3.6,9,SEA-011,Opensea,Gulf of Riga,Opensea Gulf of Riga,Gulf of Riga,Opensea Gulf of Riga,8674.48923994,954770.496399,30193177349.7,24.2433|57.88
24.3473,57.8698,1998-09-15T09:25:00Z,1.5,13,LAT-004,Latvia,Gulf of Riga,"Gulf of Riga stony coast, waterbodies D&F",,"Gulf of Riga stony coast, waterbodies D&F",308.69830546,436367.284109,1064792248.48,24.3473|57.8698
24.3817,57.6263,1998-09-15T11:05:00Z,1.9,11,,,,,,,,,,24.3817|57.6263
23.85,57.3,1998-09-22T11:50:00Z,3.8,11,SEA-011,Opensea,Gulf of Riga,Opensea Gulf of Riga,Gulf of Riga,Opensea Gulf of Riga,8674.48923994,954770.496399,30193177349.7,23.85|57.3
24.0017,57.0833,1998-09-22T14:40:00Z,2.1,21,LAT-005,Latvia,Gulf of Riga,Gulf of Riga transitional waters,,Gulf of Riga transitional waters,855.811191767,243360.758113,2896144600.07,24.0017|57.0833
24.0017,57.0833,1998-10-13T11:00:00Z,1.8,21,LAT-005,Latvia,Gulf of Riga,Gulf of Riga transitional waters,,Gulf of Riga transitional waters,855.811191767,243360.758113,2896144600.07,24.0017|57.0833
23.9792,57.0737,1998-10-13T12:10:00Z,1.8,21,LAT-005,Latvia,Gulf of Riga,Gulf of Riga transitional waters,,Gulf of Riga transitional waters,855.811191767,243360.758113,2896144600.07,23.9792|57.0737
23.9891,57.0922,1998-10-13T12:20:00Z,2,21,LAT-005,Latvia,Gulf of Riga,Gulf of Riga transitional waters,,Gulf of Riga transitional waters,855.811191767,243360.758113,2896144600.07,23.9891|57.0922
23.9833,57.1,1998-10-13T12:50:00Z,2,21,LAT-005,Latvia,Gulf of Riga,Gulf of Riga transitional waters,,Gulf of Riga transitional waters,855.811191767,243360.758113,2896144600.07,23.9833|57.1
24.0527,57.1107,1998-10-13T13:55:00Z,2.3,19,LAT-005,Latvia,Gulf of Riga,Gulf of Riga transitional waters,,Gulf of Riga transitional waters,855.811191767,243360.758113,2896144600.07,24.0527|57.1107
24.25,57.1683,1998-10-13T15:10:00Z,2.8,17,LAT-005,Latvia,Gulf of Riga,Gulf of Riga transitional waters,,Gulf of Riga transitional waters,855.811191767,243360.758113,2896144600.07,24.25|57.1683
24.3667,57.24,1998-10-13T16:35:00Z,2.9,15,LAT-005,Latvia,Gulf of Riga,Gulf of Riga transitional waters,,Gulf of Riga transitional waters,855.811191767,243360.758113,2896144600.07,24.3667|57.24
24.3733,57.315,1998-10-13T17:45:00Z,2.8,13,LAT-004,Latvia,Gulf of Riga,"Gulf of Riga stony coast, waterbodies D&F",,"Gulf of Riga stony coast, waterbodies D&F",308.69830546,436367.284109,1064792248.48,24.3733|57.315
23.6167,57.6167,1998-10-14T07:30:00Z,4.9,13,SEA-011,Opensea,Gulf of Riga,Opensea Gulf of Riga,Gulf of Riga,Opensea Gulf of Riga,8674.48923994,954770.496399,30193177349.7,23.6167|57.6167
23.4833,57.4,1998-10-14T11:25:00Z,3.8,11,SEA-011,Opensea,Gulf of Riga,Opensea Gulf of Riga,Gulf of Riga,Opensea Gulf of Riga,8674.48923994,954770.496399,30193177349.7,23.4833|57.4
23.85,57.3,1998-10-14T15:20:00Z,4.5,9,SEA-011,Opensea,Gulf of Riga,Opensea Gulf of Riga,Gulf of Riga,Opensea Gulf of Riga,8674.48923994,954770.496399,30193177349.7,23.85|57.3
23.6667,57.1667,1998-10-14T18:35:00Z,3.4,9,SEA-011,Opensea,Gulf of Riga,Opensea Gulf of Riga,Gulf of Riga,Opensea Gulf of Riga,8674.48923994,954770.496399,30193177349.7,23.6667|57.1667
23.7433,56.98,1998-10-15T08:05:00Z,3.4,13,LAT-005,Latvia,Gulf of Riga,Gulf of Riga transitional waters,,Gulf of Riga transitional waters,855.811191767,243360.758113,2896144600.07,23.7433|56.98
23.92,57.025,1998-10-15T09:05:00Z,3.1,9,LAT-005,Latvia,Gulf of Riga,Gulf of Riga transitional waters,,Gulf of Riga transitional waters,855.811191767,243360.758113,2896144600.07,23.92|57.025
23.85,57.3,1998-10-27T13:00:00Z,5,9,SEA-011,Opensea,Gulf of Riga,Opensea Gulf of Riga,Gulf of Riga,Opensea Gulf of Riga,8674.48923994,954770.496399,30193177349.7,23.85|57.3
24.0017,57.0833,1998-10-27T16:20:00Z,1.5,19,LAT-005,Latvia,Gulf of Riga,Gulf of Riga transitional waters,,Gulf of Riga transitional waters,855.811191767,243360.758113,2896144600.07,24.0017|57.0833
24.0017,57.0833,1998-11-12T11:05:00Z,1.4,21,LAT-005,Latvia,Gulf of Riga,Gulf of Riga transitional waters,,Gulf of Riga transitional waters,855.811191767,243360.758113,2896144600.07,24.0017|57.0833
23.9833,57.1,1998-11-12T12:10:00Z,1.6,19,LAT-005,Latvia,Gulf of Riga,Gulf of Riga transitional waters,,Gulf of Riga transitional waters,855.811191767,243360.758113,2896144600.07,23.9833|57.1
24.25,57.1683,1998-11-12T14:15:00Z,1.8,19,LAT-005,Latvia,Gulf of Riga,Gulf of Riga transitional waters,,Gulf of Riga transitional waters,855.811191767,243360.758113,2896144600.07,24.25|57.1683
23.85,57.3,1998-11-12T16:35:00Z,4.4,9,SEA-011,Opensea,Gulf of Riga,Opensea Gulf of Riga,Gulf of Riga,Opensea Gulf of Riga,8674.48923994,954770.496399,30193177349.7,23.85|57.3
24.1167,57.6,1998-11-13T07:50:00Z,3.9,9,SEA-011,Opensea,Gulf of Riga,Opensea Gulf of Riga,Gulf of Riga,Opensea Gulf of Riga,8674.48923994,954770.496399,30193177349.7,24.1167|57.6
24.3367,57.5933,1998-11-13T09:10:00Z,3.9,9,LAT-004,Latvia,Gulf of Riga,"Gulf of Riga stony coast, waterbodies D&F",,"Gulf of Riga stony coast, waterbodies D&F",308.69830546,436367.284109,1064792248.48,24.3367|57.5933
23.9167,57.85,1998-11-13T12:00:00Z,4.3,9,SEA-011,Opensea,Gulf of Riga,Opensea Gulf of Riga,Gulf of Riga,Opensea Gulf of Riga,8674.48923994,954770.496399,30193177349.7,23.9167|57.85
23.6167,57.6167,1998-11-13T14:15:00Z,4.3,9,SEA-011,Opensea,Gulf of Riga,Opensea Gulf of Riga,Gulf of Riga,Opensea Gulf of Riga,8674.48923994,954770.496399,30193177349.7,23.6167|57.6167
23.4833,57.4,1998-11-14T08:05:00Z,3.9,9,SEA-011,Opensea,Gulf of Riga,Opensea Gulf of Riga,Gulf of Riga,Opensea Gulf of Riga,8674.48923994,954770.496399,30193177349.7,23.4833|57.4
23.2123,57.3275,1998-11-14T09:45:00Z,3.9,11,SEA-011,Opensea,Gulf of Riga,Opensea Gulf of Riga,Gulf of Riga,Opensea Gulf of Riga,8674.48923994,954770.496399,30193177349.7,23.2123|57.3275
23.4867,57.0467,1998-11-14T12:20:00Z,3.9,9,LAT-003,Latvia,Gulf of Riga,"Gulf of Riga sandy coast, waterbodies C&E",,"Gulf of Riga sandy coast, waterbodies C&E",387.080162999,296440.220511,1327844259.75,23.4867|57.0467
23.92,57.025,1998-11-14T14:55:00Z,2.2,21,LAT-005,Latvia,Gulf of Riga,Gulf of Riga transitional waters,,Gulf of Riga transitional waters,855.811191767,243360.758113,2896144600.07,23.92|57.025
23.85,57.3,1998-12-15T12:40:00Z,3.5,9,SEA-011,Opensea,Gulf of Riga,Opensea Gulf of Riga,Gulf of Riga,Opensea Gulf of Riga,8674.48923994,954770.496399,30193177349.7,23.85|57.3
23.6667,57.1667,1998-12-15T16:00:00Z,4,9,SEA-011,Opensea,Gulf of Riga,Opensea Gulf of Riga,Gulf of Riga,Opensea Gulf of Riga,8674.48923994,954770.496399,30193177349.7,23.6667|57.1667
22.9833,57.5667,1998-12-16T07:10:00Z,2.5,13,SEA-011,Opensea,Gulf of Riga,Opensea Gulf of Riga,Gulf of Riga,Opensea Gulf of Riga,8674.48923994,954770.496399,30193177349.7,22.9833|57.5667
23.2123,57.3275,1998-12-16T10:55:00Z,2.5,12,SEA-011,Opensea,Gulf of Riga,Opensea Gulf of Riga,Gulf of Riga,Opensea Gulf of Riga,8674.48923994,954770.496399,30193177349.7,23.2123|57.3275
23.4867,57.0467,1998-12-16T13:30:00Z,2.5,12,LAT-003,Latvia,Gulf of Riga,"Gulf of Riga sandy coast, waterbodies C&E",,"Gulf of Riga sandy coast, waterbodies C&E",387.080162999,296440.220511,1327844259.75,23.4867|57.0467
23.92,57.025,1998-12-16T15:45:00Z,2.5,12,LAT-005,Latvia,Gulf of Riga,Gulf of Riga transitional waters,,Gulf of Riga transitional waters,855.811191767,243360.758113,2896144600.07,23.92|57.025
23.9833,57.1,1990-05-06T08:40:00Z,1.3,17,LAT-005,Latvia,Gulf of Riga,Gulf of Riga transitional waters,,Gulf of Riga transitional waters,855.811191767,243360.758113,2896144600.07,23.9833|57.1
23.85,57.3,1990-05-06T10:55:00Z,2.3,17,SEA-011,Opensea,Gulf of Riga,Opensea Gulf of Riga,Gulf of Riga,Opensea Gulf of Riga,8674.48923994,954770.496399,30193177349.7,23.85|57.3
23.7667,57.4167,1990-05-06T13:00:00Z,2.8,15,SEA-011,Opensea,Gulf of Riga,Opensea Gulf of Riga,Gulf of Riga,Opensea Gulf of Riga,8674.48923994,954770.496399,30193177349.7,23.7667|57.4167
24.0833,57.35,1990-05-06T14:55:00Z,1.9,16,SEA-011,Opensea,Gulf of Riga,Opensea Gulf of Riga,Gulf of Riga,Opensea Gulf of Riga,8674.48923994,954770.496399,30193177349.7,24.0833|57.35
24.3533,57.4483,1990-05-06T16:30:00Z,1.1,19,LAT-004,Latvia,Gulf of Riga,"Gulf of Riga stony coast, waterbodies D&F",,"Gulf of Riga stony coast, waterbodies D&F",308.69830546,436367.284109,1064792248.48,24.3533|57.4483
24.3733,57.315,1990-05-06T18:15:00Z,1,19,LAT-004,Latvia,Gulf of Riga,"Gulf of Riga stony coast, waterbodies D&F",,"Gulf of Riga stony coast, waterbodies D&F",308.69830546,436367.284109,1064792248.48,24.3733|57.315
24.25,57.1683,1990-05-06T19:45:00Z,1.3,19,LAT-005,Latvia,Gulf of Riga,Gulf of Riga transitional waters,,Gulf of Riga transitional waters,855.811191767,243360.758113,2896144600.07,24.25|57.1683
24.0017,57.0833,1990-05-06T21:15:00Z,1.6,18,LAT-005,Latvia,Gulf of Riga,Gulf of Riga transitional waters,,Gulf of Riga transitional waters,855.811191767,243360.758113,2896144600.07,24.0017|57.0833
23.92,57.025,1990-05-07T08:10:00Z,1.3,17,LAT-005,Latvia,Gulf of Riga,Gulf of Riga transitional waters,,Gulf of Riga transitional waters,855.811191767,243360.758113,2896144600.07,23.92|57.025
23.7433,56.98,1990-05-07T09:20:00Z,1.3,18,LAT-005,Latvia,Gulf of Riga,Gulf of Riga transitional waters,,Gulf of Riga transitional waters,855.811191767,243360.758113,2896144600.07,23.7433|56.98
23.4867,57.0467,1990-05-07T11:15:00Z,1.3,17,LAT-003,Latvia,Gulf of Riga,"Gulf of Riga sandy coast, waterbodies C&E",,"Gulf of Riga sandy coast, waterbodies C&E",387.080162999,296440.220511,1327844259.75,23.4867|57.0467
23.2754,57.173,1990-05-07T12:55:00Z,1.5,17,SEA-011,Opensea,Gulf of Riga,Opensea Gulf of Riga,Gulf of Riga,Opensea Gulf of Riga,8674.48923994,954770.496399,30193177349.7,23.2754|57.173
23.4833,57.4,1990-05-07T15:00:00Z,2.2,18,SEA-011,Opensea,Gulf of Riga,Opensea Gulf of Riga,Gulf of Riga,Opensea Gulf of Riga,8674.48923994,954770.496399,30193177349.7,23.4833|57.4
23.07,57.3967,1990-05-07T16:55:00Z,1.8,16,LAT-004,Latvia,Gulf of Riga,"Gulf of Riga stony coast, waterbodies D&F",,"Gulf of Riga stony coast, waterbodies D&F",308.69830546,436367.284109,1064792248.48,23.07|57.3967
22.9833,57.5667,1990-05-07T20:35:00Z,1.8,15,SEA-011,Opensea,Gulf of Riga,Opensea Gulf of Riga,Gulf of Riga,Opensea Gulf of Riga,8674.48923994,954770.496399,30193177349.7,22.9833|57.5667
22.6167,57.7333,1990-05-08T08:10:00Z,2.7,15,LAT-003,Latvia,Gulf of Riga,"Gulf of Riga sandy coast, waterbodies C&E",,"Gulf of Riga sandy coast, waterbodies C&E",387.080162999,296440.220511,1327844259.75,22.6167|57.7333
22.8833,57.7976,1990-05-08T10:10:00Z,2.7,15,SEA-011,Opensea,Gulf of Riga,Opensea Gulf of Riga,Gulf of Riga,Opensea Gulf of Riga,8674.48923994,954770.496399,30193177349.7,22.8833|57.7976
22.41,57.8433,1990-05-08T12:40:00Z,3.7,14,SEA-011,Opensea,Gulf of Riga,Opensea Gulf of Riga,Gulf of Riga,Opensea Gulf of Riga,8674.48923994,954770.496399,30193177349.7,22.41|57.8433
22.8533,58.2167,1990-05-08T19:05:00Z,3.3,15,EST-017,Estonia,Gulf of Riga,NW part of the Gulf of Riga CWB,,EE_17,1677.52099587,1289835.61524,6037258921.89,22.8533|58.2167
23.6842,58.3427,1990-05-09T08:15:00Z,3,17,EST-018,Estonia,Gulf of Riga,NE part of the Gulf of Riga CWB,,EE_18,1926.65785695,1086062.9138,6931317200.6,23.6842|58.3427
23.8317,58.1672,1990-05-09T12:15:00Z,2.9,16,EST-018,Estonia,Gulf of Riga,NE part of the Gulf of Riga CWB,,EE_18,1926.65785695,1086062.9138,6931317200.6,23.8317|58.1672
24.3533,58.0708,1990-05-09T14:45:00Z,2.8,15,EST-018,Estonia,Gulf of Riga,NE part of the Gulf of Riga CWB,,EE_18,1926.65785695,1086062.9138,6931317200.6,24.3533|58.0708
24.1318,57.9683,1990-05-09T16:30:00Z,3,16,SEA-011,Opensea,Gulf of Riga,Opensea Gulf of Riga,Gulf of Riga,Opensea Gulf of Riga,8674.48923994,954770.496399,30193177349.7,24.1318|57.9683
24.2433,57.88,1990-05-09T17:45:00Z,2.3,16,SEA-011,Opensea,Gulf of Riga,Opensea Gulf of Riga,Gulf of Riga,Opensea Gulf of Riga,8674.48923994,954770.496399,30193177349.7,24.2433|57.88
24.3367,57.5933,1990-05-09T19:55:00Z,2.6,15,LAT-004,Latvia,Gulf of Riga,"Gulf of Riga stony coast, waterbodies D&F",,"Gulf of Riga stony coast, waterbodies D&F",308.69830546,436367.284109,1064792248.48,24.3367|57.5933
23.6167,57.6167,1990-05-10T11:25:00Z,3.2,12,SEA-011,Opensea,Gulf of Riga,Opensea Gulf of Riga,Gulf of Riga,Opensea Gulf of Riga,8674.48923994,954770.496399,30193177349.7,23.6167|57.6167
23.35,57.96,1990-05-10T15:00:00Z,3.2,12,EST-019,Estonia,Gulf of Riga,Central part of the Gulf of Riga CWB,,EE_19,1960.16337669,379661.151667,6969951504.02,23.35|57.96
22.41,57.8433,1990-06-01T20:50:00Z,3.5,12,SEA-011,Opensea,Gulf of Riga,Opensea Gulf of Riga,Gulf of Riga,Opensea Gulf of Riga,8674.48923994,954770.496399,30193177349.7,22.41|57.8433
23.4,58.2,1990-06-02T08:05:00Z,5.3,12,EST-019,Estonia,Gulf of Riga,Central part of the Gulf of Riga CWB,,EE_19,1960.16337669,379661.151667,6969951504.02,23.4|58.2
23.35,57.96,1990-06-02T10:15:00Z,4,15,EST-019,Estonia,Gulf of Riga,Central part of the Gulf of Riga CWB,,EE_19,1960.16337669,379661.151667,6969951504.02,23.35|57.96
23.6167,57.6167,1990-06-02T13:30:00Z,3,16,SEA-011,Opensea,Gulf of Riga,Opensea Gulf of Riga,Gulf of Riga,Opensea Gulf of Riga,8674.48923994,954770.496399,30193177349.7,23.6167|57.6167
23.85,57.3,1990-06-02T16:20:00Z,3.3,16,SEA-011,Opensea,Gulf of Riga,Opensea Gulf of Riga,Gulf of Riga,Opensea Gulf of Riga,8674.48923994,954770.496399,30193177349.7,23.85|57.3
23.9833,57.1,1990-06-02T17:55:00Z,2,20,LAT-005,Latvia,Gulf of Riga,Gulf of Riga transitional waters,,Gulf of Riga transitional waters,855.811191767,243360.758113,2896144600.07,23.9833|57.1
24.0017,57.0833,1990-06-02T18:35:00Z,2,15,LAT-005,Latvia,Gulf of Riga,Gulf of Riga transitional waters,,Gulf of Riga transitional waters,855.811191767,243360.758113,2896144600.07,24.0017|57.0833
23.9833,57.1,1990-08-07T08:30:00Z,2.6,14,LAT-005,Latvia,Gulf of Riga,Gulf of Riga transitional waters,,Gulf of Riga transitional waters,855.811191767,243360.758113,2896144600.07,23.9833|57.1
24.0017,57.0833,1990-08-07T10:00:00Z,1.8,15,LAT-005,Latvia,Gulf of Riga,Gulf of Riga transitional waters,,Gulf of Riga transitional waters,855.811191767,243360.758113,2896144600.07,24.0017|57.0833
23.92,57.025,1990-08-07T11:15:00Z,2.4,11,LAT-005,Latvia,Gulf of Riga,Gulf of Riga transitional waters,,Gulf of Riga transitional waters,855.811191767,243360.758113,2896144600.07,23.92|57.025
23.7433,56.98,1990-08-07T12:30:00Z,2.5,17,LAT-005,Latvia,Gulf of Riga,Gulf of Riga transitional waters,,Gulf of Riga transitional waters,855.811191767,243360.758113,2896144600.07,23.7433|56.98
23.4867,57.0467,1990-08-07T14:20:00Z,2.4,16,LAT-003,Latvia,Gulf of Riga,"Gulf of Riga sandy coast, waterbodies C&E",,"Gulf of Riga sandy coast, waterbodies C&E",387.080162999,296440.220511,1327844259.75,23.4867|57.0467
23.2754,57.173,1990-08-07T16:00:00Z,2.8,15,SEA-011,Opensea,Gulf of Riga,Opensea Gulf of Riga,Gulf of Riga,Opensea Gulf of Riga,8674.48923994,954770.496399,30193177349.7,23.2754|57.173
23.85,57.3,1990-08-07T18:50:00Z,2.8,14,SEA-011,Opensea,Gulf of Riga,Opensea Gulf of Riga,Gulf of Riga,Opensea Gulf of Riga,8674.48923994,954770.496399,30193177349.7,23.85|57.3
24.0833,57.35,1990-08-07T20:45:00Z,2.8,15,SEA-011,Opensea,Gulf of Riga,Opensea Gulf of Riga,Gulf of Riga,Opensea Gulf of Riga,8674.48923994,954770.496399,30193177349.7,24.0833|57.35
24.25,57.1683,1990-08-08T08:20:00Z,2.6,14,LAT-005,Latvia,Gulf of Riga,Gulf of Riga transitional waters,,Gulf of Riga transitional waters,855.811191767,243360.758113,2896144600.07,24.25|57.1683
24.3733,57.315,1990-08-08T09:40:00Z,2.2,14,LAT-004,Latvia,Gulf of Riga,"Gulf of Riga stony coast, waterbodies D&F",,"Gulf of Riga stony coast, waterbodies D&F",308.69830546,436367.284109,1064792248.48,24.3733|57.315
24.3533,57.4483,1990-08-08T11:40:00Z,1.7,14,LAT-004,Latvia,Gulf of Riga,"Gulf of Riga stony coast, waterbodies D&F",,"Gulf of Riga stony coast, waterbodies D&F",308.69830546,436367.284109,1064792248.48,24.3533|57.4483
24.3367,57.5933,1990-08-08T14:05:00Z,2,15,LAT-004,Latvia,Gulf of Riga,"Gulf of Riga stony coast, waterbodies D&F",,"Gulf of Riga stony coast, waterbodies D&F",308.69830546,436367.284109,1064792248.48,24.3367|57.5933
24.1167,57.6,1990-08-08T15:40:00Z,2.7,13,SEA-011,Opensea,Gulf of Riga,Opensea Gulf of Riga,Gulf of Riga,Opensea Gulf of Riga,8674.48923994,954770.496399,30193177349.7,24.1167|57.6
23.6167,57.6167,1990-08-08T18:15:00Z,2.8,13,SEA-011,Opensea,Gulf of Riga,Opensea Gulf of Riga,Gulf of Riga,Opensea Gulf of Riga,8674.48923994,954770.496399,30193177349.7,23.6167|57.6167
23.7667,57.4167,1990-08-08T20:25:00Z,2.7,12,SEA-011,Opensea,Gulf of Riga,Opensea Gulf of Riga,Gulf of Riga,Opensea Gulf of Riga,8674.48923994,954770.496399,30193177349.7,23.7667|57.4167
23.4833,57.4,1990-08-09T08:25:00Z,3,11,SEA-011,Opensea,Gulf of Riga,Opensea Gulf of Riga,Gulf of Riga,Opensea Gulf of Riga,8674.48923994,954770.496399,30193177349.7,23.4833|57.4
23.07,57.3967,1990-08-09T10:35:00Z,2.5,15,LAT-004,Latvia,Gulf of Riga,"Gulf of Riga stony coast, waterbodies D&F",,"Gulf of Riga stony coast, waterbodies D&F",308.69830546,436367.284109,1064792248.48,23.07|57.3967
22.41,57.8433,1990-08-10T10:50:00Z,2.2,13,SEA-011,Opensea,Gulf of Riga,Opensea Gulf of Riga,Gulf of Riga,Opensea Gulf of Riga,8674.48923994,954770.496399,30193177349.7,22.41|57.8433
22.8167,57.5333,1990-08-09T15:25:00Z,2,16,LAT-003,Latvia,Gulf of Riga,"Gulf of Riga sandy coast, waterbodies C&E",,"Gulf of Riga sandy coast, waterbodies C&E",387.080162999,296440.220511,1327844259.75,22.8167|57.5333
22.8833,57.7976,1990-08-09T17:55:00Z,3.5,11,SEA-011,Opensea,Gulf of Riga,Opensea Gulf of Riga,Gulf of Riga,Opensea Gulf of Riga,8674.48923994,954770.496399,30193177349.7,22.8833|57.7976
22.3731,58.1098,1990-08-10T14:10:00Z,2,12,EST-017,Estonia,Gulf of Riga,NW part of the Gulf of Riga CWB,,EE_17,1677.52099587,1289835.61524,6037258921.89,22.3731|58.1098
22.8546,58.1048,1990-08-10T16:55:00Z,2.8,14,EST-017,Estonia,Gulf of Riga,NW part of the Gulf of Riga CWB,,EE_17,1677.52099587,1289835.61524,6037258921.89,22.8546|58.1048
23.2227,58.384,1990-08-10T21:10:00Z,2.2,16,EST-017,Estonia,Gulf of Riga,NW part of the Gulf of Riga CWB,,EE_17,1677.52099587,1289835.61524,6037258921.89,23.2227|58.384
23.6842,58.3427,1990-08-11T08:30:00Z,2,13,EST-018,Estonia,Gulf of Riga,NE part of the Gulf of Riga CWB,,EE_18,1926.65785695,1086062.9138,6931317200.6,23.6842|58.3427
23.4,58.2,1990-08-11T09:55:00Z,2.5,15,EST-019,Estonia,Gulf of Riga,Central part of the Gulf of Riga CWB,,EE_19,1960.16337669,379661.151667,6969951504.02,23.4|58.2
23.8317,58.1672,1990-08-11T11:55:00Z,2,14,EST-018,Estonia,Gulf of Riga,NE part of the Gulf of Riga CWB,,EE_18,1926.65785695,1086062.9138,6931317200.6,23.8317|58.1672
24.3533,58.0708,1990-08-11T16:20:00Z,2.2,13,EST-018,Estonia,Gulf of Riga,NE part of the Gulf of Riga CWB,,EE_18,1926.65785695,1086062.9138,6931317200.6,24.3533|58.0708
24.1318,57.9683,1990-08-11T17:50:00Z,1.5,13,SEA-011,Opensea,Gulf of Riga,Opensea Gulf of Riga,Gulf of Riga,Opensea Gulf of Riga,8674.48923994,954770.496399,30193177349.7,24.1318|57.9683
24.2433,57.88,1990-08-11T18:55:00Z,2,13,SEA-011,Opensea,Gulf of Riga,Opensea Gulf of Riga,Gulf of Riga,Opensea Gulf of Riga,8674.48923994,954770.496399,30193177349.7,24.2433|57.88
24.0017,57.0833,1990-10-03T10:10:00Z,3.2,15,LAT-005,Latvia,Gulf of Riga,Gulf of Riga transitional waters,,Gulf of Riga transitional waters,855.811191767,243360.758113,2896144600.07,24.0017|57.0833
24.0833,57.35,1990-10-03T14:00:00Z,4.2,9,SEA-011,Opensea,Gulf of Riga,Opensea Gulf of Riga,Gulf of Riga,Opensea Gulf of Riga,8674.48923994,954770.496399,30193177349.7,24.0833|57.35
24.3533,57.4483,1990-10-03T15:20:00Z,3,15,LAT-004,Latvia,Gulf of Riga,"Gulf of Riga stony coast, waterbodies D&F",,"Gulf of Riga stony coast, waterbodies D&F",308.69830546,436367.284109,1064792248.48,24.3533|57.4483
24.1167,57.6,1990-10-03T18:35:00Z,4,12,SEA-011,Opensea,Gulf of Riga,Opensea Gulf of Riga,Gulf of Riga,Opensea Gulf of Riga,8674.48923994,954770.496399,30193177349.7,24.1167|57.6
23.85,57.3,1990-10-04T10:10:00Z,3,15,SEA-011,Opensea,Gulf of Riga,Opensea Gulf of Riga,Gulf of Riga,Opensea Gulf of Riga,8674.48923994,954770.496399,30193177349.7,23.85|57.3
23.4867,57.0467,1990-10-04T12:50:00Z,3.8,13,LAT-003,Latvia,Gulf of Riga,"Gulf of Riga sandy coast, waterbodies C&E",,"Gulf of Riga sandy coast, waterbodies C&E",387.080162999,296440.220511,1327844259.75,23.4867|57.0467
23.2754,57.173,1990-10-04T14:15:00Z,3.2,13,SEA-011,Opensea,Gulf of Riga,Opensea Gulf of Riga,Gulf of Riga,Opensea Gulf of Riga,8674.48923994,954770.496399,30193177349.7,23.2754|57.173
23.07,57.3967,1990-10-04T16:15:00Z,3,13,LAT-004,Latvia,Gulf of Riga,"Gulf of Riga stony coast, waterbodies D&F",,"Gulf of Riga stony coast, waterbodies D&F",308.69830546,436367.284109,1064792248.48,23.07|57.3967
23.4833,57.4,1990-10-04T18:00:00Z,4.2,13,SEA-011,Opensea,Gulf of Riga,Opensea Gulf of Riga,Gulf of Riga,Opensea Gulf of Riga,8674.48923994,954770.496399,30193177349.7,23.4833|57.4
22.8167,57.5333,1990-10-07T08:05:00Z,3.8,16,LAT-003,Latvia,Gulf of Riga,"Gulf of Riga sandy coast, waterbodies C&E",,"Gulf of Riga sandy coast, waterbodies C&E",387.080162999,296440.220511,1327844259.75,22.8167|57.5333
24.2433,57.88,1990-10-05T08:10:00Z,3.2,14,SEA-011,Opensea,Gulf of Riga,Opensea Gulf of Riga,Gulf of Riga,Opensea Gulf of Riga,8674.48923994,954770.496399,30193177349.7,24.2433|57.88
24.3533,58.0708,1990-10-05T09:50:00Z,3.5,14,EST-018,Estonia,Gulf of Riga,NE part of the Gulf of Riga CWB,,EE_18,1926.65785695,1086062.9138,6931317200.6,24.3533|58.0708
24.1318,57.9683,1990-10-05T11:30:00Z,3.8,15,SEA-011,Opensea,Gulf of Riga,Opensea Gulf of Riga,Gulf of Riga,Opensea Gulf of Riga,8674.48923994,954770.496399,30193177349.7,24.1318|57.9683
23.4718,58.4311,1990-10-05T16:30:00Z,2.8,13,EST-018,Estonia,Gulf of Riga,NE part of the Gulf of Riga CWB,,EE_18,1926.65785695,1086062.9138,6931317200.6,23.4718|58.4311
22.8533,58.2167,1990-10-06T08:10:00Z,1.8,16,EST-017,Estonia,Gulf of Riga,NW part of the Gulf of Riga CWB,,EE_17,1677.52099587,1289835.61524,6037258921.89,22.8533|58.2167
22.8546,58.1048,1990-10-06T09:40:00Z,3,14,EST-017,Estonia,Gulf of Riga,NW part of the Gulf of Riga CWB,,EE_17,1677.52099587,1289835.61524,6037258921.89,22.8546|58.1048
23.35,57.96,1990-10-06T12:00:00Z,3.8,12,EST-019,Estonia,Gulf of Riga,Central part of the Gulf of Riga CWB,,EE_19,1960.16337669,379661.151667,6969951504.02,23.35|57.96
22.8833,57.7976,1990-10-06T16:40:00Z,3,12,SEA-011,Opensea,Gulf of Riga,Opensea Gulf of Riga,Gulf of Riga,Opensea Gulf of Riga,8674.48923994,954770.496399,30193177349.7,22.8833|57.7976
22.3731,58.1098,1990-10-07T15:20:00Z,1.5,18,EST-017,Estonia,Gulf of Riga,NW part of the Gulf of Riga CWB,,EE_17,1677.52099587,1289835.61524,6037258921.89,22.3731|58.1098
22.54167,57.95,1990-05-08T14:15:00Z,2.8,16,SEA-011,Opensea,Gulf of Riga,Opensea Gulf of Riga,Gulf of Riga,Opensea Gulf of Riga,8674.48923994,954770.496399,30193177349.7,22.54167|57.95
23.0503,57.9508,1990-10-06T14:15:00Z,3.5,11,EST-019,Estonia,Gulf of Riga,Central part of the Gulf of Riga CWB,,EE_19,1960.16337669,379661.151667,6969951504.02,23.0503|57.9508
22.54167,57.95,1990-10-07T17:05:00Z,3.2,11,SEA-011,Opensea,Gulf of Riga,Opensea Gulf of Riga,Gulf of Riga,Opensea Gulf of Riga,8674.48923994,954770.496399,30193177349.7,22.54167|57.95
23.85,57.3,2004-01-23T12:10:00Z,3.75,13,SEA-011,Opensea,Gulf of Riga,Opensea Gulf of Riga,Gulf of Riga,Opensea Gulf of Riga,8674.48923994,954770.496399,30193177349.7,23.85|57.3
24.0017,57.0833,2004-01-23T14:50:00Z,2.5,21,LAT-005,Latvia,Gulf of Riga,Gulf of Riga transitional waters,,Gulf of Riga transitional waters,855.811191767,243360.758113,2896144600.07,24.0017|57.0833
24.0017,57.0833,2004-02-10T12:15:00Z,1.5,19,LAT-005,Latvia,Gulf of Riga,Gulf of Riga transitional waters,,Gulf of Riga transitional waters,855.811191767,243360.758113,2896144600.07,24.0017|57.0833
23.9833,57.1,2004-02-10T13:20:00Z,1.6,18,LAT-005,Latvia,Gulf of Riga,Gulf of Riga transitional waters,,Gulf of Riga transitional waters,855.811191767,243360.758113,2896144600.07,23.9833|57.1
23.808,57.128166,2004-02-22T15:20:00Z,1.4,12,LAT-005,Latvia,Gulf of Riga,Gulf of Riga transitional waters,,Gulf of Riga transitional waters,855.811191767,243360.758113,2896144600.07,23.808|57.128166
23.6667,57.1667,2004-02-27T12:00:00Z,3,11,SEA-011,Opensea,Gulf of Riga,Opensea Gulf of Riga,Gulf of Riga,Opensea Gulf of Riga,8674.48923994,954770.496399,30193177349.7,23.6667|57.1667
23.4833,57.4,2004-02-27T14:25:00Z,3.5,11,SEA-011,Opensea,Gulf of Riga,Opensea Gulf of Riga,Gulf of Riga,Opensea Gulf of Riga,8674.48923994,954770.496399,30193177349.7,23.4833|57.4
24.0833,57.35,2004-02-28T09:15:00Z,2.8,12,SEA-011,Opensea,Gulf of Riga,Opensea Gulf of Riga,Gulf of Riga,Opensea Gulf of Riga,8674.48923994,954770.496399,30193177349.7,24.0833|57.35
23.85,57.3,2004-02-28T12:40:00Z,3,12,SEA-011,Opensea,Gulf of Riga,Opensea Gulf of Riga,Gulf of Riga,Opensea Gulf of Riga,8674.48923994,954770.496399,30193177349.7,23.85|57.3
23.9833,57.1,2004-02-28T15:10:00Z,2.1,17,LAT-005,Latvia,Gulf of Riga,Gulf of Riga transitional waters,,Gulf of Riga transitional waters,855.811191767,243360.758113,2896144600.07,23.9833|57.1
24.0017,57.0833,2004-03-11T12:50:00Z,1.8,21,LAT-005,Latvia,Gulf of Riga,Gulf of Riga transitional waters,,Gulf of Riga transitional waters,855.811191767,243360.758113,2896144600.07,24.0017|57.0833
23.9565,57.1243,2004-03-11T14:50:00Z,3.5,19,LAT-005,Latvia,Gulf of Riga,Gulf of Riga transitional waters,,Gulf of Riga transitional waters,855.811191767,243360.758113,2896144600.07,23.9565|57.1243
24.0017,57.0833,2004-03-23T08:40:00Z,1.6,17,LAT-005,Latvia,Gulf of Riga,Gulf of Riga transitional waters,,Gulf of Riga transitional waters,855.811191767,243360.758113,2896144600.07,24.0017|57.0833
23.9833,57.1,2004-03-23T09:20:00Z,2.3,9,LAT-005,Latvia,Gulf of Riga,Gulf of Riga transitional waters,,Gulf of Riga transitional waters,855.811191767,243360.758113,2896144600.07,23.9833|57.1
23.9333,57.1667,2004-03-23T10:20:00Z,4,9,LAT-005,Latvia,Gulf of Riga,Gulf of Riga transitional waters,,Gulf of Riga transitional waters,855.811191767,243360.758113,2896144600.07,23.9333|57.1667
23.6667,57.1667,2004-03-23T12:05:00Z,4,9,SEA-011,Opensea,Gulf of Riga,Opensea Gulf of Riga,Gulf of Riga,Opensea Gulf of Riga,8674.48923994,954770.496399,30193177349.7,23.6667|57.1667
23.4833,57.4,2004-03-23T14:25:00Z,5.5,9,SEA-011,Opensea,Gulf of Riga,Opensea Gulf of Riga,Gulf of Riga,Opensea Gulf of Riga,8674.48923994,954770.496399,30193177349.7,23.4833|57.4
22.9833,57.5667,2004-03-23T17:10:00Z,4.8,9,SEA-011,Opensea,Gulf of Riga,Opensea Gulf of Riga,Gulf of Riga,Opensea Gulf of Riga,8674.48923994,954770.496399,30193177349.7,22.9833|57.5667
24.1167,57.6,2004-03-24T07:55:00Z,4.3,9,SEA-011,Opensea,Gulf of Riga,Opensea Gulf of Riga,Gulf of Riga,Opensea Gulf of Riga,8674.48923994,954770.496399,30193177349.7,24.1167|57.6
24.0833,57.35,2004-03-24T10:15:00Z,4.3,13,SEA-011,Opensea,Gulf of Riga,Opensea Gulf of Riga,Gulf of Riga,Opensea Gulf of Riga,8674.48923994,954770.496399,30193177349.7,24.0833|57.35
23.85,57.3,2004-03-24T11:45:00Z,4.3,9,SEA-011,Opensea,Gulf of Riga,Opensea Gulf of Riga,Gulf of Riga,Opensea Gulf of Riga,8674.48923994,954770.496399,30193177349.7,23.85|57.3
24.0005,57.0838,2004-04-04T11:10:00Z,0.7,21,LAT-005,Latvia,Gulf of Riga,Gulf of Riga transitional waters,,Gulf of Riga transitional waters,855.811191767,243360.758113,2896144600.07,24.0005|57.0838
24.0083,57.0883,2004-04-04T11:30:00Z,0.8,21,LAT-005,Latvia,Gulf of Riga,Gulf of Riga transitional waters,,Gulf of Riga transitional waters,855.811191767,243360.758113,2896144600.07,24.0083|57.0883
24.011,57.0895,2004-04-04T11:40:00Z,0.8,21,LAT-005,Latvia,Gulf of Riga,Gulf of Riga transitional waters,,Gulf of Riga transitional waters,855.811191767,243360.758113,2896144600.07,24.011|57.0895
24.0147,57.092,2004-04-04T11:45:00Z,0.8,21,LAT-005,Latvia,Gulf of Riga,Gulf of Riga transitional waters,,Gulf of Riga transitional waters,855.811191767,243360.758113,2896144600.07,24.0147|57.092
24.0057,57.1052,2004-04-04T12:15:00Z,0.9,21,LAT-005,Latvia,Gulf of Riga,Gulf of Riga transitional waters,,Gulf of Riga transitional waters,855.811191767,243360.758113,2896144600.07,24.0057|57.1052
23.9805,57.1275,2004-04-04T12:40:00Z,1,13,LAT-005,Latvia,Gulf of Riga,Gulf of Riga transitional waters,,Gulf of Riga transitional waters,855.811191767,243360.758113,2896144600.07,23.9805|57.1275
23.9537,57.1467,2004-04-04T12:55:00Z,1,13,LAT-005,Latvia,Gulf of Riga,Gulf of Riga transitional waters,,Gulf of Riga transitional waters,855.811191767,243360.758113,2896144600.07,23.9537|57.1467
23.9433,57.155,2004-04-04T13:15:00Z,1,9,LAT-005,Latvia,Gulf of Riga,Gulf of Riga transitional waters,,Gulf of Riga transitional waters,855.811191767,243360.758113,2896144600.07,23.9433|57.155
23.935,57.1642,2004-04-04T13:40:00Z,1.1,9,LAT-005,Latvia,Gulf of Riga,Gulf of Riga transitional waters,,Gulf of Riga transitional waters,855.811191767,243360.758113,2896144600.07,23.935|57.1642
23.9355,57.1748,2004-04-04T13:55:00Z,1.1,9,LAT-005,Latvia,Gulf of Riga,Gulf of Riga transitional waters,,Gulf of Riga transitional waters,855.811191767,243360.758113,2896144600.07,23.9355|57.1748
23.8573,57.2698,2004-04-04T14:55:00Z,1.5,9,SEA-011,Opensea,Gulf of Riga,Opensea Gulf of Riga,Gulf of Riga,Opensea Gulf of Riga,8674.48923994,954770.496399,30193177349.7,23.8573|57.2698
23.8458,57.2898,2004-04-04T15:10:00Z,1.2,9,SEA-011,Opensea,Gulf of Riga,Opensea Gulf of Riga,Gulf of Riga,Opensea Gulf of Riga,8674.48923994,954770.496399,30193177349.7,23.8458|57.2898
23.8143,57.3538,2004-04-04T15:50:00Z,1.4,9,SEA-011,Opensea,Gulf of Riga,Opensea Gulf of Riga,Gulf of Riga,Opensea Gulf of Riga,8674.48923994,954770.496399,30193177349.7,23.8143|57.3538
23.7848,57.3908,2004-04-04T16:25:00Z,2,9,SEA-011,Opensea,Gulf of Riga,Opensea Gulf of Riga,Gulf of Riga,Opensea Gulf of Riga,8674.48923994,954770.496399,30193177349.7,23.7848|57.3908
23.6805,57.3788,2004-04-04T17:00:00Z,2.3,9,SEA-011,Opensea,Gulf of Riga,Opensea Gulf of Riga,Gulf of Riga,Opensea Gulf of Riga,8674.48923994,954770.496399,30193177349.7,23.6805|57.3788
23.697,57.3673,2004-04-04T17:15:00Z,2,9,SEA-011,Opensea,Gulf of Riga,Opensea Gulf of Riga,Gulf of Riga,Opensea Gulf of Riga,8674.48923994,954770.496399,30193177349.7,23.697|57.3673
23.7785,57.3005,2004-04-04T18:00:00Z,1.7,9,SEA-011,Opensea,Gulf of Riga,Opensea Gulf of Riga,Gulf of Riga,Opensea Gulf of Riga,8674.48923994,954770.496399,30193177349.7,23.7785|57.3005
23.8025,57.2785,2004-04-04T18:15:00Z,1.7,12,SEA-011,Opensea,Gulf of Riga,Opensea Gulf of Riga,Gulf of Riga,Opensea Gulf of Riga,8674.48923994,954770.496399,30193177349.7,23.8025|57.2785
23.8378,57.2407,2004-04-04T18:45:00Z,1.7,12,SEA-011,Opensea,Gulf of Riga,Opensea Gulf of Riga,Gulf of Riga,Opensea Gulf of Riga,8674.48923994,954770.496399,30193177349.7,23.8378|57.2407
23.8805,57.2,2004-04-04T19:20:00Z,1,21,LAT-005,Latvia,Gulf of Riga,Gulf of Riga transitional waters,,Gulf of Riga transitional waters,855.811191767,243360.758113,2896144600.07,23.8805|57.2
23.937,57.1453,2004-04-04T19:55:00Z,1,12,LAT-005,Latvia,Gulf of Riga,Gulf of Riga transitional waters,,Gulf of Riga transitional waters,855.811191767,243360.758113,2896144600.07,23.937|57.1453
23.9668,57.1087,2004-04-04T20:20:00Z,0.8,12,LAT-005,Latvia,Gulf of Riga,Gulf of Riga transitional waters,,Gulf of Riga transitional waters,855.811191767,243360.758113,2896144600.07,23.9668|57.1087
24.0017,57.0833,2004-04-05T10:05:00Z,0.7,21,LAT-005,Latvia,Gulf of Riga,Gulf of Riga transitional waters,,Gulf of Riga transitional waters,855.811191767,243360.758113,2896144600.07,24.0017|57.0833
23.9833,57.1,2004-04-05T10:55:00Z,0.9,21,LAT-005,Latvia,Gulf of Riga,Gulf of Riga transitional waters,,Gulf of Riga transitional waters,855.811191767,243360.758113,2896144600.07,23.9833|57.1
23.9333,57.1667,2004-04-05T11:55:00Z,1.1,21,LAT-005,Latvia,Gulf of Riga,Gulf of Riga transitional waters,,Gulf of Riga transitional waters,855.811191767,243360.758113,2896144600.07,23.9333|57.1667
23.6667,57.1667,2004-04-05T13:25:00Z,1,21,SEA-011,Opensea,Gulf of Riga,Opensea Gulf of Riga,Gulf of Riga,Opensea Gulf of Riga,8674.48923994,954770.496399,30193177349.7,23.6667|57.1667
23.85,57.3,2004-04-05T15:00:00Z,1.6,19,SEA-011,Opensea,Gulf of Riga,Opensea Gulf of Riga,Gulf of Riga,Opensea Gulf of Riga,8674.48923994,954770.496399,30193177349.7,23.85|57.3
23.4833,57.4,2004-04-05T17:25:00Z,3.3,13,SEA-011,Opensea,Gulf of Riga,Opensea Gulf of Riga,Gulf of Riga,Opensea Gulf of Riga,8674.48923994,954770.496399,30193177349.7,23.4833|57.4
22.9833,57.5667,2004-04-05T20:00:00Z,4.3,11,SEA-011,Opensea,Gulf of Riga,Opensea Gulf of Riga,Gulf of Riga,Opensea Gulf of Riga,8674.48923994,954770.496399,30193177349.7,22.9833|57.5667
22.8167,57.5333,2004-04-24T10:32:00Z,3,9,LAT-003,Latvia,Gulf of Riga,"Gulf of Riga sandy coast, waterbodies C&E",,"Gulf of Riga sandy coast, waterbodies C&E",387.080162999,296440.220511,1327844259.75,22.8167|57.5333
22.9833,57.5667,2004-04-24T11:33:00Z,2.5,9,SEA-011,Opensea,Gulf of Riga,Opensea Gulf of Riga,Gulf of Riga,Opensea Gulf of Riga,8674.48923994,954770.496399,30193177349.7,22.9833|57.5667
23.4833,57.4,2004-04-24T14:20:00Z,1.9,15,SEA-011,Opensea,Gulf of Riga,Opensea Gulf of Riga,Gulf of Riga,Opensea Gulf of Riga,8674.48923994,954770.496399,30193177349.7,23.4833|57.4
23.7667,57.4167,2004-04-24T15:47:00Z,2.2,11,SEA-011,Opensea,Gulf of Riga,Opensea Gulf of Riga,Gulf of Riga,Opensea Gulf of Riga,8674.48923994,954770.496399,30193177349.7,23.7667|57.4167
23.85,57.3,2004-04-24T17:13:00Z,2,11,SEA-011,Opensea,Gulf of Riga,Opensea Gulf of Riga,Gulf of Riga,Opensea Gulf of Riga,8674.48923994,954770.496399,30193177349.7,23.85|57.3
23.6667,57.1667,2004-04-24T19:15:00Z,1.8,19,SEA-011,Opensea,Gulf of Riga,Opensea Gulf of Riga,Gulf of Riga,Opensea Gulf of Riga,8674.48923994,954770.496399,30193177349.7,23.6667|57.1667
23.9333,57.1667,2004-04-24T20:40:00Z,1.6,21,LAT-005,Latvia,Gulf of Riga,Gulf of Riga transitional waters,,Gulf of Riga transitional waters,855.811191767,243360.758113,2896144600.07,23.9333|57.1667
24.0017,57.0833,2004-04-25T06:32:00Z,1.8,21,LAT-005,Latvia,Gulf of Riga,Gulf of Riga transitional waters,,Gulf of Riga transitional waters,855.811191767,243360.758113,2896144600.07,24.0017|57.0833
24.0833,57.35,2004-04-25T09:00:00Z,1.9,21,SEA-011,Opensea,Gulf of Riga,Opensea Gulf of Riga,Gulf of Riga,Opensea Gulf of Riga,8674.48923994,954770.496399,30193177349.7,24.0833|57.35
24.1167,57.6,2004-04-25T11:10:00Z,2.3,9,SEA-011,Opensea,Gulf of Riga,Opensea Gulf of Riga,Gulf of Riga,Opensea Gulf of Riga,8674.48923994,954770.496399,30193177349.7,24.1167|57.6
23.6167,57.6167,2004-04-25T13:25:00Z,1.7,9,SEA-011,Opensea,Gulf of Riga,Opensea Gulf of Riga,Gulf of Riga,Opensea Gulf of Riga,8674.48923994,954770.496399,30193177349.7,23.6167|57.6167
24.0017,57.0833,2004-05-21T12:50:00Z,1.7,20,LAT-005,Latvia,Gulf of Riga,Gulf of Riga transitional waters,,Gulf of Riga transitional waters,855.811191767,243360.758113,2896144600.07,24.0017|57.0833
23.9833,57.1,2004-05-21T14:00:00Z,2,19,LAT-005,Latvia,Gulf of Riga,Gulf of Riga transitional waters,,Gulf of Riga transitional waters,855.811191767,243360.758113,2896144600.07,23.9833|57.1
24.097,57.0986,2004-05-21T15:30:00Z,1.9,19,LAT-005,Latvia,Gulf of Riga,Gulf of Riga transitional waters,,Gulf of Riga transitional waters,855.811191767,243360.758113,2896144600.07,24.097|57.0986
24.25,57.1683,2004-05-21T17:10:00Z,1.9,19,LAT-005,Latvia,Gulf of Riga,Gulf of Riga transitional waters,,Gulf of Riga transitional waters,855.811191767,243360.758113,2896144600.07,24.25|57.1683
24.2167,57.1833,2004-05-21T18:30:00Z,2.2,18,LAT-005,Latvia,Gulf of Riga,Gulf of Riga transitional waters,,Gulf of Riga transitional waters,855.811191767,243360.758113,2896144600.07,24.2167|57.1833
24.2167,57.1833,2004-05-21T19:35:00Z,2.9,16,LAT-005,Latvia,Gulf of Riga,Gulf of Riga transitional waters,,Gulf of Riga transitional waters,855.811191767,243360.758113,2896144600.07,24.2167|57.1833
24.3667,57.24,2004-05-21T21:20:00Z,2,17,LAT-005,Latvia,Gulf of Riga,Gulf of Riga transitional waters,,Gulf of Riga transitional waters,855.811191767,243360.758113,2896144600.07,24.3667|57.24
24.3733,57.315,2004-05-21T22:25:00Z,1.8,18,LAT-004,Latvia,Gulf of Riga,"Gulf of Riga stony coast, waterbodies D&F",,"Gulf of Riga stony coast, waterbodies D&F",308.69830546,436367.284109,1064792248.48,24.3733|57.315
24.0833,57.35,2004-05-22T06:00:00Z,3.8,13,SEA-011,Opensea,Gulf of Riga,Opensea Gulf of Riga,Gulf of Riga,Opensea Gulf of Riga,8674.48923994,954770.496399,30193177349.7,24.0833|57.35
24.3533,57.4483,2004-05-22T09:00:00Z,1.9,17,LAT-004,Latvia,Gulf of Riga,"Gulf of Riga stony coast, waterbodies D&F",,"Gulf of Riga stony coast, waterbodies D&F",308.69830546,436367.284109,1064792248.48,24.3533|57.4483
24.3533,57.4483,2004-05-22T09:40:00Z,1.8,17,LAT-004,Latvia,Gulf of Riga,"Gulf of Riga stony coast, waterbodies D&F",,"Gulf of Riga stony coast, waterbodies D&F",308.69830546,436367.284109,1064792248.48,24.3533|57.4483
24.3367,57.5933,2004-05-22T11:00:00Z,2.1,16,LAT-004,Latvia,Gulf of Riga,"Gulf of Riga stony coast, waterbodies D&F",,"Gulf of Riga stony coast, waterbodies D&F",308.69830546,436367.284109,1064792248.48,24.3367|57.5933
24.2976,57.5922,2004-05-22T11:25:00Z,2.3,16,SEA-011,Opensea,Gulf of Riga,Opensea Gulf of Riga,Gulf of Riga,Opensea Gulf of Riga,8674.48923994,954770.496399,30193177349.7,24.2976|57.5922
24.1167,57.6,2004-05-22T12:40:00Z,3.4,13,SEA-011,Opensea,Gulf of Riga,Opensea Gulf of Riga,Gulf of Riga,Opensea Gulf of Riga,8674.48923994,954770.496399,30193177349.7,24.1167|57.6
24.315,57.7467,2004-05-22T14:50:00Z,2.5,14,LAT-004,Latvia,Gulf of Riga,"Gulf of Riga stony coast, waterbodies D&F",,"Gulf of Riga stony coast, waterbodies D&F",308.69830546,436367.284109,1064792248.48,24.315|57.7467
24.2005,57.7663,2004-05-22T15:40:00Z,2.7,14,SEA-011,Opensea,Gulf of Riga,Opensea Gulf of Riga,Gulf of Riga,Opensea Gulf of Riga,8674.48923994,954770.496399,30193177349.7,24.2005|57.7663
24.3085,57.856,2004-05-22T17:05:00Z,2.8,14,LAT-004,Latvia,Gulf of Riga,"Gulf of Riga stony coast, waterbodies D&F",,"Gulf of Riga stony coast, waterbodies D&F",308.69830546,436367.284109,1064792248.48,24.3085|57.856
24.2433,57.88,2004-05-22T18:10:00Z,2.8,15,SEA-011,Opensea,Gulf of Riga,Opensea Gulf of Riga,Gulf of Riga,Opensea Gulf of Riga,8674.48923994,954770.496399,30193177349.7,24.2433|57.88
24.0665,57.8827,2004-05-22T19:15:00Z,3,14,SEA-011,Opensea,Gulf of Riga,Opensea Gulf of Riga,Gulf of Riga,Opensea Gulf of Riga,8674.48923994,954770.496399,30193177349.7,24.0665|57.8827
23.9167,57.85,2004-05-22T20:25:00Z,3.1,15,SEA-011,Opensea,Gulf of Riga,Opensea Gulf of Riga,Gulf of Riga,Opensea Gulf of Riga,8674.48923994,954770.496399,30193177349.7,23.9167|57.85
23.6167,57.6167,2004-05-23T06:10:00Z,3.2,16,SEA-011,Opensea,Gulf of Riga,Opensea Gulf of Riga,Gulf of Riga,Opensea Gulf of Riga,8674.48923994,954770.496399,30193177349.7,23.6167|57.6167
23.4833,57.4,2004-05-23T09:45:00Z,2.9,15,SEA-011,Opensea,Gulf of Riga,Opensea Gulf of Riga,Gulf of Riga,Opensea Gulf of Riga,8674.48923994,954770.496399,30193177349.7,23.4833|57.4
23.7667,57.4167,2004-05-23T12:15:00Z,3.4,13,SEA-011,Opensea,Gulf of Riga,Opensea Gulf of Riga,Gulf of Riga,Opensea Gulf of Riga,8674.48923994,954770.496399,30193177349.7,23.7667|57.4167
23.85,57.3,2004-05-23T14:30:00Z,2.9,14,SEA-011,Opensea,Gulf of Riga,Opensea Gulf of Riga,Gulf of Riga,Opensea Gulf of Riga,8674.48923994,954770.496399,30193177349.7,23.85|57.3
23.6667,57.1667,2004-05-23T17:55:00Z,2.6,16,SEA-011,Opensea,Gulf of Riga,Opensea Gulf of Riga,Gulf of Riga,Opensea Gulf of Riga,8674.48923994,954770.496399,30193177349.7,23.6667|57.1667
23.9333,57.1667,2004-05-23T20:40:00Z,2.9,16,LAT-005,Latvia,Gulf of Riga,Gulf of Riga transitional waters,,Gulf of Riga transitional waters,855.811191767,243360.758113,2896144600.07,23.9333|57.1667
23.9565,57.1243,2004-05-23T21:50:00Z,2.5,17,LAT-005,Latvia,Gulf of Riga,Gulf of Riga transitional waters,,Gulf of Riga transitional waters,855.811191767,243360.758113,2896144600.07,23.9565|57.1243
23.9792,57.0737,2004-05-24T07:15:00Z,2.5,17,LAT-005,Latvia,Gulf of Riga,Gulf of Riga transitional waters,,Gulf of Riga transitional waters,855.811191767,243360.758113,2896144600.07,23.9792|57.0737
22.41,57.8433,2004-05-27T22:30:00Z,4,11,SEA-011,Opensea,Gulf of Riga,Opensea Gulf of Riga,Gulf of Riga,Opensea Gulf of Riga,8674.48923994,954770.496399,30193177349.7,22.41|57.8433
22.8833,57.7976,2004-05-28T06:20:00Z,4.2,12,SEA-011,Opensea,Gulf of Riga,Opensea Gulf of Riga,Gulf of Riga,Opensea Gulf of Riga,8674.48923994,954770.496399,30193177349.7,22.8833|57.7976
22.6167,57.7333,2004-05-28T08:30:00Z,4.8,12,LAT-003,Latvia,Gulf of Riga,"Gulf of Riga sandy coast, waterbodies C&E",,"Gulf of Riga sandy coast, waterbodies C&E",387.080162999,296440.220511,1327844259.75,22.6167|57.7333
22.8167,57.5333,2004-05-28T10:40:00Z,4.5,13,LAT-003,Latvia,Gulf of Riga,"Gulf of Riga sandy coast, waterbodies C&E",,"Gulf of Riga sandy coast, waterbodies C&E",387.080162999,296440.220511,1327844259.75,22.8167|57.5333
22.9833,57.5667,2004-05-28T12:00:00Z,3.4,14,SEA-011,Opensea,Gulf of Riga,Opensea Gulf of Riga,Gulf of Riga,Opensea Gulf of Riga,8674.48923994,954770.496399,30193177349.7,22.9833|57.5667
23.07,57.3967,2004-05-28T15:30:00Z,3.2,15,LAT-004,Latvia,Gulf of Riga,"Gulf of Riga stony coast, waterbodies D&F",,"Gulf of Riga stony coast, waterbodies D&F",308.69830546,436367.284109,1064792248.48,23.07|57.3967
23.2508,57.3331,2004-05-28T16:40:00Z,3.2,15,SEA-011,Opensea,Gulf of Riga,Opensea Gulf of Riga,Gulf of Riga,Opensea Gulf of Riga,8674.48923994,954770.496399,30193177349.7,23.2508|57.3331
23.1765,57.3268,2004-05-28T17:40:00Z,3,16,LAT-004,Latvia,Gulf of Riga,"Gulf of Riga stony coast, waterbodies D&F",,"Gulf of Riga stony coast, waterbodies D&F",308.69830546,436367.284109,1064792248.48,23.1765|57.3268
23.3267,57.1682,2004-05-28T19:40:00Z,2.9,17,SEA-011,Opensea,Gulf of Riga,Opensea Gulf of Riga,Gulf of Riga,Opensea Gulf of Riga,8674.48923994,954770.496399,30193177349.7,23.3267|57.1682
23.254,57.1667,2004-05-28T20:25:00Z,2.8,17,LAT-003,Latvia,Gulf of Riga,"Gulf of Riga sandy coast, waterbodies C&E",,"Gulf of Riga sandy coast, waterbodies C&E",387.080162999,296440.220511,1327844259.75,23.254|57.1667
23.4867,57.0467,2004-05-28T22:00:00Z,2.8,17,LAT-003,Latvia,Gulf of Riga,"Gulf of Riga sandy coast, waterbodies C&E",,"Gulf of Riga sandy coast, waterbodies C&E",387.080162999,296440.220511,1327844259.75,23.4867|57.0467
23.705,56.9767,2004-05-29T06:30:00Z,2.9,17,LAT-005,Latvia,Gulf of Riga,Gulf of Riga transitional waters,,Gulf of Riga transitional waters,855.811191767,243360.758113,2896144600.07,23.705|56.9767
23.7433,56.98,2004-05-29T07:45:00Z,3,17,LAT-005,Latvia,Gulf of Riga,Gulf of Riga transitional waters,,Gulf of Riga transitional waters,855.811191767,243360.758113,2896144600.07,23.7433|56.98
23.8129,57.0862,2004-05-29T09:00:00Z,3.2,16,LAT-005,Latvia,Gulf of Riga,Gulf of Riga transitional waters,,Gulf of Riga transitional waters,855.811191767,243360.758113,2896144600.07,23.8129|57.0862
23.8883,57.055,2004-05-29T10:20:00Z,3.1,16,LAT-005,Latvia,Gulf of Riga,Gulf of Riga transitional waters,,Gulf of Riga transitional waters,855.811191767,243360.758113,2896144600.07,23.8883|57.055
23.92,57.025,2004-05-29T11:00:00Z,2.7,17,LAT-005,Latvia,Gulf of Riga,Gulf of Riga transitional waters,,Gulf of Riga transitional waters,855.811191767,243360.758113,2896144600.07,23.92|57.025
23.9683,57.0433,2004-05-29T12:10:00Z,2.5,17,LAT-005,Latvia,Gulf of Riga,Gulf of Riga transitional waters,,Gulf of Riga transitional waters,855.811191767,243360.758113,2896144600.07,23.9683|57.0433
24.0017,57.0833,2004-06-29T11:10:00Z,2.1,21,LAT-005,Latvia,Gulf of Riga,Gulf of Riga transitional waters,,Gulf of Riga transitional waters,855.811191767,243360.758113,2896144600.07,24.0017|57.0833
23.9833,57.1,2004-06-29T12:00:00Z,1.8,21,LAT-005,Latvia,Gulf of Riga,Gulf of Riga transitional waters,,Gulf of Riga transitional waters,855.811191767,243360.758113,2896144600.07,23.9833|57.1
24.25,57.1683,2004-06-29T13:55:00Z,1.8,19,LAT-005,Latvia,Gulf of Riga,Gulf of Riga transitional waters,,Gulf of Riga transitional waters,855.811191767,243360.758113,2896144600.07,24.25|57.1683
24.3733,57.315,2004-06-29T15:35:00Z,2.8,17,LAT-004,Latvia,Gulf of Riga,"Gulf of Riga stony coast, waterbodies D&F",,"Gulf of Riga stony coast, waterbodies D&F",308.69830546,436367.284109,1064792248.48,24.3733|57.315
24.3533,57.4483,2004-06-29T17:10:00Z,2.8,16,LAT-004,Latvia,Gulf of Riga,"Gulf of Riga stony coast, waterbodies D&F",,"Gulf of Riga stony coast, waterbodies D&F",308.69830546,436367.284109,1064792248.48,24.3533|57.4483
24.2717,57.4415,2004-06-29T17:40:00Z,2.8,16,SEA-011,Opensea,Gulf of Riga,Opensea Gulf of Riga,Gulf of Riga,Opensea Gulf of Riga,8674.48923994,954770.496399,30193177349.7,24.2717|57.4415
24.0833,57.35,2004-06-29T21:35:00Z,2.7,16,SEA-011,Opensea,Gulf of Riga,Opensea Gulf of Riga,Gulf of Riga,Opensea Gulf of Riga,8674.48923994,954770.496399,30193177349.7,24.0833|57.35
23.85,57.3,2004-06-30T05:35:00Z,2.8,16,SEA-011,Opensea,Gulf of Riga,Opensea Gulf of Riga,Gulf of Riga,Opensea Gulf of Riga,8674.48923994,954770.496399,30193177349.7,23.85|57.3
23.6667,57.1667,2004-06-30T09:55:00Z,2.9,16,SEA-011,Opensea,Gulf of Riga,Opensea Gulf of Riga,Gulf of Riga,Opensea Gulf of Riga,8674.48923994,954770.496399,30193177349.7,23.6667|57.1667
23.4867,57.0467,2004-06-30T11:30:00Z,1.9,16,LAT-003,Latvia,Gulf of Riga,"Gulf of Riga sandy coast, waterbodies C&E",,"Gulf of Riga sandy coast, waterbodies C&E",387.080162999,296440.220511,1327844259.75,23.4867|57.0467
23.92,57.025,2004-06-30T13:35:00Z,1.9,16,LAT-005,Latvia,Gulf of Riga,Gulf of Riga transitional waters,,Gulf of Riga transitional waters,855.811191767,243360.758113,2896144600.07,23.92|57.025
24.0017,57.0833,2004-07-27T14:05:00Z,2,15,LAT-005,Latvia,Gulf of Riga,Gulf of Riga transitional waters,,Gulf of Riga transitional waters,855.811191767,243360.758113,2896144600.07,24.0017|57.0833
23.9833,57.1,2004-07-27T14:45:00Z,2.5,13,LAT-005,Latvia,Gulf of Riga,Gulf of Riga transitional waters,,Gulf of Riga transitional waters,855.811191767,243360.758113,2896144600.07,23.9833|57.1
24.25,57.1683,2004-07-27T16:40:00Z,2.6,9,LAT-005,Latvia,Gulf of Riga,Gulf of Riga transitional waters,,Gulf of Riga transitional waters,855.811191767,243360.758113,2896144600.07,24.25|57.1683
24.3733,57.315,2004-07-27T18:40:00Z,2.4,9,LAT-004,Latvia,Gulf of Riga,"Gulf of Riga stony coast, waterbodies D&F",,"Gulf of Riga stony coast, waterbodies D&F",308.69830546,436367.284109,1064792248.48,24.3733|57.315
24.0833,57.35,2004-07-27T20:15:00Z,2.9,9,SEA-011,Opensea,Gulf of Riga,Opensea Gulf of Riga,Gulf of Riga,Opensea Gulf of Riga,8674.48923994,954770.496399,30193177349.7,24.0833|57.35
24.1167,57.6,2004-07-28T06:30:00Z,2.9,9,SEA-011,Opensea,Gulf of Riga,Opensea Gulf of Riga,Gulf of Riga,Opensea Gulf of Riga,8674.48923994,954770.496399,30193177349.7,24.1167|57.6
23.6667,57.1667,2004-08-03T20:40:00Z,2.7,15,SEA-011,Opensea,Gulf of Riga,Opensea Gulf of Riga,Gulf of Riga,Opensea Gulf of Riga,8674.48923994,954770.496399,30193177349.7,23.6667|57.1667
22.6167,57.7333,2004-08-04T05:30:00Z,3.5,15,LAT-003,Latvia,Gulf of Riga,"Gulf of Riga sandy coast, waterbodies C&E",,"Gulf of Riga sandy coast, waterbodies C&E",387.080162999,296440.220511,1327844259.75,22.6167|57.7333
22.8833,57.7976,2004-08-04T07:20:00Z,3,14,SEA-011,Opensea,Gulf of Riga,Opensea Gulf of Riga,Gulf of Riga,Opensea Gulf of Riga,8674.48923994,954770.496399,30193177349.7,22.8833|57.7976
22.41,57.8433,2004-08-04T09:40:00Z,3.5,12,SEA-011,Opensea,Gulf of Riga,Opensea Gulf of Riga,Gulf of Riga,Opensea Gulf of Riga,8674.48923994,954770.496399,30193177349.7,22.41|57.8433
22.8167,57.5333,2004-08-06T05:20:00Z,3,15,LAT-003,Latvia,Gulf of Riga,"Gulf of Riga sandy coast, waterbodies C&E",,"Gulf of Riga sandy coast, waterbodies C&E",387.080162999,296440.220511,1327844259.75,22.8167|57.5333
22.9833,57.5667,2004-08-06T06:35:00Z,3,15,SEA-011,Opensea,Gulf of Riga,Opensea Gulf of Riga,Gulf of Riga,Opensea Gulf of Riga,8674.48923994,954770.496399,30193177349.7,22.9833|57.5667
23.07,57.3967,2004-08-06T08:40:00Z,2.6,16,LAT-004,Latvia,Gulf of Riga,"Gulf of Riga stony coast, waterbodies D&F",,"Gulf of Riga stony coast, waterbodies D&F",308.69830546,436367.284109,1064792248.48,23.07|57.3967
23.1765,57.3268,2004-08-06T09:55:00Z,2.8,15,LAT-004,Latvia,Gulf of Riga,"Gulf of Riga stony coast, waterbodies D&F",,"Gulf of Riga stony coast, waterbodies D&F",308.69830546,436367.284109,1064792248.48,23.1765|57.3268
23.4833,57.4,2004-08-06T11:40:00Z,2.6,16,SEA-011,Opensea,Gulf of Riga,Opensea Gulf of Riga,Gulf of Riga,Opensea Gulf of Riga,8674.48923994,954770.496399,30193177349.7,23.4833|57.4
23.254,57.1667,2004-08-06T14:10:00Z,2.4,16,LAT-003,Latvia,Gulf of Riga,"Gulf of Riga sandy coast, waterbodies C&E",,"Gulf of Riga sandy coast, waterbodies C&E",387.080162999,296440.220511,1327844259.75,23.254|57.1667
23.4867,57.0467,2004-08-06T16:05:00Z,2.6,16,LAT-003,Latvia,Gulf of Riga,"Gulf of Riga sandy coast, waterbodies C&E",,"Gulf of Riga sandy coast, waterbodies C&E",387.080162999,296440.220511,1327844259.75,23.4867|57.0467
23.85,57.3,2004-08-09T21:40:00Z,3,16,SEA-011,Opensea,Gulf of Riga,Opensea Gulf of Riga,Gulf of Riga,Opensea Gulf of Riga,8674.48923994,954770.496399,30193177349.7,23.85|57.3
24.1167,57.6,2004-08-10T06:05:00Z,3.2,17,SEA-011,Opensea,Gulf of Riga,Opensea Gulf of Riga,Gulf of Riga,Opensea Gulf of Riga,8674.48923994,954770.496399,30193177349.7,24.1167|57.6
24.3367,57.5933,2004-08-10T07:40:00Z,2.6,17,LAT-004,Latvia,Gulf of Riga,"Gulf of Riga stony coast, waterbodies D&F",,"Gulf of Riga stony coast, waterbodies D&F",308.69830546,436367.284109,1064792248.48,24.3367|57.5933
24.315,57.7467,2004-08-10T09:15:00Z,2.4,16,LAT-004,Latvia,Gulf of Riga,"Gulf of Riga stony coast, waterbodies D&F",,"Gulf of Riga stony coast, waterbodies D&F",308.69830546,436367.284109,1064792248.48,24.315|57.7467
24.3085,57.856,2004-08-10T10:40:00Z,2.3,17,LAT-004,Latvia,Gulf of Riga,"Gulf of Riga stony coast, waterbodies D&F",,"Gulf of Riga stony coast, waterbodies D&F",308.69830546,436367.284109,1064792248.48,24.3085|57.856
24.2433,57.88,2004-08-10T11:25:00Z,2.5,16,SEA-011,Opensea,Gulf of Riga,Opensea Gulf of Riga,Gulf of Riga,Opensea Gulf of Riga,8674.48923994,954770.496399,30193177349.7,24.2433|57.88
24.0665,57.8827,2004-08-10T12:25:00Z,3.2,15,SEA-011,Opensea,Gulf of Riga,Opensea Gulf of Riga,Gulf of Riga,Opensea Gulf of Riga,8674.48923994,954770.496399,30193177349.7,24.0665|57.8827
23.9167,57.85,2004-08-10T13:40:00Z,3.2,15,SEA-011,Opensea,Gulf of Riga,Opensea Gulf of Riga,Gulf of Riga,Opensea Gulf of Riga,8674.48923994,954770.496399,30193177349.7,23.9167|57.85
23.6167,57.6167,2004-08-10T16:10:00Z,3.2,15,SEA-011,Opensea,Gulf of Riga,Opensea Gulf of Riga,Gulf of Riga,Opensea Gulf of Riga,8674.48923994,954770.496399,30193177349.7,23.6167|57.6167
24.0833,57.35,2004-08-11T06:20:00Z,3.1,14,SEA-011,Opensea,Gulf of Riga,Opensea Gulf of Riga,Gulf of Riga,Opensea Gulf of Riga,8674.48923994,954770.496399,30193177349.7,24.0833|57.35
24.3533,57.4483,2004-08-11T08:10:00Z,3.1,14,LAT-004,Latvia,Gulf of Riga,"Gulf of Riga stony coast, waterbodies D&F",,"Gulf of Riga stony coast, waterbodies D&F",308.69830546,436367.284109,1064792248.48,24.3533|57.4483
24.3733,57.315,2004-08-11T09:20:00Z,2.9,15,LAT-004,Latvia,Gulf of Riga,"Gulf of Riga stony coast, waterbodies D&F",,"Gulf of Riga stony coast, waterbodies D&F",308.69830546,436367.284109,1064792248.48,24.3733|57.315
24.3667,57.24,2004-08-11T10:30:00Z,2.9,15,LAT-005,Latvia,Gulf of Riga,Gulf of Riga transitional waters,,Gulf of Riga transitional waters,855.811191767,243360.758113,2896144600.07,24.3667|57.24
24.25,57.1683,2004-08-11T11:30:00Z,2.9,16,LAT-005,Latvia,Gulf of Riga,Gulf of Riga transitional waters,,Gulf of Riga transitional waters,855.811191767,243360.758113,2896144600.07,24.25|57.1683
24.097,57.0986,2004-08-11T12:55:00Z,2.6,16,LAT-005,Latvia,Gulf of Riga,Gulf of Riga transitional waters,,Gulf of Riga transitional waters,855.811191767,243360.758113,2896144600.07,24.097|57.0986
23.9833,57.1,2004-08-11T13:40:00Z,3,15,LAT-005,Latvia,Gulf of Riga,Gulf of Riga transitional waters,,Gulf of Riga transitional waters,855.811191767,243360.758113,2896144600.07,23.9833|57.1
24.0017,57.0833,2004-08-11T14:25:00Z,1.9,18,LAT-005,Latvia,Gulf of Riga,Gulf of Riga transitional waters,,Gulf of Riga transitional waters,855.811191767,243360.758113,2896144600.07,24.0017|57.0833
23.9792,57.0737,2004-08-11T15:10:00Z,2.1,17,LAT-005,Latvia,Gulf of Riga,Gulf of Riga transitional waters,,Gulf of Riga transitional waters,855.811191767,243360.758113,2896144600.07,23.9792|57.0737
23.9683,57.0433,2004-08-11T15:45:00Z,2.5,16,LAT-005,Latvia,Gulf of Riga,Gulf of Riga transitional waters,,Gulf of Riga transitional waters,855.811191767,243360.758113,2896144600.07,23.9683|57.0433
23.92,57.025,2004-08-11T16:20:00Z,2.1,16,LAT-005,Latvia,Gulf of Riga,Gulf of Riga transitional waters,,Gulf of Riga transitional waters,855.811191767,243360.758113,2896144600.07,23.92|57.025
23.7433,56.98,2004-08-11T17:40:00Z,2,16,LAT-005,Latvia,Gulf of Riga,Gulf of Riga transitional waters,,Gulf of Riga transitional waters,855.811191767,243360.758113,2896144600.07,23.7433|56.98
23.705,56.9767,2004-08-11T18:45:00Z,2,16,LAT-005,Latvia,Gulf of Riga,Gulf of Riga transitional waters,,Gulf of Riga transitional waters,855.811191767,243360.758113,2896144600.07,23.705|56.9767
23.9333,57.1667,2004-08-11T21:10:00Z,3,14,LAT-005,Latvia,Gulf of Riga,Gulf of Riga transitional waters,,Gulf of Riga transitional waters,855.811191767,243360.758113,2896144600.07,23.9333|57.1667
24.0017,57.0833,2004-09-17T13:20:00Z,2.4,19,LAT-005,Latvia,Gulf of Riga,Gulf of Riga transitional waters,,Gulf of Riga transitional waters,855.811191767,243360.758113,2896144600.07,24.0017|57.0833
23.9833,57.1,2004-09-17T14:10:00Z,2.6,13,LAT-005,Latvia,Gulf of Riga,Gulf of Riga transitional waters,,Gulf of Riga transitional waters,855.811191767,243360.758113,2896144600.07,23.9833|57.1
24.097,57.0986,2004-09-17T15:05:00Z,1.9,13,LAT-005,Latvia,Gulf of Riga,Gulf of Riga transitional waters,,Gulf of Riga transitional waters,855.811191767,243360.758113,2896144600.07,24.097|57.0986
24.25,57.1683,2004-09-17T16:20:00Z,2.1,19,LAT-005,Latvia,Gulf of Riga,Gulf of Riga transitional waters,,Gulf of Riga transitional waters,855.811191767,243360.758113,2896144600.07,24.25|57.1683
24.3667,57.24,2004-09-17T17:40:00Z,1.9,13,LAT-005,Latvia,Gulf of Riga,Gulf of Riga transitional waters,,Gulf of Riga transitional waters,855.811191767,243360.758113,2896144600.07,24.3667|57.24
24.3733,57.315,2004-09-17T18:35:00Z,1.9,13,LAT-004,Latvia,Gulf of Riga,"Gulf of Riga stony coast, waterbodies D&F",,"Gulf of Riga stony coast, waterbodies D&F",308.69830546,436367.284109,1064792248.48,24.3733|57.315
23.6667,57.1667,2004-09-18T07:20:00Z,3.6,13,SEA-011,Opensea,Gulf of Riga,Opensea Gulf of Riga,Gulf of Riga,Opensea Gulf of Riga,8674.48923994,954770.496399,30193177349.7,23.6667|57.1667
23.4833,57.4,2004-09-18T09:40:00Z,3.9,9,SEA-011,Opensea,Gulf of Riga,Opensea Gulf of Riga,Gulf of Riga,Opensea Gulf of Riga,8674.48923994,954770.496399,30193177349.7,23.4833|57.4
22.9833,57.5667,2004-09-18T12:40:00Z,3.9,9,SEA-011,Opensea,Gulf of Riga,Opensea Gulf of Riga,Gulf of Riga,Opensea Gulf of Riga,8674.48923994,954770.496399,30193177349.7,22.9833|57.5667
22.8167,57.5333,2004-09-18T13:50:00Z,2.8,9,LAT-003,Latvia,Gulf of Riga,"Gulf of Riga sandy coast, waterbodies C&E",,"Gulf of Riga sandy coast, waterbodies C&E",387.080162999,296440.220511,1327844259.75,22.8167|57.5333
23.07,57.3967,2004-09-18T15:50:00Z,2.7,9,LAT-004,Latvia,Gulf of Riga,"Gulf of Riga stony coast, waterbodies D&F",,"Gulf of Riga stony coast, waterbodies D&F",308.69830546,436367.284109,1064792248.48,23.07|57.3967
23.4867,57.0467,2004-09-18T19:20:00Z,2.9,13,LAT-003,Latvia,Gulf of Riga,"Gulf of Riga sandy coast, waterbodies C&E",,"Gulf of Riga sandy coast, waterbodies C&E",387.080162999,296440.220511,1327844259.75,23.4867|57.0467
23.7433,56.98,2004-09-19T07:10:00Z,2.6,11,LAT-005,Latvia,Gulf of Riga,Gulf of Riga transitional waters,,Gulf of Riga transitional waters,855.811191767,243360.758113,2896144600.07,23.7433|56.98
23.92,57.025,2004-09-19T08:20:00Z,2.6,11,LAT-005,Latvia,Gulf of Riga,Gulf of Riga transitional waters,,Gulf of Riga transitional waters,855.811191767,243360.758113,2896144600.07,23.92|57.025
23.9683,57.0433,2004-09-19T09:20:00Z,2.5,11,LAT-005,Latvia,Gulf of Riga,Gulf of Riga transitional waters,,Gulf of Riga transitional waters,855.811191767,243360.758113,2896144600.07,23.9683|57.0433
23.9792,57.0737,2004-09-19T09:50:00Z,2.4,11,LAT-005,Latvia,Gulf of Riga,Gulf of Riga transitional waters,,Gulf of Riga transitional waters,855.811191767,243360.758113,2896144600.07,23.9792|57.0737
24.0017,57.0833,2004-10-12T11:35:00Z,2.8,13,LAT-005,Latvia,Gulf of Riga,Gulf of Riga transitional waters,,Gulf of Riga transitional waters,855.811191767,243360.758113,2896144600.07,24.0017|57.0833
23.9833,57.1,2004-10-12T12:45:00Z,3.4,13,LAT-005,Latvia,Gulf of Riga,Gulf of Riga transitional waters,,Gulf of Riga transitional waters,855.811191767,243360.758113,2896144600.07,23.9833|57.1
24.097,57.0986,2004-10-12T14:00:00Z,2.6,13,LAT-005,Latvia,Gulf of Riga,Gulf of Riga transitional waters,,Gulf of Riga transitional waters,855.811191767,243360.758113,2896144600.07,24.097|57.0986
24.25,57.1683,2004-10-12T15:25:00Z,2.9,11,LAT-005,Latvia,Gulf of Riga,Gulf of Riga transitional waters,,Gulf of Riga transitional waters,855.811191767,243360.758113,2896144600.07,24.25|57.1683
24.3667,57.24,2004-10-12T16:40:00Z,3.4,13,LAT-005,Latvia,Gulf of Riga,Gulf of Riga transitional waters,,Gulf of Riga transitional waters,855.811191767,243360.758113,2896144600.07,24.3667|57.24
24.3733,57.315,2004-10-12T17:35:00Z,3.4,13,LAT-004,Latvia,Gulf of Riga,"Gulf of Riga stony coast, waterbodies D&F",,"Gulf of Riga stony coast, waterbodies D&F",308.69830546,436367.284109,1064792248.48,24.3733|57.315
24.3367,57.5933,2004-10-13T07:30:00Z,3.5,13,LAT-004,Latvia,Gulf of Riga,"Gulf of Riga stony coast, waterbodies D&F",,"Gulf of Riga stony coast, waterbodies D&F",308.69830546,436367.284109,1064792248.48,24.3367|57.5933
24.1167,57.6,2004-10-13T08:50:00Z,4.9,13,SEA-011,Opensea,Gulf of Riga,Opensea Gulf of Riga,Gulf of Riga,Opensea Gulf of Riga,8674.48923994,954770.496399,30193177349.7,24.1167|57.6
23.6167,57.6167,2004-10-13T11:30:00Z,5,13,SEA-011,Opensea,Gulf of Riga,Opensea Gulf of Riga,Gulf of Riga,Opensea Gulf of Riga,8674.48923994,954770.496399,30193177349.7,23.6167|57.6167
22.9833,57.5667,2004-10-13T15:00:00Z,3.6,13,SEA-011,Opensea,Gulf of Riga,Opensea Gulf of Riga,Gulf of Riga,Opensea Gulf of Riga,8674.48923994,954770.496399,30193177349.7,22.9833|57.5667
22.8167,57.5333,2004-10-13T16:15:00Z,3.2,13,LAT-003,Latvia,Gulf of Riga,"Gulf of Riga sandy coast, waterbodies C&E",,"Gulf of Riga sandy coast, waterbodies C&E",387.080162999,296440.220511,1327844259.75,22.8167|57.5333
23.07,57.3967,2004-10-13T18:00:00Z,3.1,11,LAT-004,Latvia,Gulf of Riga,"Gulf of Riga stony coast, waterbodies D&F",,"Gulf of Riga stony coast, waterbodies D&F",308.69830546,436367.284109,1064792248.48,23.07|57.3967
23.4867,57.0467,2004-10-14T09:35:00Z,3.3,13,LAT-003,Latvia,Gulf of Riga,"Gulf of Riga sandy coast, waterbodies C&E",,"Gulf of Riga sandy coast, waterbodies C&E",387.080162999,296440.220511,1327844259.75,23.4867|57.0467
23.705,56.9767,2004-10-14T10:50:00Z,2.9,13,LAT-005,Latvia,Gulf of Riga,Gulf of Riga transitional waters,,Gulf of Riga transitional waters,855.811191767,243360.758113,2896144600.07,23.705|56.9767
23.7433,56.98,2004-10-14T11:50:00Z,3.2,13,LAT-005,Latvia,Gulf of Riga,Gulf of Riga transitional waters,,Gulf of Riga transitional waters,855.811191767,243360.758113,2896144600.07,23.7433|56.98
23.92,57.025,2004-10-14T12:55:00Z,2.4,19,LAT-005,Latvia,Gulf of Riga,Gulf of Riga transitional waters,,Gulf of Riga transitional waters,855.811191767,243360.758113,2896144600.07,23.92|57.025
23.9792,57.0737,2004-10-14T14:15:00Z,2.4,13,LAT-005,Latvia,Gulf of Riga,Gulf of Riga transitional waters,,Gulf of Riga transitional waters,855.811191767,243360.758113,2896144600.07,23.9792|57.0737
24.0017,57.0833,2004-10-26T11:46:00Z,3.2,9,LAT-005,Latvia,Gulf of Riga,Gulf of Riga transitional waters,,Gulf of Riga transitional waters,855.811191767,243360.758113,2896144600.07,24.0017|57.0833
23.9792,57.0737,2004-10-26T12:44:00Z,3.4,9,LAT-005,Latvia,Gulf of Riga,Gulf of Riga transitional waters,,Gulf of Riga transitional waters,855.811191767,243360.758113,2896144600.07,23.9792|57.0737
23.9833,57.1,2004-10-26T13:20:00Z,3.5,9,LAT-005,Latvia,Gulf of Riga,Gulf of Riga transitional waters,,Gulf of Riga transitional waters,855.811191767,243360.758113,2896144600.07,23.9833|57.1
23.92,57.025,2004-10-26T14:40:00Z,3.6,9,LAT-005,Latvia,Gulf of Riga,Gulf of Riga transitional waters,,Gulf of Riga transitional waters,855.811191767,243360.758113,2896144600.07,23.92|57.025
23.7433,56.98,2004-10-26T15:56:00Z,3.5,9,LAT-005,Latvia,Gulf of Riga,Gulf of Riga transitional waters,,Gulf of Riga transitional waters,855.811191767,243360.758113,2896144600.07,23.7433|56.98
23.705,56.9767,2004-10-26T17:06:00Z,3,9,LAT-005,Latvia,Gulf of Riga,Gulf of Riga transitional waters,,Gulf of Riga transitional waters,855.811191767,243360.758113,2896144600.07,23.705|56.9767
23.4867,57.0467,2004-10-26T18:07:00Z,3,9,LAT-003,Latvia,Gulf of Riga,"Gulf of Riga sandy coast, waterbodies C&E",,"Gulf of Riga sandy coast, waterbodies C&E",387.080162999,296440.220511,1327844259.75,23.4867|57.0467
22.9833,57.5667,2004-10-27T08:25:00Z,3.7,9,SEA-011,Opensea,Gulf of Riga,Opensea Gulf of Riga,Gulf of Riga,Opensea Gulf of Riga,8674.48923994,954770.496399,30193177349.7,22.9833|57.5667
22.6167,57.7333,2004-10-27T11:22:00Z,3.8,9,LAT-003,Latvia,Gulf of Riga,"Gulf of Riga sandy coast, waterbodies C&E",,"Gulf of Riga sandy coast, waterbodies C&E",387.080162999,296440.220511,1327844259.75,22.6167|57.7333
22.8833,57.7976,2004-10-27T12:53:00Z,3.6,9,SEA-011,Opensea,Gulf of Riga,Opensea Gulf of Riga,Gulf of Riga,Opensea Gulf of Riga,8674.48923994,954770.496399,30193177349.7,22.8833|57.7976
23.9333,57.1667,2004-11-02T12:10:00Z,4.1,6,LAT-005,Latvia,Gulf of Riga,Gulf of Riga transitional waters,,Gulf of Riga transitional waters,855.811191767,243360.758113,2896144600.07,23.9333|57.1667
23.85,57.3,2004-11-02T13:55:00Z,4.5,9,SEA-011,Opensea,Gulf of Riga,Opensea Gulf of Riga,Gulf of Riga,Opensea Gulf of Riga,8674.48923994,954770.496399,30193177349.7,23.85|57.3
23.7667,57.4167,2004-11-02T15:50:00Z,4.8,9,SEA-011,Opensea,Gulf of Riga,Opensea Gulf of Riga,Gulf of Riga,Opensea Gulf of Riga,8674.48923994,954770.496399,30193177349.7,23.7667|57.4167
24.2433,57.88,2004-11-03T07:45:00Z,2,9,SEA-011,Opensea,Gulf of Riga,Opensea Gulf of Riga,Gulf of Riga,Opensea Gulf of Riga,8674.48923994,954770.496399,30193177349.7,24.2433|57.88
24.1167,57.6,2004-11-03T10:40:00Z,3.3,9,SEA-011,Opensea,Gulf of Riga,Opensea Gulf of Riga,Gulf of Riga,Opensea Gulf of Riga,8674.48923994,954770.496399,30193177349.7,24.1167|57.6
24.3367,57.5933,2004-11-03T12:10:00Z,2.8,19,LAT-004,Latvia,Gulf of Riga,"Gulf of Riga stony coast, waterbodies D&F",,"Gulf of Riga stony coast, waterbodies D&F",308.69830546,436367.284109,1064792248.48,24.3367|57.5933
24.3533,57.4483,2004-11-03T14:35:00Z,3.7,9,LAT-004,Latvia,Gulf of Riga,"Gulf of Riga stony coast, waterbodies D&F",,"Gulf of Riga stony coast, waterbodies D&F",308.69830546,436367.284109,1064792248.48,24.3533|57.4483
24.3733,57.315,2004-11-03T15:53:00Z,2.8,9,LAT-004,Latvia,Gulf of Riga,"Gulf of Riga stony coast, waterbodies D&F",,"Gulf of Riga stony coast, waterbodies D&F",308.69830546,436367.284109,1064792248.48,24.3733|57.315
23.1765,57.3268,2004-11-04T08:15:00Z,2.5,9,LAT-004,Latvia,Gulf of Riga,"Gulf of Riga stony coast, waterbodies D&F",,"Gulf of Riga stony coast, waterbodies D&F",308.69830546,436367.284109,1064792248.48,23.1765|57.3268
23.254,57.1667,2004-11-04T10:00:00Z,2.3,9,LAT-003,Latvia,Gulf of Riga,"Gulf of Riga sandy coast, waterbodies C&E",,"Gulf of Riga sandy coast, waterbodies C&E",387.080162999,296440.220511,1327844259.75,23.254|57.1667
24.25,57.1683,2004-11-04T14:10:00Z,1.3,21,LAT-005,Latvia,Gulf of Riga,Gulf of Riga transitional waters,,Gulf of Riga transitional waters,855.811191767,243360.758113,2896144600.07,24.25|57.1683
24.097,57.0986,2004-11-04T15:25:00Z,3.1,21,LAT-005,Latvia,Gulf of Riga,Gulf of Riga transitional waters,,Gulf of Riga transitional waters,855.811191767,243360.758113,2896144600.07,24.097|57.0986
24.0017,57.0833,2004-11-27T11:30:00Z,2,19,LAT-005,Latvia,Gulf of Riga,Gulf of Riga transitional waters,,Gulf of Riga transitional waters,855.811191767,243360.758113,2896144600.07,24.0017|57.0833
23.9833,57.1,2004-11-27T12:20:00Z,1.6,17,LAT-005,Latvia,Gulf of Riga,Gulf of Riga transitional waters,,Gulf of Riga transitional waters,855.811191767,243360.758113,2896144600.07,23.9833|57.1
23.92,57.025,2004-11-27T13:45:00Z,1.7,17,LAT-005,Latvia,Gulf of Riga,Gulf of Riga transitional waters,,Gulf of Riga transitional waters,855.811191767,243360.758113,2896144600.07,23.92|57.025
23.4867,57.0467,2004-11-27T15:50:00Z,2.1,13,LAT-003,Latvia,Gulf of Riga,"Gulf of Riga sandy coast, waterbodies C&E",,"Gulf of Riga sandy coast, waterbodies C&E",387.080162999,296440.220511,1327844259.75,23.4867|57.0467
24.25,57.1683,2004-11-28T09:25:00Z,2.1,19,LAT-005,Latvia,Gulf of Riga,Gulf of Riga transitional waters,,Gulf of Riga transitional waters,855.811191767,243360.758113,2896144600.07,24.25|57.1683
23.85,57.3,2004-12-14T07:50:00Z,2.5,9,SEA-011,Opensea,Gulf of Riga,Opensea Gulf of Riga,Gulf of Riga,Opensea Gulf of Riga,8674.48923994,954770.496399,30193177349.7,23.85|57.3
23.6667,57.1667,2004-12-14T10:10:00Z,3,9,SEA-011,Opensea,Gulf of Riga,Opensea Gulf of Riga,Gulf of Riga,Opensea Gulf of Riga,8674.48923994,954770.496399,30193177349.7,23.6667|57.1667
23.4867,57.0467,2004-12-14T12:05:00Z,2.5,9,LAT-003,Latvia,Gulf of Riga,"Gulf of Riga sandy coast, waterbodies C&E",,"Gulf of Riga sandy coast, waterbodies C&E",387.080162999,296440.220511,1327844259.75,23.4867|57.0467
23.92,57.025,2004-12-14T14:15:00Z,1.5,19,LAT-005,Latvia,Gulf of Riga,Gulf of Riga transitional waters,,Gulf of Riga transitional waters,855.811191767,243360.758113,2896144600.07,23.92|57.025
23.9833,57.1,1981-05-05T15:40:00Z,1.5,21,LAT-005,Latvia,Gulf of Riga,Gulf of Riga transitional waters,,Gulf of Riga transitional waters,855.811191767,243360.758113,2896144600.07,23.9833|57.1
23.85,57.3,1981-05-05T18:25:00Z,2.5,16,SEA-011,Opensea,Gulf of Riga,Opensea Gulf of Riga,Gulf of Riga,Opensea Gulf of Riga,8674.48923994,954770.496399,30193177349.7,23.85|57.3
23.7667,57.4167,1981-05-05T20:55:00Z,2.5,17,SEA-011,Opensea,Gulf of Riga,Opensea Gulf of Riga,Gulf of Riga,Opensea Gulf of Riga,8674.48923994,954770.496399,30193177349.7,23.7667|57.4167
23.2507,57.5962,1981-05-07T09:50:00Z,3,15,SEA-011,Opensea,Gulf of Riga,Opensea Gulf of Riga,Gulf of Riga,Opensea Gulf of Riga,8674.48923994,954770.496399,30193177349.7,23.2507|57.5962
22.9833,57.5667,1981-05-07T11:15:00Z,3,14,SEA-011,Opensea,Gulf of Riga,Opensea Gulf of Riga,Gulf of Riga,Opensea Gulf of Riga,8674.48923994,954770.496399,30193177349.7,22.9833|57.5667
22.41,57.8433,1981-05-08T09:45:00Z,3,12,SEA-011,Opensea,Gulf of Riga,Opensea Gulf of Riga,Gulf of Riga,Opensea Gulf of Riga,8674.48923994,954770.496399,30193177349.7,22.41|57.8433
22.8833,57.7976,1981-05-08T12:30:00Z,3,13,SEA-011,Opensea,Gulf of Riga,Opensea Gulf of Riga,Gulf of Riga,Opensea Gulf of Riga,8674.48923994,954770.496399,30193177349.7,22.8833|57.7976
22.8781,57.5354,1981-05-08T15:10:00Z,2.5,13,SEA-011,Opensea,Gulf of Riga,Opensea Gulf of Riga,Gulf of Riga,Opensea Gulf of Riga,8674.48923994,954770.496399,30193177349.7,22.8781|57.5354
22.41,57.8433,2010-05-12T19:30:00Z,3.4,11,SEA-011,Opensea,Gulf of Riga,Opensea Gulf of Riga,Gulf of Riga,Opensea Gulf of Riga,8674.48923994,954770.496399,30193177349.7,22.41|57.8433
22.6167,57.7333,2010-05-13T06:40:00Z,3.6,11,LAT-003,Latvia,Gulf of Riga,"Gulf of Riga sandy coast, waterbodies C&E",,"Gulf of Riga sandy coast, waterbodies C&E",387.080162999,296440.220511,1327844259.75,22.6167|57.7333
22.8167,57.5333,2010-05-13T09:00:00Z,3.1,11,LAT-003,Latvia,Gulf of Riga,"Gulf of Riga sandy coast, waterbodies C&E",,"Gulf of Riga sandy coast, waterbodies C&E",387.080162999,296440.220511,1327844259.75,22.8167|57.5333
22.9833,57.5667,2010-05-13T14:25:00Z,3.5,13,SEA-011,Opensea,Gulf of Riga,Opensea Gulf of Riga,Gulf of Riga,Opensea Gulf of Riga,8674.48923994,954770.496399,30193177349.7,22.9833|57.5667
23.07,57.3967,2010-05-14T06:30:00Z,3.6,13,LAT-004,Latvia,Gulf of Riga,"Gulf of Riga stony coast, waterbodies D&F",,"Gulf of Riga stony coast, waterbodies D&F",308.69830546,436367.284109,1064792248.48,23.07|57.3967
23.2373,57.3589,2010-05-14T08:20:00Z,2.5,13,SEA-011,Opensea,Gulf of Riga,Opensea Gulf of Riga,Gulf of Riga,Opensea Gulf of Riga,8674.48923994,954770.496399,30193177349.7,23.2373|57.3589
23.2291,57.3348,2010-05-14T09:10:00Z,2.1,17,SEA-011,Opensea,Gulf of Riga,Opensea Gulf of Riga,Gulf of Riga,Opensea Gulf of Riga,8674.48923994,954770.496399,30193177349.7,23.2291|57.3348
23.3059,57.3458,2010-05-14T10:00:00Z,2.4,13,SEA-011,Opensea,Gulf of Riga,Opensea Gulf of Riga,Gulf of Riga,Opensea Gulf of Riga,8674.48923994,954770.496399,30193177349.7,23.3059|57.3458
23.2761,57.3214,2010-05-14T10:50:00Z,2.4,13,SEA-011,Opensea,Gulf of Riga,Opensea Gulf of Riga,Gulf of Riga,Opensea Gulf of Riga,8674.48923994,954770.496399,30193177349.7,23.2761|57.3214
23.3547,57.2826,2010-05-14T11:55:00Z,2.8,13,SEA-011,Opensea,Gulf of Riga,Opensea Gulf of Riga,Gulf of Riga,Opensea Gulf of Riga,8674.48923994,954770.496399,30193177349.7,23.3547|57.2826
23.4251,57.2623,2010-05-14T14:50:00Z,3.1,13,SEA-011,Opensea,Gulf of Riga,Opensea Gulf of Riga,Gulf of Riga,Opensea Gulf of Riga,8674.48923994,954770.496399,30193177349.7,23.4251|57.2623
23.4263,57.2245,2010-05-14T13:40:00Z,2.6,11,SEA-011,Opensea,Gulf of Riga,Opensea Gulf of Riga,Gulf of Riga,Opensea Gulf of Riga,8674.48923994,954770.496399,30193177349.7,23.4263|57.2245
23.3326,57.2196,2010-05-14T14:40:00Z,2.2,11,SEA-011,Opensea,Gulf of Riga,Opensea Gulf of Riga,Gulf of Riga,Opensea Gulf of Riga,8674.48923994,954770.496399,30193177349.7,23.3326|57.2196
23.2648,57.2349,2010-05-14T16:35:00Z,1.8,13,SEA-011,Opensea,Gulf of Riga,Opensea Gulf of Riga,Gulf of Riga,Opensea Gulf of Riga,8674.48923994,954770.496399,30193177349.7,23.2648|57.2349
23.6667,57.1667,2010-05-14T18:00:00Z,1.9,19,SEA-011,Opensea,Gulf of Riga,Opensea Gulf of Riga,Gulf of Riga,Opensea Gulf of Riga,8674.48923994,954770.496399,30193177349.7,23.6667|57.1667
23.4867,57.0467,2010-05-14T20:10:00Z,2.4,19,LAT-003,Latvia,Gulf of Riga,"Gulf of Riga sandy coast, waterbodies C&E",,"Gulf of Riga sandy coast, waterbodies C&E",387.080162999,296440.220511,1327844259.75,23.4867|57.0467
23.7433,56.98,2010-05-14T22:05:00Z,1.9,21,LAT-005,Latvia,Gulf of Riga,Gulf of Riga transitional waters,,Gulf of Riga transitional waters,855.811191767,243360.758113,2896144600.07,23.7433|56.98
23.8883,57.055,2010-05-15T06:00:00Z,1.4,21,LAT-005,Latvia,Gulf of Riga,Gulf of Riga transitional waters,,Gulf of Riga transitional waters,855.811191767,243360.758113,2896144600.07,23.8883|57.055
23.92,57.025,2010-05-15T07:15:00Z,1.3,21,LAT-005,Latvia,Gulf of Riga,Gulf of Riga transitional waters,,Gulf of Riga transitional waters,855.811191767,243360.758113,2896144600.07,23.92|57.025
24.0017,57.0833,2010-05-15T08:45:00Z,1.1,21,LAT-005,Latvia,Gulf of Riga,Gulf of Riga transitional waters,,Gulf of Riga transitional waters,855.811191767,243360.758113,2896144600.07,24.0017|57.0833
23.9833,57.1,2010-05-15T09:35:00Z,1.6,21,LAT-005,Latvia,Gulf of Riga,Gulf of Riga transitional waters,,Gulf of Riga transitional waters,855.811191767,243360.758113,2896144600.07,23.9833|57.1
23.9565,57.1243,2010-05-15T11:00:00Z,1.1,21,LAT-005,Latvia,Gulf of Riga,Gulf of Riga transitional waters,,Gulf of Riga transitional waters,855.811191767,243360.758113,2896144600.07,23.9565|57.1243
23.9333,57.1667,2010-05-15T12:40:00Z,1.5,21,LAT-005,Latvia,Gulf of Riga,Gulf of Riga transitional waters,,Gulf of Riga transitional waters,855.811191767,243360.758113,2896144600.07,23.9333|57.1667
24.2167,57.1833,2010-05-15T14:10:00Z,1.7,21,LAT-005,Latvia,Gulf of Riga,Gulf of Riga transitional waters,,Gulf of Riga transitional waters,855.811191767,243360.758113,2896144600.07,24.2167|57.1833
24.25,57.1683,2010-05-15T15:15:00Z,1.5,21,LAT-005,Latvia,Gulf of Riga,Gulf of Riga transitional waters,,Gulf of Riga transitional waters,855.811191767,243360.758113,2896144600.07,24.25|57.1683
24.3733,57.315,2010-05-15T18:00:00Z,1.7,21,LAT-004,Latvia,Gulf of Riga,"Gulf of Riga stony coast, waterbodies D&F",,"Gulf of Riga stony coast, waterbodies D&F",308.69830546,436367.284109,1064792248.48,24.3733|57.315
24.0833,57.35,2010-05-15T19:45:00Z,2.2,19,SEA-011,Opensea,Gulf of Riga,Opensea Gulf of Riga,Gulf of Riga,Opensea Gulf of Riga,8674.48923994,954770.496399,30193177349.7,24.0833|57.35
24.2433,57.88,2010-05-16T06:30:00Z,1.9,19,SEA-011,Opensea,Gulf of Riga,Opensea Gulf of Riga,Gulf of Riga,Opensea Gulf of Riga,8674.48923994,954770.496399,30193177349.7,24.2433|57.88
23.9167,57.85,2010-05-16T08:25:00Z,2.2,13,SEA-011,Opensea,Gulf of Riga,Opensea Gulf of Riga,Gulf of Riga,Opensea Gulf of Riga,8674.48923994,954770.496399,30193177349.7,23.9167|57.85
23.6167,57.6167,2010-05-16T13:40:00Z,1.5,13,SEA-011,Opensea,Gulf of Riga,Opensea Gulf of Riga,Gulf of Riga,Opensea Gulf of Riga,8674.48923994,954770.496399,30193177349.7,23.6167|57.6167
24.1167,57.6,2010-05-16T21:50:00Z,2.1,19,SEA-011,Opensea,Gulf of Riga,Opensea Gulf of Riga,Gulf of Riga,Opensea Gulf of Riga,8674.48923994,954770.496399,30193177349.7,24.1167|57.6
23.7667,57.4167,2010-05-17T08:00:00Z,2,19,SEA-011,Opensea,Gulf of Riga,Opensea Gulf of Riga,Gulf of Riga,Opensea Gulf of Riga,8674.48923994,954770.496399,30193177349.7,23.7667|57.4167
23.85,57.3,2010-05-17T09:50:00Z,2.5,19,SEA-011,Opensea,Gulf of Riga,Opensea Gulf of Riga,Gulf of Riga,Opensea Gulf of Riga,8674.48923994,954770.496399,30193177349.7,23.85|57.3
24.0017,57.0833,2010-08-03T14:00:00Z,2.8,21,LAT-005,Latvia,Gulf of Riga,Gulf of Riga transitional waters,,Gulf of Riga transitional waters,855.811191767,243360.758113,2896144600.07,24.0017|57.0833
23.9833,57.1,2010-08-03T14:45:00Z,3,19,LAT-005,Latvia,Gulf of Riga,Gulf of Riga transitional waters,,Gulf of Riga transitional waters,855.811191767,243360.758113,2896144600.07,23.9833|57.1
23.8883,57.055,2010-08-03T16:20:00Z,3,21,LAT-005,Latvia,Gulf of Riga,Gulf of Riga transitional waters,,Gulf of Riga transitional waters,855.811191767,243360.758113,2896144600.07,23.8883|57.055
22.41,57.8433,2010-08-05T17:25:00Z,4.1,11,SEA-011,Opensea,Gulf of Riga,Opensea Gulf of Riga,Gulf of Riga,Opensea Gulf of Riga,8674.48923994,954770.496399,30193177349.7,22.41|57.8433
22.8833,57.7976,2010-08-05T20:00:00Z,4.1,15,SEA-011,Opensea,Gulf of Riga,Opensea Gulf of Riga,Gulf of Riga,Opensea Gulf of Riga,8674.48923994,954770.496399,30193177349.7,22.8833|57.7976
22.6167,57.7333,2010-08-05T21:40:00Z,3.2,19,LAT-003,Latvia,Gulf of Riga,"Gulf of Riga sandy coast, waterbodies C&E",,"Gulf of Riga sandy coast, waterbodies C&E",387.080162999,296440.220511,1327844259.75,22.6167|57.7333
23.6167,57.6167,2010-08-06T06:35:00Z,4.8,15,SEA-011,Opensea,Gulf of Riga,Opensea Gulf of Riga,Gulf of Riga,Opensea Gulf of Riga,8674.48923994,954770.496399,30193177349.7,23.6167|57.6167
24.1167,57.6,2010-08-06T10:55:00Z,5.1,9,SEA-011,Opensea,Gulf of Riga,Opensea Gulf of Riga,Gulf of Riga,Opensea Gulf of Riga,8674.48923994,954770.496399,30193177349.7,24.1167|57.6
24.2976,57.5922,2010-08-06T12:12:00Z,4,19,SEA-011,Opensea,Gulf of Riga,Opensea Gulf of Riga,Gulf of Riga,Opensea Gulf of Riga,8674.48923994,954770.496399,30193177349.7,24.2976|57.5922
24.3367,57.5933,2010-08-06T13:10:00Z,3.8,19,LAT-004,Latvia,Gulf of Riga,"Gulf of Riga stony coast, waterbodies D&F",,"Gulf of Riga stony coast, waterbodies D&F",308.69830546,436367.284109,1064792248.48,24.3367|57.5933
24.3533,57.4483,2010-08-06T15:10:00Z,3.1,15,LAT-004,Latvia,Gulf of Riga,"Gulf of Riga stony coast, waterbodies D&F",,"Gulf of Riga stony coast, waterbodies D&F",308.69830546,436367.284109,1064792248.48,24.3533|57.4483
24.0833,57.35,2010-08-06T17:05:00Z,4.5,15,SEA-011,Opensea,Gulf of Riga,Opensea Gulf of Riga,Gulf of Riga,Opensea Gulf of Riga,8674.48923994,954770.496399,30193177349.7,24.0833|57.35
24.2867,57.3133,2010-08-06T18:45:00Z,3.8,11,SEA-011,Opensea,Gulf of Riga,Opensea Gulf of Riga,Gulf of Riga,Opensea Gulf of Riga,8674.48923994,954770.496399,30193177349.7,24.2867|57.3133
24.3733,57.315,2010-08-06T19:30:00Z,2.7,15,LAT-004,Latvia,Gulf of Riga,"Gulf of Riga stony coast, waterbodies D&F",,"Gulf of Riga stony coast, waterbodies D&F",308.69830546,436367.284109,1064792248.48,24.3733|57.315
24.2167,57.1833,2010-08-06T21:00:00Z,3.7,15,LAT-005,Latvia,Gulf of Riga,Gulf of Riga transitional waters,,Gulf of Riga transitional waters,855.811191767,243360.758113,2896144600.07,24.2167|57.1833
23.85,57.3,2010-08-07T06:05:00Z,5.2,11,SEA-011,Opensea,Gulf of Riga,Opensea Gulf of Riga,Gulf of Riga,Opensea Gulf of Riga,8674.48923994,954770.496399,30193177349.7,23.85|57.3
23.7667,57.4167,2010-08-07T08:50:00Z,4.5,13,SEA-011,Opensea,Gulf of Riga,Opensea Gulf of Riga,Gulf of Riga,Opensea Gulf of Riga,8674.48923994,954770.496399,30193177349.7,23.7667|57.4167
23.4833,57.4,2010-08-07T10:30:00Z,4.4,11,SEA-011,Opensea,Gulf of Riga,Opensea Gulf of Riga,Gulf of Riga,Opensea Gulf of Riga,8674.48923994,954770.496399,30193177349.7,23.4833|57.4
23.07,57.3967,2010-08-07T12:55:00Z,3.5,19,LAT-004,Latvia,Gulf of Riga,"Gulf of Riga stony coast, waterbodies D&F",,"Gulf of Riga stony coast, waterbodies D&F",308.69830546,436367.284109,1064792248.48,23.07|57.3967
23.2373,57.3589,2010-08-07T14:15:00Z,3.8,19,SEA-011,Opensea,Gulf of Riga,Opensea Gulf of Riga,Gulf of Riga,Opensea Gulf of Riga,8674.48923994,954770.496399,30193177349.7,23.2373|57.3589
23.3326,57.2196,2010-08-07T16:00:00Z,4.1,11,SEA-011,Opensea,Gulf of Riga,Opensea Gulf of Riga,Gulf of Riga,Opensea Gulf of Riga,8674.48923994,954770.496399,30193177349.7,23.3326|57.2196
23.6667,57.1667,2010-08-07T18:10:00Z,4.6,15,SEA-011,Opensea,Gulf of Riga,Opensea Gulf of Riga,Gulf of Riga,Opensea Gulf of Riga,8674.48923994,954770.496399,30193177349.7,23.6667|57.1667
23.254,57.1667,2010-08-07T20:15:00Z,3.9,15,LAT-003,Latvia,Gulf of Riga,"Gulf of Riga sandy coast, waterbodies C&E",,"Gulf of Riga sandy coast, waterbodies C&E",387.080162999,296440.220511,1327844259.75,23.254|57.1667
23.7433,56.98,2010-08-08T07:05:00Z,3,21,LAT-005,Latvia,Gulf of Riga,Gulf of Riga transitional waters,,Gulf of Riga transitional waters,855.811191767,243360.758113,2896144600.07,23.7433|56.98
23.92,57.025,2010-08-08T08:20:00Z,2.9,21,LAT-005,Latvia,Gulf of Riga,Gulf of Riga transitional waters,,Gulf of Riga transitional waters,855.811191767,243360.758113,2896144600.07,23.92|57.025
23.9333,57.1667,2010-08-08T10:10:00Z,4.1,19,LAT-005,Latvia,Gulf of Riga,Gulf of Riga transitional waters,,Gulf of Riga transitional waters,855.811191767,243360.758113,2896144600.07,23.9333|57.1667
22.9833,57.5667,1987-05-14T13:20:00Z,5,10,SEA-011,Opensea,Gulf of Riga,Opensea Gulf of Riga,Gulf of Riga,Opensea Gulf of Riga,8674.48923994,954770.496399,30193177349.7,22.9833|57.5667
23.2507,57.5962,1987-05-14T14:55:00Z,4.5,12,SEA-011,Opensea,Gulf of Riga,Opensea Gulf of Riga,Gulf of Riga,Opensea Gulf of Riga,8674.48923994,954770.496399,30193177349.7,23.2507|57.5962
23.0503,57.9508,1987-05-14T17:15:00Z,3,12,EST-019,Estonia,Gulf of Riga,Central part of the Gulf of Riga CWB,,EE_19,1960.16337669,379661.151667,6969951504.02,23.0503|57.9508
23.35,57.96,1987-05-14T18:40:00Z,3,11,EST-019,Estonia,Gulf of Riga,Central part of the Gulf of Riga CWB,,EE_19,1960.16337669,379661.151667,6969951504.02,23.35|57.96
23.4,58.2,1987-05-15T10:05:00Z,2.5,11,EST-019,Estonia,Gulf of Riga,Central part of the Gulf of Riga CWB,,EE_19,1960.16337669,379661.151667,6969951504.02,23.4|58.2
23.4686,57.8333,1987-05-15T12:35:00Z,4,11,SEA-011,Opensea,Gulf of Riga,Opensea Gulf of Riga,Gulf of Riga,Opensea Gulf of Riga,8674.48923994,954770.496399,30193177349.7,23.4686|57.8333
23.6167,57.6167,1987-05-15T14:35:00Z,3.5,6,SEA-011,Opensea,Gulf of Riga,Opensea Gulf of Riga,Gulf of Riga,Opensea Gulf of Riga,8674.48923994,954770.496399,30193177349.7,23.6167|57.6167
24.1318,57.9683,1987-05-15T17:50:00Z,3,11,SEA-011,Opensea,Gulf of Riga,Opensea Gulf of Riga,Gulf of Riga,Opensea Gulf of Riga,8674.48923994,954770.496399,30193177349.7,24.1318|57.9683
23.4833,57.4,1987-05-16T08:30:00Z,3,11,SEA-011,Opensea,Gulf of Riga,Opensea Gulf of Riga,Gulf of Riga,Opensea Gulf of Riga,8674.48923994,954770.496399,30193177349.7,23.4833|57.4
22.8781,57.5354,1987-05-14T12:35:00Z,4.5,10,SEA-011,Opensea,Gulf of Riga,Opensea Gulf of Riga,Gulf of Riga,Opensea Gulf of Riga,8674.48923994,954770.496399,30193177349.7,22.8781|57.5354
22.8833,57.7976,1987-05-14T10:35:00Z,3,11,SEA-011,Opensea,Gulf of Riga,Opensea Gulf of Riga,Gulf of Riga,Opensea Gulf of Riga,8674.48923994,954770.496399,30193177349.7,22.8833|57.7976
22.41,57.8433,1987-05-14T08:30:00Z,2.5,12,SEA-011,Opensea,Gulf of Riga,Opensea Gulf of Riga,Gulf of Riga,Opensea Gulf of Riga,8674.48923994,954770.496399,30193177349.7,22.41|57.8433
23.7667,57.4167,1987-05-16T10:30:00Z,3,12,SEA-011,Opensea,Gulf of Riga,Opensea Gulf of Riga,Gulf of Riga,Opensea Gulf of Riga,8674.48923994,954770.496399,30193177349.7,23.7667|57.4167
23.4,58.2,1987-05-28T08:20:00Z,2,12,EST-019,Estonia,Gulf of Riga,Central part of the Gulf of Riga CWB,,EE_19,1960.16337669,379661.151667,6969951504.02,23.4|58.2
23.35,57.96,1987-05-28T10:45:00Z,3,11,EST-019,Estonia,Gulf of Riga,Central part of the Gulf of Riga CWB,,EE_19,1960.16337669,379661.151667,6969951504.02,23.35|57.96
22.8833,57.7976,1987-05-28T13:15:00Z,4,12,SEA-011,Opensea,Gulf of Riga,Opensea Gulf of Riga,Gulf of Riga,Opensea Gulf of Riga,8674.48923994,954770.496399,30193177349.7,22.8833|57.7976
22.9833,57.5667,1987-05-28T16:20:00Z,3,12,SEA-011,Opensea,Gulf of Riga,Opensea Gulf of Riga,Gulf of Riga,Opensea Gulf of Riga,8674.48923994,954770.496399,30193177349.7,22.9833|57.5667
23.4833,57.4,1987-05-28T19:10:00Z,3,11,SEA-011,Opensea,Gulf of Riga,Opensea Gulf of Riga,Gulf of Riga,Opensea Gulf of Riga,8674.48923994,954770.496399,30193177349.7,23.4833|57.4
22.41,57.8433,1987-05-27T20:40:00Z,5,10,SEA-011,Opensea,Gulf of Riga,Opensea Gulf of Riga,Gulf of Riga,Opensea Gulf of Riga,8674.48923994,954770.496399,30193177349.7,22.41|57.8433
23.6167,57.6167,1987-05-29T12:00:00Z,3,12,SEA-011,Opensea,Gulf of Riga,Opensea Gulf of Riga,Gulf of Riga,Opensea Gulf of Riga,8674.48923994,954770.496399,30193177349.7,23.6167|57.6167
23.9833,57.1,1987-06-09T09:30:00Z,2,20,LAT-005,Latvia,Gulf of Riga,Gulf of Riga transitional waters,,Gulf of Riga transitional waters,855.811191767,243360.758113,2896144600.07,23.9833|57.1
24.0833,57.35,1987-06-09T10:40:00Z,3,18,SEA-011,Opensea,Gulf of Riga,Opensea Gulf of Riga,Gulf of Riga,Opensea Gulf of Riga,8674.48923994,954770.496399,30193177349.7,24.0833|57.35
23.85,57.3,1987-06-09T12:15:00Z,2,18,SEA-011,Opensea,Gulf of Riga,Opensea Gulf of Riga,Gulf of Riga,Opensea Gulf of Riga,8674.48923994,954770.496399,30193177349.7,23.85|57.3
23.4833,57.4,1987-06-09T14:20:00Z,3,17,SEA-011,Opensea,Gulf of Riga,Opensea Gulf of Riga,Gulf of Riga,Opensea Gulf of Riga,8674.48923994,954770.496399,30193177349.7,23.4833|57.4
23.6167,57.6167,1987-06-09T16:25:00Z,3,18,SEA-011,Opensea,Gulf of Riga,Opensea Gulf of Riga,Gulf of Riga,Opensea Gulf of Riga,8674.48923994,954770.496399,30193177349.7,23.6167|57.6167
22.8833,57.7976,1987-06-10T08:20:00Z,4,11,SEA-011,Opensea,Gulf of Riga,Opensea Gulf of Riga,Gulf of Riga,Opensea Gulf of Riga,8674.48923994,954770.496399,30193177349.7,22.8833|57.7976
22.41,57.8433,1987-06-10T10:40:00Z,3,11,SEA-011,Opensea,Gulf of Riga,Opensea Gulf of Riga,Gulf of Riga,Opensea Gulf of Riga,8674.48923994,954770.496399,30193177349.7,22.41|57.8433
23.4,58.2,1987-06-10T16:40:00Z,3.5,11,EST-019,Estonia,Gulf of Riga,Central part of the Gulf of Riga CWB,,EE_19,1960.16337669,379661.151667,6969951504.02,23.4|58.2
23.35,57.96,1987-06-10T16:50:00Z,4,11,EST-019,Estonia,Gulf of Riga,Central part of the Gulf of Riga CWB,,EE_19,1960.16337669,379661.151667,6969951504.02,23.35|57.96
24.1318,57.9683,1987-06-10T19:55:00Z,3.5,11,SEA-011,Opensea,Gulf of Riga,Opensea Gulf of Riga,Gulf of Riga,Opensea Gulf of Riga,8674.48923994,954770.496399,30193177349.7,24.1318|57.9683
24.1167,57.6,1987-06-10T22:30:00Z,3,11,SEA-011,Opensea,Gulf of Riga,Opensea Gulf of Riga,Gulf of Riga,Opensea Gulf of Riga,8674.48923994,954770.496399,30193177349.7,24.1167|57.6
23.9833,57.1,1987-06-30T09:20:00Z,3,18,LAT-005,Latvia,Gulf of Riga,Gulf of Riga transitional waters,,Gulf of Riga transitional waters,855.811191767,243360.758113,2896144600.07,23.9833|57.1
23.85,57.3,1987-06-30T11:25:00Z,3,17,SEA-011,Opensea,Gulf of Riga,Opensea Gulf of Riga,Gulf of Riga,Opensea Gulf of Riga,8674.48923994,954770.496399,30193177349.7,23.85|57.3
23.4833,57.4,1987-06-30T13:30:00Z,2.5,16,SEA-011,Opensea,Gulf of Riga,Opensea Gulf of Riga,Gulf of Riga,Opensea Gulf of Riga,8674.48923994,954770.496399,30193177349.7,23.4833|57.4
22.8781,57.5354,1987-06-30T16:40:00Z,3.5,15,SEA-011,Opensea,Gulf of Riga,Opensea Gulf of Riga,Gulf of Riga,Opensea Gulf of Riga,8674.48923994,954770.496399,30193177349.7,22.8781|57.5354
24.0833,57.35,1987-05-16T12:20:00Z,2,19,SEA-011,Opensea,Gulf of Riga,Opensea Gulf of Riga,Gulf of Riga,Opensea Gulf of Riga,8674.48923994,954770.496399,30193177349.7,24.0833|57.35
23.85,57.3,1987-05-16T14:55:00Z,3,11,SEA-011,Opensea,Gulf of Riga,Opensea Gulf of Riga,Gulf of Riga,Opensea Gulf of Riga,8674.48923994,954770.496399,30193177349.7,23.85|57.3
23.9833,57.1,1987-05-16T18:05:00Z,1.5,20,LAT-005,Latvia,Gulf of Riga,Gulf of Riga transitional waters,,Gulf of Riga transitional waters,855.811191767,243360.758113,2896144600.07,23.9833|57.1
22.9833,57.5667,1987-06-30T17:40:00Z,4,14,SEA-011,Opensea,Gulf of Riga,Opensea Gulf of Riga,Gulf of Riga,Opensea Gulf of Riga,8674.48923994,954770.496399,30193177349.7,22.9833|57.5667
22.41,57.8433,1987-07-01T08:30:00Z,4.5,11,SEA-011,Opensea,Gulf of Riga,Opensea Gulf of Riga,Gulf of Riga,Opensea Gulf of Riga,8674.48923994,954770.496399,30193177349.7,22.41|57.8433
22.8833,57.7976,1987-07-01T10:30:00Z,4.5,12,SEA-011,Opensea,Gulf of Riga,Opensea Gulf of Riga,Gulf of Riga,Opensea Gulf of Riga,8674.48923994,954770.496399,30193177349.7,22.8833|57.7976
23.0503,57.9508,1987-07-01T12:00:00Z,4.5,11,EST-019,Estonia,Gulf of Riga,Central part of the Gulf of Riga CWB,,EE_19,1960.16337669,379661.151667,6969951504.02,23.0503|57.9508
23.35,57.96,1987-07-01T13:35:00Z,4,12,EST-019,Estonia,Gulf of Riga,Central part of the Gulf of Riga CWB,,EE_19,1960.16337669,379661.151667,6969951504.02,23.35|57.96
23.4,58.2,1987-07-01T16:10:00Z,4,11,EST-019,Estonia,Gulf of Riga,Central part of the Gulf of Riga CWB,,EE_19,1960.16337669,379661.151667,6969951504.02,23.4|58.2
23.4718,58.4311,1987-07-01T18:25:00Z,4,12,EST-018,Estonia,Gulf of Riga,NE part of the Gulf of Riga CWB,,EE_18,1926.65785695,1086062.9138,6931317200.6,23.4718|58.4311
23.4686,57.8333,1987-07-02T08:45:00Z,4,13,SEA-011,Opensea,Gulf of Riga,Opensea Gulf of Riga,Gulf of Riga,Opensea Gulf of Riga,8674.48923994,954770.496399,30193177349.7,23.4686|57.8333
24.1318,57.9683,1987-07-02T10:50:00Z,3.5,14,SEA-011,Opensea,Gulf of Riga,Opensea Gulf of Riga,Gulf of Riga,Opensea Gulf of Riga,8674.48923994,954770.496399,30193177349.7,24.1318|57.9683
24.2976,57.5922,1987-07-02T17:15:00Z,3,15,SEA-011,Opensea,Gulf of Riga,Opensea Gulf of Riga,Gulf of Riga,Opensea Gulf of Riga,8674.48923994,954770.496399,30193177349.7,24.2976|57.5922
24.1167,57.6,1987-07-02T18:10:00Z,3.5,13,SEA-011,Opensea,Gulf of Riga,Opensea Gulf of Riga,Gulf of Riga,Opensea Gulf of Riga,8674.48923994,954770.496399,30193177349.7,24.1167|57.6
23.6167,57.6167,1987-07-02T20:35:00Z,4,12,SEA-011,Opensea,Gulf of Riga,Opensea Gulf of Riga,Gulf of Riga,Opensea Gulf of Riga,8674.48923994,954770.496399,30193177349.7,23.6167|57.6167
24.0833,57.35,1987-07-02T23:10:00Z,3.5,14,SEA-011,Opensea,Gulf of Riga,Opensea Gulf of Riga,Gulf of Riga,Opensea Gulf of Riga,8674.48923994,954770.496399,30193177349.7,24.0833|57.35
22.41,57.8433,1987-09-02T10:00:00Z,4,12,SEA-011,Opensea,Gulf of Riga,Opensea Gulf of Riga,Gulf of Riga,Opensea Gulf of Riga,8674.48923994,954770.496399,30193177349.7,22.41|57.8433
22.8833,57.7976,1987-09-02T12:36:00Z,4,13,SEA-011,Opensea,Gulf of Riga,Opensea Gulf of Riga,Gulf of Riga,Opensea Gulf of Riga,8674.48923994,954770.496399,30193177349.7,22.8833|57.7976
23.4,58.2,1987-09-02T16:04:00Z,2,12,EST-019,Estonia,Gulf of Riga,Central part of the Gulf of Riga CWB,,EE_19,1960.16337669,379661.151667,6969951504.02,23.4|58.2
23.35,57.96,1987-09-02T18:26:00Z,3,12,EST-019,Estonia,Gulf of Riga,Central part of the Gulf of Riga CWB,,EE_19,1960.16337669,379661.151667,6969951504.02,23.35|57.96
22.9833,57.5667,1987-09-03T08:36:00Z,5,12,SEA-011,Opensea,Gulf of Riga,Opensea Gulf of Riga,Gulf of Riga,Opensea Gulf of Riga,8674.48923994,954770.496399,30193177349.7,22.9833|57.5667
24.0833,57.35,1987-09-03T14:43:00Z,2,12,SEA-011,Opensea,Gulf of Riga,Opensea Gulf of Riga,Gulf of Riga,Opensea Gulf of Riga,8674.48923994,954770.496399,30193177349.7,24.0833|57.35
23.85,57.3,1987-09-03T16:25:00Z,3,12,SEA-011,Opensea,Gulf of Riga,Opensea Gulf of Riga,Gulf of Riga,Opensea Gulf of Riga,8674.48923994,954770.496399,30193177349.7,23.85|57.3
23.9833,57.1,1987-09-03T18:10:00Z,1,20,LAT-005,Latvia,Gulf of Riga,Gulf of Riga transitional waters,,Gulf of Riga transitional waters,855.811191767,243360.758113,2896144600.07,23.9833|57.1
22.71,57.88,1987-06-30T20:20:00Z,4,12,SEA-011,Opensea,Gulf of Riga,Opensea Gulf of Riga,Gulf of Riga,Opensea Gulf of Riga,8674.48923994,954770.496399,30193177349.7,22.71|57.88
24.0017,57.0833,2001-01-30T10:45:00Z,1.2,21,LAT-005,Latvia,Gulf of Riga,Gulf of Riga transitional waters,,Gulf of Riga transitional waters,855.811191767,243360.758113,2896144600.07,24.0017|57.0833
23.9833,57.1,2001-01-30T11:30:00Z,3.2,11,LAT-005,Latvia,Gulf of Riga,Gulf of Riga transitional waters,,Gulf of Riga transitional waters,855.811191767,243360.758113,2896144600.07,23.9833|57.1
23.85,57.3,2001-01-30T13:55:00Z,3.7,9,SEA-011,Opensea,Gulf of Riga,Opensea Gulf of Riga,Gulf of Riga,Opensea Gulf of Riga,8674.48923994,954770.496399,30193177349.7,23.85|57.3
23.4833,57.4,2001-01-31T06:55:00Z,3.2,9,SEA-011,Opensea,Gulf of Riga,Opensea Gulf of Riga,Gulf of Riga,Opensea Gulf of Riga,8674.48923994,954770.496399,30193177349.7,23.4833|57.4
23.6667,57.1667,2001-01-31T10:15:00Z,3.5,9,SEA-011,Opensea,Gulf of Riga,Opensea Gulf of Riga,Gulf of Riga,Opensea Gulf of Riga,8674.48923994,954770.496399,30193177349.7,23.6667|57.1667
24.0833,57.35,2001-02-24T12:45:00Z,2,17,SEA-011,Opensea,Gulf of Riga,Opensea Gulf of Riga,Gulf of Riga,Opensea Gulf of Riga,8674.48923994,954770.496399,30193177349.7,24.0833|57.35
23.85,57.3,2001-02-24T16:00:00Z,2.7,15,SEA-011,Opensea,Gulf of Riga,Opensea Gulf of Riga,Gulf of Riga,Opensea Gulf of Riga,8674.48923994,954770.496399,30193177349.7,23.85|57.3
23.9833,57.1,2001-02-25T07:55:00Z,2.8,15,LAT-005,Latvia,Gulf of Riga,Gulf of Riga transitional waters,,Gulf of Riga transitional waters,855.811191767,243360.758113,2896144600.07,23.9833|57.1
24.0017,57.0833,2001-02-25T08:50:00Z,1.2,19,LAT-005,Latvia,Gulf of Riga,Gulf of Riga transitional waters,,Gulf of Riga transitional waters,855.811191767,243360.758113,2896144600.07,24.0017|57.0833
23.6167,57.6167,2001-02-27T15:30:00Z,3.5,12,SEA-011,Opensea,Gulf of Riga,Opensea Gulf of Riga,Gulf of Riga,Opensea Gulf of Riga,8674.48923994,954770.496399,30193177349.7,23.6167|57.6167
22.9833,57.5667,2001-02-28T06:45:00Z,3.5,11,SEA-011,Opensea,Gulf of Riga,Opensea Gulf of Riga,Gulf of Riga,Opensea Gulf of Riga,8674.48923994,954770.496399,30193177349.7,22.9833|57.5667
23.4833,57.4,2001-02-28T09:40:00Z,3.5,11,SEA-011,Opensea,Gulf of Riga,Opensea Gulf of Riga,Gulf of Riga,Opensea Gulf of Riga,8674.48923994,954770.496399,30193177349.7,23.4833|57.4
23.85,57.3,2001-03-13T14:40:00Z,4.2,9,SEA-011,Opensea,Gulf of Riga,Opensea Gulf of Riga,Gulf of Riga,Opensea Gulf of Riga,8674.48923994,954770.496399,30193177349.7,23.85|57.3
23.85,57.3,2001-03-14T08:00:00Z,4.1,9,SEA-011,Opensea,Gulf of Riga,Opensea Gulf of Riga,Gulf of Riga,Opensea Gulf of Riga,8674.48923994,954770.496399,30193177349.7,23.85|57.3
23.9833,57.1,2001-03-14T11:55:00Z,1.4,17,LAT-005,Latvia,Gulf of Riga,Gulf of Riga transitional waters,,Gulf of Riga transitional waters,855.811191767,243360.758113,2896144600.07,23.9833|57.1
24.0017,57.0833,2001-03-14T13:15:00Z,1.8,21,LAT-005,Latvia,Gulf of Riga,Gulf of Riga transitional waters,,Gulf of Riga transitional waters,855.811191767,243360.758113,2896144600.07,24.0017|57.0833
23.85,57.3,2001-03-29T08:00:00Z,4.1,11,SEA-011,Opensea,Gulf of Riga,Opensea Gulf of Riga,Gulf of Riga,Opensea Gulf of Riga,8674.48923994,954770.496399,30193177349.7,23.85|57.3
23.9333,57.1667,2001-03-29T10:10:00Z,1.2,15,LAT-005,Latvia,Gulf of Riga,Gulf of Riga transitional waters,,Gulf of Riga transitional waters,855.811191767,243360.758113,2896144600.07,23.9333|57.1667
23.948,57.1408,2001-03-29T10:45:00Z,1.3,15,LAT-005,Latvia,Gulf of Riga,Gulf of Riga transitional waters,,Gulf of Riga transitional waters,855.811191767,243360.758113,2896144600.07,23.948|57.1408
23.9173,57.1388,2001-03-29T11:15:00Z,0.8,15,LAT-005,Latvia,Gulf of Riga,Gulf of Riga transitional waters,,Gulf of Riga transitional waters,855.811191767,243360.758113,2896144600.07,23.9173|57.1388
23.8465,57.1703,2001-03-29T12:00:00Z,1.2,15,LAT-005,Latvia,Gulf of Riga,Gulf of Riga transitional waters,,Gulf of Riga transitional waters,855.811191767,243360.758113,2896144600.07,23.8465|57.1703
23.8955,57.1902,2001-03-29T12:30:00Z,1.8,19,LAT-005,Latvia,Gulf of Riga,Gulf of Riga transitional waters,,Gulf of Riga transitional waters,855.811191767,243360.758113,2896144600.07,23.8955|57.1902
23.918,57.168,2001-03-29T13:05:00Z,1.8,15,LAT-005,Latvia,Gulf of Riga,Gulf of Riga transitional waters,,Gulf of Riga transitional waters,855.811191767,243360.758113,2896144600.07,23.918|57.168
23.9407,57.1443,2001-03-29T13:35:00Z,1.1,21,LAT-005,Latvia,Gulf of Riga,Gulf of Riga transitional waters,,Gulf of Riga transitional waters,855.811191767,243360.758113,2896144600.07,23.9407|57.1443
23.962,57.1225,2001-03-29T14:00:00Z,0.8,21,LAT-005,Latvia,Gulf of Riga,Gulf of Riga transitional waters,,Gulf of Riga transitional waters,855.811191767,243360.758113,2896144600.07,23.962|57.1225
23.9833,57.1,2001-03-29T14:20:00Z,0.8,15,LAT-005,Latvia,Gulf of Riga,Gulf of Riga transitional waters,,Gulf of Riga transitional waters,855.811191767,243360.758113,2896144600.07,23.9833|57.1
24.0017,57.0833,2001-03-29T14:55:00Z,0.7,21,LAT-005,Latvia,Gulf of Riga,Gulf of Riga transitional waters,,Gulf of Riga transitional waters,855.811191767,243360.758113,2896144600.07,24.0017|57.0833
23.9792,57.0737,2001-03-29T15:45:00Z,0.8,15,LAT-005,Latvia,Gulf of Riga,Gulf of Riga transitional waters,,Gulf of Riga transitional waters,855.811191767,243360.758113,2896144600.07,23.9792|57.0737
23.9245,57.0885,2001-03-29T16:05:00Z,0.6,15,LAT-005,Latvia,Gulf of Riga,Gulf of Riga transitional waters,,Gulf of Riga transitional waters,855.811191767,243360.758113,2896144600.07,23.9245|57.0885
23.8928,57.098,2001-03-29T16:30:00Z,0.9,15,LAT-005,Latvia,Gulf of Riga,Gulf of Riga transitional waters,,Gulf of Riga transitional waters,855.811191767,243360.758113,2896144600.07,23.8928|57.098
23.8528,57.1097,2001-03-29T16:50:00Z,1.1,15,LAT-005,Latvia,Gulf of Riga,Gulf of Riga transitional waters,,Gulf of Riga transitional waters,855.811191767,243360.758113,2896144600.07,23.8528|57.1097
23.8907,57.1103,2001-03-29T17:10:00Z,0.9,15,LAT-005,Latvia,Gulf of Riga,Gulf of Riga transitional waters,,Gulf of Riga transitional waters,855.811191767,243360.758113,2896144600.07,23.8907|57.1103
24.0092,57.07,2001-03-29T17:50:00Z,0.8,15,LAT-005,Latvia,Gulf of Riga,Gulf of Riga transitional waters,,Gulf of Riga transitional waters,855.811191767,243360.758113,2896144600.07,24.0092|57.07
23.85,57.3,2001-04-10T12:35:00Z,2.2,11,SEA-011,Opensea,Gulf of Riga,Opensea Gulf of Riga,Gulf of Riga,Opensea Gulf of Riga,8674.48923994,954770.496399,30193177349.7,23.85|57.3
23.85,57.3,2001-04-11T06:45:00Z,2.4,13,SEA-011,Opensea,Gulf of Riga,Opensea Gulf of Riga,Gulf of Riga,Opensea Gulf of Riga,8674.48923994,954770.496399,30193177349.7,23.85|57.3
23.9833,57.1,2001-04-11T10:15:00Z,1.1,21,LAT-005,Latvia,Gulf of Riga,Gulf of Riga transitional waters,,Gulf of Riga transitional waters,855.811191767,243360.758113,2896144600.07,23.9833|57.1
24.0017,57.0833,2001-04-11T11:30:00Z,1.1,21,LAT-005,Latvia,Gulf of Riga,Gulf of Riga transitional waters,,Gulf of Riga transitional waters,855.811191767,243360.758113,2896144600.07,24.0017|57.0833
24.0017,57.0833,2001-04-24T13:45:00Z,0.9,20,LAT-005,Latvia,Gulf of Riga,Gulf of Riga transitional waters,,Gulf of Riga transitional waters,855.811191767,243360.758113,2896144600.07,24.0017|57.0833
23.9833,57.1,2001-04-24T14:20:00Z,1.2,20,LAT-005,Latvia,Gulf of Riga,Gulf of Riga transitional waters,,Gulf of Riga transitional waters,855.811191767,243360.758113,2896144600.07,23.9833|57.1
23.9792,57.0737,2001-04-24T15:30:00Z,1,20,LAT-005,Latvia,Gulf of Riga,Gulf of Riga transitional waters,,Gulf of Riga transitional waters,855.811191767,243360.758113,2896144600.07,23.9792|57.0737
23.9683,57.0433,2001-04-24T16:15:00Z,1.5,20,LAT-005,Latvia,Gulf of Riga,Gulf of Riga transitional waters,,Gulf of Riga transitional waters,855.811191767,243360.758113,2896144600.07,23.9683|57.0433
23.92,57.025,2001-04-24T16:45:00Z,2,20,LAT-005,Latvia,Gulf of Riga,Gulf of Riga transitional waters,,Gulf of Riga transitional waters,855.811191767,243360.758113,2896144600.07,23.92|57.025
23.7433,56.98,2001-04-24T17:55:00Z,2.1,18,LAT-005,Latvia,Gulf of Riga,Gulf of Riga transitional waters,,Gulf of Riga transitional waters,855.811191767,243360.758113,2896144600.07,23.7433|56.98
23.705,56.9767,2001-04-24T18:55:00Z,1.8,19,LAT-005,Latvia,Gulf of Riga,Gulf of Riga transitional waters,,Gulf of Riga transitional waters,855.811191767,243360.758113,2896144600.07,23.705|56.9767
23.4867,57.0467,2001-04-24T19:45:00Z,2,19,LAT-003,Latvia,Gulf of Riga,"Gulf of Riga sandy coast, waterbodies C&E",,"Gulf of Riga sandy coast, waterbodies C&E",387.080162999,296440.220511,1327844259.75,23.4867|57.0467
23.85,57.3,2001-04-25T05:40:00Z,2.1,18,SEA-011,Opensea,Gulf of Riga,Opensea Gulf of Riga,Gulf of Riga,Opensea Gulf of Riga,8674.48923994,954770.496399,30193177349.7,23.85|57.3
23.7667,57.4167,2001-04-25T07:25:00Z,3.2,16,SEA-011,Opensea,Gulf of Riga,Opensea Gulf of Riga,Gulf of Riga,Opensea Gulf of Riga,8674.48923994,954770.496399,30193177349.7,23.7667|57.4167
23.4833,57.4,2001-04-25T09:00:00Z,3,16,SEA-011,Opensea,Gulf of Riga,Opensea Gulf of Riga,Gulf of Riga,Opensea Gulf of Riga,8674.48923994,954770.496399,30193177349.7,23.4833|57.4
23.2123,57.3275,2001-04-25T11:10:00Z,2.5,17,SEA-011,Opensea,Gulf of Riga,Opensea Gulf of Riga,Gulf of Riga,Opensea Gulf of Riga,8674.48923994,954770.496399,30193177349.7,23.2123|57.3275
22.8167,57.5333,2001-04-25T13:40:00Z,3.5,13,LAT-003,Latvia,Gulf of Riga,"Gulf of Riga sandy coast, waterbodies C&E",,"Gulf of Riga sandy coast, waterbodies C&E",387.080162999,296440.220511,1327844259.75,22.8167|57.5333
22.9833,57.5667,2001-04-25T14:45:00Z,3,14,SEA-011,Opensea,Gulf of Riga,Opensea Gulf of Riga,Gulf of Riga,Opensea Gulf of Riga,8674.48923994,954770.496399,30193177349.7,22.9833|57.5667
24.097,57.0986,2001-04-26T05:55:00Z,1.7,20,LAT-005,Latvia,Gulf of Riga,Gulf of Riga transitional waters,,Gulf of Riga transitional waters,855.811191767,243360.758113,2896144600.07,24.097|57.0986
24.25,57.1683,2001-04-26T07:10:00Z,1.1,20,LAT-005,Latvia,Gulf of Riga,Gulf of Riga transitional waters,,Gulf of Riga transitional waters,855.811191767,243360.758113,2896144600.07,24.25|57.1683
24.3667,57.24,2001-04-26T08:20:00Z,1.7,19,LAT-005,Latvia,Gulf of Riga,Gulf of Riga transitional waters,,Gulf of Riga transitional waters,855.811191767,243360.758113,2896144600.07,24.3667|57.24
24.3733,57.315,2001-04-26T09:10:00Z,1.6,19,LAT-004,Latvia,Gulf of Riga,"Gulf of Riga stony coast, waterbodies D&F",,"Gulf of Riga stony coast, waterbodies D&F",308.69830546,436367.284109,1064792248.48,24.3733|57.315
24.0833,57.35,2001-04-26T10:40:00Z,1.8,18,SEA-011,Opensea,Gulf of Riga,Opensea Gulf of Riga,Gulf of Riga,Opensea Gulf of Riga,8674.48923994,954770.496399,30193177349.7,24.0833|57.35
24.3533,57.4483,2001-04-26T12:55:00Z,2,18,LAT-004,Latvia,Gulf of Riga,"Gulf of Riga stony coast, waterbodies D&F",,"Gulf of Riga stony coast, waterbodies D&F",308.69830546,436367.284109,1064792248.48,24.3533|57.4483
24.3367,57.5933,2001-04-26T14:05:00Z,2,17,LAT-004,Latvia,Gulf of Riga,"Gulf of Riga stony coast, waterbodies D&F",,"Gulf of Riga stony coast, waterbodies D&F",308.69830546,436367.284109,1064792248.48,24.3367|57.5933
24.1167,57.6,2001-04-26T15:10:00Z,2.8,15,SEA-011,Opensea,Gulf of Riga,Opensea Gulf of Riga,Gulf of Riga,Opensea Gulf of Riga,8674.48923994,954770.496399,30193177349.7,24.1167|57.6
24.2518,57.7633,2001-04-26T17:05:00Z,1.9,19,SEA-011,Opensea,Gulf of Riga,Opensea Gulf of Riga,Gulf of Riga,Opensea Gulf of Riga,8674.48923994,954770.496399,30193177349.7,24.2518|57.7633
24.2433,57.88,2001-04-26T18:10:00Z,2.2,17,SEA-011,Opensea,Gulf of Riga,Opensea Gulf of Riga,Gulf of Riga,Opensea Gulf of Riga,8674.48923994,954770.496399,30193177349.7,24.2433|57.88
24.0665,57.8827,2001-04-26T19:15:00Z,2.5,15,SEA-011,Opensea,Gulf of Riga,Opensea Gulf of Riga,Gulf of Riga,Opensea Gulf of Riga,8674.48923994,954770.496399,30193177349.7,24.0665|57.8827
23.9167,57.85,2001-04-26T20:05:00Z,2.5,15,SEA-011,Opensea,Gulf of Riga,Opensea Gulf of Riga,Gulf of Riga,Opensea Gulf of Riga,8674.48923994,954770.496399,30193177349.7,23.9167|57.85
23.6167,57.6167,2001-04-27T06:00:00Z,3.2,14,SEA-011,Opensea,Gulf of Riga,Opensea Gulf of Riga,Gulf of Riga,Opensea Gulf of Riga,8674.48923994,954770.496399,30193177349.7,23.6167|57.6167
23.85,57.3,2001-04-27T09:50:00Z,2.1,17,SEA-011,Opensea,Gulf of Riga,Opensea Gulf of Riga,Gulf of Riga,Opensea Gulf of Riga,8674.48923994,954770.496399,30193177349.7,23.85|57.3
23.9333,57.1667,2001-04-27T14:45:00Z,1.8,19,LAT-005,Latvia,Gulf of Riga,Gulf of Riga transitional waters,,Gulf of Riga transitional waters,855.811191767,243360.758113,2896144600.07,23.9333|57.1667
24.0017,57.0833,2001-05-09T10:30:00Z,1.2,21,LAT-005,Latvia,Gulf of Riga,Gulf of Riga transitional waters,,Gulf of Riga transitional waters,855.811191767,243360.758113,2896144600.07,24.0017|57.0833
23.9833,57.1,2001-05-09T12:45:00Z,1.2,21,LAT-005,Latvia,Gulf of Riga,Gulf of Riga transitional waters,,Gulf of Riga transitional waters,855.811191767,243360.758113,2896144600.07,23.9833|57.1
23.9792,57.0737,2001-05-09T14:20:00Z,1.2,19,LAT-005,Latvia,Gulf of Riga,Gulf of Riga transitional waters,,Gulf of Riga transitional waters,855.811191767,243360.758113,2896144600.07,23.9792|57.0737
23.9683,57.0433,2001-05-09T15:00:00Z,1.3,21,LAT-005,Latvia,Gulf of Riga,Gulf of Riga transitional waters,,Gulf of Riga transitional waters,855.811191767,243360.758113,2896144600.07,23.9683|57.0433
23.92,57.025,2001-05-09T15:52:00Z,1.2,19,LAT-005,Latvia,Gulf of Riga,Gulf of Riga transitional waters,,Gulf of Riga transitional waters,855.811191767,243360.758113,2896144600.07,23.92|57.025
23.8883,57.055,2001-05-09T16:52:00Z,1.2,21,LAT-005,Latvia,Gulf of Riga,Gulf of Riga transitional waters,,Gulf of Riga transitional waters,855.811191767,243360.758113,2896144600.07,23.8883|57.055
23.8129,57.0862,2001-05-09T17:53:00Z,1.2,21,LAT-005,Latvia,Gulf of Riga,Gulf of Riga transitional waters,,Gulf of Riga transitional waters,855.811191767,243360.758113,2896144600.07,23.8129|57.0862
23.9333,57.1667,2001-05-09T19:05:00Z,1.2,21,LAT-005,Latvia,Gulf of Riga,Gulf of Riga transitional waters,,Gulf of Riga transitional waters,855.811191767,243360.758113,2896144600.07,23.9333|57.1667
23.85,57.3,2001-05-09T20:30:00Z,1.2,19,SEA-011,Opensea,Gulf of Riga,Opensea Gulf of Riga,Gulf of Riga,Opensea Gulf of Riga,8674.48923994,954770.496399,30193177349.7,23.85|57.3
23.6667,57.1667,2001-05-10T05:02:00Z,1.8,19,SEA-011,Opensea,Gulf of Riga,Opensea Gulf of Riga,Gulf of Riga,Opensea Gulf of Riga,8674.48923994,954770.496399,30193177349.7,23.6667|57.1667
23.7433,56.98,2001-05-10T07:58:00Z,1.6,19,LAT-005,Latvia,Gulf of Riga,Gulf of Riga transitional waters,,Gulf of Riga transitional waters,855.811191767,243360.758113,2896144600.07,23.7433|56.98
23.9565,57.1243,2001-05-15T10:35:00Z,1.8,19,LAT-005,Latvia,Gulf of Riga,Gulf of Riga transitional waters,,Gulf of Riga transitional waters,855.811191767,243360.758113,2896144600.07,23.9565|57.1243
24.097,57.0986,2001-05-15T11:43:00Z,1,19,LAT-005,Latvia,Gulf of Riga,Gulf of Riga transitional waters,,Gulf of Riga transitional waters,855.811191767,243360.758113,2896144600.07,24.097|57.0986
24.2167,57.1833,2001-05-15T13:20:00Z,1.2,19,LAT-005,Latvia,Gulf of Riga,Gulf of Riga transitional waters,,Gulf of Riga transitional waters,855.811191767,243360.758113,2896144600.07,24.2167|57.1833
24.2167,57.1833,2001-05-15T14:15:00Z,1.2,21,LAT-005,Latvia,Gulf of Riga,Gulf of Riga transitional waters,,Gulf of Riga transitional waters,855.811191767,243360.758113,2896144600.07,24.2167|57.1833
24.25,57.1683,2001-05-15T14:58:00Z,1.4,19,LAT-005,Latvia,Gulf of Riga,Gulf of Riga transitional waters,,Gulf of Riga transitional waters,855.811191767,243360.758113,2896144600.07,24.25|57.1683
24.3667,57.24,2001-05-15T16:28:00Z,1.2,19,LAT-005,Latvia,Gulf of Riga,Gulf of Riga transitional waters,,Gulf of Riga transitional waters,855.811191767,243360.758113,2896144600.07,24.3667|57.24
24.3733,57.315,2001-05-15T17:42:00Z,1.2,19,LAT-004,Latvia,Gulf of Riga,"Gulf of Riga stony coast, waterbodies D&F",,"Gulf of Riga stony coast, waterbodies D&F",308.69830546,436367.284109,1064792248.48,24.3733|57.315
24.3533,57.4483,2001-05-15T19:15:00Z,1.5,19,LAT-004,Latvia,Gulf of Riga,"Gulf of Riga stony coast, waterbodies D&F",,"Gulf of Riga stony coast, waterbodies D&F",308.69830546,436367.284109,1064792248.48,24.3533|57.4483
23.6,57.5,2001-05-15T20:12:00Z,1.8,11,SEA-011,Opensea,Gulf of Riga,Opensea Gulf of Riga,Gulf of Riga,Opensea Gulf of Riga,8674.48923994,954770.496399,30193177349.7,23.6|57.5
24.3367,57.5933,2001-05-15T21:42:00Z,1.8,11,LAT-004,Latvia,Gulf of Riga,"Gulf of Riga stony coast, waterbodies D&F",,"Gulf of Riga stony coast, waterbodies D&F",308.69830546,436367.284109,1064792248.48,24.3367|57.5933
24.3367,57.5933,2001-05-15T22:15:00Z,1.8,11,LAT-004,Latvia,Gulf of Riga,"Gulf of Riga stony coast, waterbodies D&F",,"Gulf of Riga stony coast, waterbodies D&F",308.69830546,436367.284109,1064792248.48,24.3367|57.5933
24.1167,57.6,2001-05-16T05:00:00Z,3,11,SEA-011,Opensea,Gulf of Riga,Opensea Gulf of Riga,Gulf of Riga,Opensea Gulf of Riga,8674.48923994,954770.496399,30193177349.7,24.1167|57.6
24.2518,57.7633,2001-05-16T07:23:00Z,2.2,11,SEA-011,Opensea,Gulf of Riga,Opensea Gulf of Riga,Gulf of Riga,Opensea Gulf of Riga,8674.48923994,954770.496399,30193177349.7,24.2518|57.7633
24.2433,57.88,2001-05-16T08:55:00Z,3,11,SEA-011,Opensea,Gulf of Riga,Opensea Gulf of Riga,Gulf of Riga,Opensea Gulf of Riga,8674.48923994,954770.496399,30193177349.7,24.2433|57.88
24.0665,57.8827,2001-05-16T09:52:00Z,2.5,11,SEA-011,Opensea,Gulf of Riga,Opensea Gulf of Riga,Gulf of Riga,Opensea Gulf of Riga,8674.48923994,954770.496399,30193177349.7,24.0665|57.8827
23.9167,57.85,2001-05-16T11:15:00Z,2.5,11,SEA-011,Opensea,Gulf of Riga,Opensea Gulf of Riga,Gulf of Riga,Opensea Gulf of Riga,8674.48923994,954770.496399,30193177349.7,23.9167|57.85
23.35,57.96,2001-05-16T14:50:00Z,2.6,11,EST-019,Estonia,Gulf of Riga,Central part of the Gulf of Riga CWB,,EE_19,1960.16337669,379661.151667,6969951504.02,23.35|57.96
22.8833,57.7976,2001-05-16T18:35:00Z,3.5,9,SEA-011,Opensea,Gulf of Riga,Opensea Gulf of Riga,Gulf of Riga,Opensea Gulf of Riga,8674.48923994,954770.496399,30193177349.7,22.8833|57.7976
22.6167,57.7333,2001-05-16T20:30:00Z,4.5,9,LAT-003,Latvia,Gulf of Riga,"Gulf of Riga sandy coast, waterbodies C&E",,"Gulf of Riga sandy coast, waterbodies C&E",387.080162999,296440.220511,1327844259.75,22.6167|57.7333
22.8167,57.5333,2001-05-17T05:00:00Z,4.5,9,LAT-003,Latvia,Gulf of Riga,"Gulf of Riga sandy coast, waterbodies C&E",,"Gulf of Riga sandy coast, waterbodies C&E",387.080162999,296440.220511,1327844259.75,22.8167|57.5333
22.9833,57.5667,2001-05-17T06:12:00Z,3.8,9,SEA-011,Opensea,Gulf of Riga,Opensea Gulf of Riga,Gulf of Riga,Opensea Gulf of Riga,8674.48923994,954770.496399,30193177349.7,22.9833|57.5667
23.6167,57.6167,2001-05-17T10:10:00Z,2.3,11,SEA-011,Opensea,Gulf of Riga,Opensea Gulf of Riga,Gulf of Riga,Opensea Gulf of Riga,8674.48923994,954770.496399,30193177349.7,23.6167|57.6167
23.7667,57.4167,2001-05-17T13:55:00Z,2.2,11,SEA-011,Opensea,Gulf of Riga,Opensea Gulf of Riga,Gulf of Riga,Opensea Gulf of Riga,8674.48923994,954770.496399,30193177349.7,23.7667|57.4167
23.4833,57.4,2001-05-17T16:05:00Z,2.2,11,SEA-011,Opensea,Gulf of Riga,Opensea Gulf of Riga,Gulf of Riga,Opensea Gulf of Riga,8674.48923994,954770.496399,30193177349.7,23.4833|57.4
23.2373,57.3589,2001-05-17T18:45:00Z,3,9,SEA-011,Opensea,Gulf of Riga,Opensea Gulf of Riga,Gulf of Riga,Opensea Gulf of Riga,8674.48923994,954770.496399,30193177349.7,23.2373|57.3589
23.2123,57.3275,2001-05-17T19:15:00Z,3.3,9,SEA-011,Opensea,Gulf of Riga,Opensea Gulf of Riga,Gulf of Riga,Opensea Gulf of Riga,8674.48923994,954770.496399,30193177349.7,23.2123|57.3275
23.2754,57.173,2001-05-17T20:50:00Z,2.5,11,SEA-011,Opensea,Gulf of Riga,Opensea Gulf of Riga,Gulf of Riga,Opensea Gulf of Riga,8674.48923994,954770.496399,30193177349.7,23.2754|57.173
23.2754,57.173,2001-05-17T21:27:00Z,2.5,11,SEA-011,Opensea,Gulf of Riga,Opensea Gulf of Riga,Gulf of Riga,Opensea Gulf of Riga,8674.48923994,954770.496399,30193177349.7,23.2754|57.173
23.4867,57.0467,2001-05-18T04:35:00Z,2.2,19,LAT-003,Latvia,Gulf of Riga,"Gulf of Riga sandy coast, waterbodies C&E",,"Gulf of Riga sandy coast, waterbodies C&E",387.080162999,296440.220511,1327844259.75,23.4867|57.0467
23.705,56.9767,2001-05-18T06:10:00Z,2.1,11,LAT-005,Latvia,Gulf of Riga,Gulf of Riga transitional waters,,Gulf of Riga transitional waters,855.811191767,243360.758113,2896144600.07,23.705|56.9767
23.85,57.3,2001-05-18T08:55:00Z,2.5,11,SEA-011,Opensea,Gulf of Riga,Opensea Gulf of Riga,Gulf of Riga,Opensea Gulf of Riga,8674.48923994,954770.496399,30193177349.7,23.85|57.3
24.0833,57.35,2001-05-18T10:45:00Z,2,11,SEA-011,Opensea,Gulf of Riga,Opensea Gulf of Riga,Gulf of Riga,Opensea Gulf of Riga,8674.48923994,954770.496399,30193177349.7,24.0833|57.35
24.0017,57.0833,2001-05-18T13:45:00Z,1.2,21,LAT-005,Latvia,Gulf of Riga,Gulf of Riga transitional waters,,Gulf of Riga transitional waters,855.811191767,243360.758113,2896144600.07,24.0017|57.0833
23.85,57.3,2001-05-29T12:45:00Z,2.2,12,SEA-011,Opensea,Gulf of Riga,Opensea Gulf of Riga,Gulf of Riga,Opensea Gulf of Riga,8674.48923994,954770.496399,30193177349.7,23.85|57.3
23.4833,57.4,2001-05-29T14:55:00Z,3.2,9,SEA-011,Opensea,Gulf of Riga,Opensea Gulf of Riga,Gulf of Riga,Opensea Gulf of Riga,8674.48923994,954770.496399,30193177349.7,23.4833|57.4
22.8167,57.5333,2001-05-29T18:05:00Z,3.5,9,LAT-003,Latvia,Gulf of Riga,"Gulf of Riga sandy coast, waterbodies C&E",,"Gulf of Riga sandy coast, waterbodies C&E",387.080162999,296440.220511,1327844259.75,22.8167|57.5333
22.9833,57.5667,2001-05-29T19:00:00Z,3.3,9,SEA-011,Opensea,Gulf of Riga,Opensea Gulf of Riga,Gulf of Riga,Opensea Gulf of Riga,8674.48923994,954770.496399,30193177349.7,22.9833|57.5667
23.6167,57.6167,2001-05-29T21:55:00Z,3,12,SEA-011,Opensea,Gulf of Riga,Opensea Gulf of Riga,Gulf of Riga,Opensea Gulf of Riga,8674.48923994,954770.496399,30193177349.7,23.6167|57.6167
24.1167,57.6,2001-05-30T04:55:00Z,3.1,12,SEA-011,Opensea,Gulf of Riga,Opensea Gulf of Riga,Gulf of Riga,Opensea Gulf of Riga,8674.48923994,954770.496399,30193177349.7,24.1167|57.6
24.3367,57.5933,2001-05-30T06:05:00Z,1.9,17,LAT-004,Latvia,Gulf of Riga,"Gulf of Riga stony coast, waterbodies D&F",,"Gulf of Riga stony coast, waterbodies D&F",308.69830546,436367.284109,1064792248.48,24.3367|57.5933
24.0833,57.35,2001-05-30T08:15:00Z,2.8,18,SEA-011,Opensea,Gulf of Riga,Opensea Gulf of Riga,Gulf of Riga,Opensea Gulf of Riga,8674.48923994,954770.496399,30193177349.7,24.0833|57.35
24.3733,57.315,2001-05-30T09:50:00Z,1.9,18,LAT-004,Latvia,Gulf of Riga,"Gulf of Riga stony coast, waterbodies D&F",,"Gulf of Riga stony coast, waterbodies D&F",308.69830546,436367.284109,1064792248.48,24.3733|57.315
24.3667,57.24,2001-05-30T10:50:00Z,1.9,18,LAT-005,Latvia,Gulf of Riga,Gulf of Riga transitional waters,,Gulf of Riga transitional waters,855.811191767,243360.758113,2896144600.07,24.3667|57.24
24.25,57.1683,2001-05-30T11:45:00Z,1.7,18,LAT-005,Latvia,Gulf of Riga,Gulf of Riga transitional waters,,Gulf of Riga transitional waters,855.811191767,243360.758113,2896144600.07,24.25|57.1683
24.097,57.0986,2001-05-30T12:55:00Z,1.5,18,LAT-005,Latvia,Gulf of Riga,Gulf of Riga transitional waters,,Gulf of Riga transitional waters,855.811191767,243360.758113,2896144600.07,24.097|57.0986
23.9833,57.1,2001-05-30T13:45:00Z,1.6,18,LAT-005,Latvia,Gulf of Riga,Gulf of Riga transitional waters,,Gulf of Riga transitional waters,855.811191767,243360.758113,2896144600.07,23.9833|57.1
24.0017,57.0833,2001-05-30T14:25:00Z,1.4,19,LAT-005,Latvia,Gulf of Riga,Gulf of Riga transitional waters,,Gulf of Riga transitional waters,855.811191767,243360.758113,2896144600.07,24.0017|57.0833
23.9792,57.0737,2001-05-30T15:00:00Z,1.3,20,LAT-005,Latvia,Gulf of Riga,Gulf of Riga transitional waters,,Gulf of Riga transitional waters,855.811191767,243360.758113,2896144600.07,23.9792|57.0737
23.9683,57.0433,2001-05-30T17:10:00Z,2,17,LAT-005,Latvia,Gulf of Riga,Gulf of Riga transitional waters,,Gulf of Riga transitional waters,855.811191767,243360.758113,2896144600.07,23.9683|57.0433
23.92,57.025,2001-05-30T17:40:00Z,2,17,LAT-005,Latvia,Gulf of Riga,Gulf of Riga transitional waters,,Gulf of Riga transitional waters,855.811191767,243360.758113,2896144600.07,23.92|57.025
23.7433,56.98,2001-05-30T18:50:00Z,1.5,18,LAT-005,Latvia,Gulf of Riga,Gulf of Riga transitional waters,,Gulf of Riga transitional waters,855.811191767,243360.758113,2896144600.07,23.7433|56.98
23.705,56.9767,2001-05-30T19:50:00Z,2.2,17,LAT-005,Latvia,Gulf of Riga,Gulf of Riga transitional waters,,Gulf of Riga transitional waters,855.811191767,243360.758113,2896144600.07,23.705|56.9767
23.4867,57.0467,2001-05-30T20:50:00Z,2.3,14,LAT-003,Latvia,Gulf of Riga,"Gulf of Riga sandy coast, waterbodies C&E",,"Gulf of Riga sandy coast, waterbodies C&E",387.080162999,296440.220511,1327844259.75,23.4867|57.0467
23.6667,57.1667,2001-05-30T22:25:00Z,2.5,16,SEA-011,Opensea,Gulf of Riga,Opensea Gulf of Riga,Gulf of Riga,Opensea Gulf of Riga,8674.48923994,954770.496399,30193177349.7,23.6667|57.1667
23.85,57.3,2001-05-31T05:15:00Z,2.1,18,SEA-011,Opensea,Gulf of Riga,Opensea Gulf of Riga,Gulf of Riga,Opensea Gulf of Riga,8674.48923994,954770.496399,30193177349.7,23.85|57.3
24.0017,57.0833,2001-06-14T12:10:00Z,1.5,21,LAT-005,Latvia,Gulf of Riga,Gulf of Riga transitional waters,,Gulf of Riga transitional waters,855.811191767,243360.758113,2896144600.07,24.0017|57.0833
23.9792,57.0737,2001-06-14T12:55:00Z,2.1,19,LAT-005,Latvia,Gulf of Riga,Gulf of Riga transitional waters,,Gulf of Riga transitional waters,855.811191767,243360.758113,2896144600.07,23.9792|57.0737
23.9833,57.1,2001-06-14T13:30:00Z,1.5,19,LAT-005,Latvia,Gulf of Riga,Gulf of Riga transitional waters,,Gulf of Riga transitional waters,855.811191767,243360.758113,2896144600.07,23.9833|57.1
23.9683,57.0433,2001-06-14T15:02:00Z,1.2,19,LAT-005,Latvia,Gulf of Riga,Gulf of Riga transitional waters,,Gulf of Riga transitional waters,855.811191767,243360.758113,2896144600.07,23.9683|57.0433
23.92,57.025,2001-06-14T15:45:00Z,1.5,19,LAT-005,Latvia,Gulf of Riga,Gulf of Riga transitional waters,,Gulf of Riga transitional waters,855.811191767,243360.758113,2896144600.07,23.92|57.025
23.7433,56.98,2001-06-14T16:55:00Z,1.8,19,LAT-005,Latvia,Gulf of Riga,Gulf of Riga transitional waters,,Gulf of Riga transitional waters,855.811191767,243360.758113,2896144600.07,23.7433|56.98
23.705,56.9767,2001-06-14T17:55:00Z,1.8,19,LAT-005,Latvia,Gulf of Riga,Gulf of Riga transitional waters,,Gulf of Riga transitional waters,855.811191767,243360.758113,2896144600.07,23.705|56.9767
23.4867,57.0467,2001-06-14T18:52:00Z,2.1,11,LAT-003,Latvia,Gulf of Riga,"Gulf of Riga sandy coast, waterbodies C&E",,"Gulf of Riga sandy coast, waterbodies C&E",387.080162999,296440.220511,1327844259.75,23.4867|57.0467
23.6667,57.1667,2001-06-14T20:25:00Z,2.7,11,SEA-011,Opensea,Gulf of Riga,Opensea Gulf of Riga,Gulf of Riga,Opensea Gulf of Riga,8674.48923994,954770.496399,30193177349.7,23.6667|57.1667
23.4833,57.4,2001-06-15T04:15:00Z,3.2,9,SEA-011,Opensea,Gulf of Riga,Opensea Gulf of Riga,Gulf of Riga,Opensea Gulf of Riga,8674.48923994,954770.496399,30193177349.7,23.4833|57.4
22.9833,57.5667,2001-06-15T08:20:00Z,4.1,9,SEA-011,Opensea,Gulf of Riga,Opensea Gulf of Riga,Gulf of Riga,Opensea Gulf of Riga,8674.48923994,954770.496399,30193177349.7,22.9833|57.5667
23.6167,57.6167,2001-06-15T11:12:00Z,4.3,11,SEA-011,Opensea,Gulf of Riga,Opensea Gulf of Riga,Gulf of Riga,Opensea Gulf of Riga,8674.48923994,954770.496399,30193177349.7,23.6167|57.6167
24.1167,57.6,2001-06-15T13:50:00Z,4.5,9,SEA-011,Opensea,Gulf of Riga,Opensea Gulf of Riga,Gulf of Riga,Opensea Gulf of Riga,8674.48923994,954770.496399,30193177349.7,24.1167|57.6
24.0833,57.35,2001-06-15T16:05:00Z,5.5,11,SEA-011,Opensea,Gulf of Riga,Opensea Gulf of Riga,Gulf of Riga,Opensea Gulf of Riga,8674.48923994,954770.496399,30193177349.7,24.0833|57.35
24.3733,57.315,2001-06-15T18:27:00Z,2.5,19,LAT-004,Latvia,Gulf of Riga,"Gulf of Riga stony coast, waterbodies D&F",,"Gulf of Riga stony coast, waterbodies D&F",308.69830546,436367.284109,1064792248.48,24.3733|57.315
24.3667,57.24,2001-06-15T19:25:00Z,1.3,21,LAT-005,Latvia,Gulf of Riga,Gulf of Riga transitional waters,,Gulf of Riga transitional waters,855.811191767,243360.758113,2896144600.07,24.3667|57.24
24.25,57.1683,2001-06-15T20:25:00Z,1.5,19,LAT-005,Latvia,Gulf of Riga,Gulf of Riga transitional waters,,Gulf of Riga transitional waters,855.811191767,243360.758113,2896144600.07,24.25|57.1683
24.097,57.0986,2001-06-15T21:40:00Z,1.5,19,LAT-005,Latvia,Gulf of Riga,Gulf of Riga transitional waters,,Gulf of Riga transitional waters,855.811191767,243360.758113,2896144600.07,24.097|57.0986
23.85,57.3,2001-06-16T06:05:00Z,3.5,9,SEA-011,Opensea,Gulf of Riga,Opensea Gulf of Riga,Gulf of Riga,Opensea Gulf of Riga,8674.48923994,954770.496399,30193177349.7,23.85|57.3
23.85,57.3,2001-06-25T17:30:00Z,2.6,13,SEA-011,Opensea,Gulf of Riga,Opensea Gulf of Riga,Gulf of Riga,Opensea Gulf of Riga,8674.48923994,954770.496399,30193177349.7,23.85|57.3
23.85,57.3,2001-06-27T06:15:00Z,2.8,9,SEA-011,Opensea,Gulf of Riga,Opensea Gulf of Riga,Gulf of Riga,Opensea Gulf of Riga,8674.48923994,954770.496399,30193177349.7,23.85|57.3
23.9833,57.1,2001-06-27T10:55:00Z,1.9,19,LAT-005,Latvia,Gulf of Riga,Gulf of Riga transitional waters,,Gulf of Riga transitional waters,855.811191767,243360.758113,2896144600.07,23.9833|57.1
24.0017,57.0833,2001-06-27T11:30:00Z,1.6,21,LAT-005,Latvia,Gulf of Riga,Gulf of Riga transitional waters,,Gulf of Riga transitional waters,855.811191767,243360.758113,2896144600.07,24.0017|57.0833
24.0017,57.0833,2001-07-16T13:15:00Z,2.6,14,LAT-005,Latvia,Gulf of Riga,Gulf of Riga transitional waters,,Gulf of Riga transitional waters,855.811191767,243360.758113,2896144600.07,24.0017|57.0833
23.9833,57.1,2001-07-16T14:05:00Z,3,15,LAT-005,Latvia,Gulf of Riga,Gulf of Riga transitional waters,,Gulf of Riga transitional waters,855.811191767,243360.758113,2896144600.07,23.9833|57.1
24.097,57.0986,2001-07-16T16:00:00Z,2.6,14,LAT-005,Latvia,Gulf of Riga,Gulf of Riga transitional waters,,Gulf of Riga transitional waters,855.811191767,243360.758113,2896144600.07,24.097|57.0986
24.25,57.1683,2001-07-16T17:20:00Z,3,15,LAT-005,Latvia,Gulf of Riga,Gulf of Riga transitional waters,,Gulf of Riga transitional waters,855.811191767,243360.758113,2896144600.07,24.25|57.1683
24.3667,57.24,2001-07-16T18:35:00Z,2.9,15,LAT-005,Latvia,Gulf of Riga,Gulf of Riga transitional waters,,Gulf of Riga transitional waters,855.811191767,243360.758113,2896144600.07,24.3667|57.24
24.3733,57.315,2001-07-16T19:20:00Z,2.8,16,LAT-004,Latvia,Gulf of Riga,"Gulf of Riga stony coast, waterbodies D&F",,"Gulf of Riga stony coast, waterbodies D&F",308.69830546,436367.284109,1064792248.48,24.3733|57.315
24.0833,57.35,2001-07-16T21:05:00Z,3,15,SEA-011,Opensea,Gulf of Riga,Opensea Gulf of Riga,Gulf of Riga,Opensea Gulf of Riga,8674.48923994,954770.496399,30193177349.7,24.0833|57.35
24.3367,57.5933,2001-07-17T04:55:00Z,3,16,LAT-004,Latvia,Gulf of Riga,"Gulf of Riga stony coast, waterbodies D&F",,"Gulf of Riga stony coast, waterbodies D&F",308.69830546,436367.284109,1064792248.48,24.3367|57.5933
24.1167,57.6,2001-07-17T06:20:00Z,4,13,SEA-011,Opensea,Gulf of Riga,Opensea Gulf of Riga,Gulf of Riga,Opensea Gulf of Riga,8674.48923994,954770.496399,30193177349.7,24.1167|57.6
23.6167,57.6167,2001-07-17T08:50:00Z,3.3,16,SEA-011,Opensea,Gulf of Riga,Opensea Gulf of Riga,Gulf of Riga,Opensea Gulf of Riga,8674.48923994,954770.496399,30193177349.7,23.6167|57.6167
22.9833,57.5667,2001-07-17T12:10:00Z,2.7,12,SEA-011,Opensea,Gulf of Riga,Opensea Gulf of Riga,Gulf of Riga,Opensea Gulf of Riga,8674.48923994,954770.496399,30193177349.7,22.9833|57.5667
22.8167,57.5333,2001-07-17T13:15:00Z,2.5,12,LAT-003,Latvia,Gulf of Riga,"Gulf of Riga sandy coast, waterbodies C&E",,"Gulf of Riga sandy coast, waterbodies C&E",387.080162999,296440.220511,1327844259.75,22.8167|57.5333
23.2123,57.3275,2001-07-17T16:05:00Z,3,12,SEA-011,Opensea,Gulf of Riga,Opensea Gulf of Riga,Gulf of Riga,Opensea Gulf of Riga,8674.48923994,954770.496399,30193177349.7,23.2123|57.3275
23.4833,57.4,2001-07-17T17:45:00Z,2.6,13,SEA-011,Opensea,Gulf of Riga,Opensea Gulf of Riga,Gulf of Riga,Opensea Gulf of Riga,8674.48923994,954770.496399,30193177349.7,23.4833|57.4
23.85,57.3,2001-07-17T20:45:00Z,2.9,13,SEA-011,Opensea,Gulf of Riga,Opensea Gulf of Riga,Gulf of Riga,Opensea Gulf of Riga,8674.48923994,954770.496399,30193177349.7,23.85|57.3
23.6667,57.1667,2001-07-18T05:10:00Z,3,16,SEA-011,Opensea,Gulf of Riga,Opensea Gulf of Riga,Gulf of Riga,Opensea Gulf of Riga,8674.48923994,954770.496399,30193177349.7,23.6667|57.1667
23.4867,57.0467,2001-07-18T07:00:00Z,3.7,11,LAT-003,Latvia,Gulf of Riga,"Gulf of Riga sandy coast, waterbodies C&E",,"Gulf of Riga sandy coast, waterbodies C&E",387.080162999,296440.220511,1327844259.75,23.4867|57.0467
23.705,56.9767,2001-07-18T08:05:00Z,3,12,LAT-005,Latvia,Gulf of Riga,Gulf of Riga transitional waters,,Gulf of Riga transitional waters,855.811191767,243360.758113,2896144600.07,23.705|56.9767
23.7433,56.98,2001-07-18T09:10:00Z,2.7,12,LAT-005,Latvia,Gulf of Riga,Gulf of Riga transitional waters,,Gulf of Riga transitional waters,855.811191767,243360.758113,2896144600.07,23.7433|56.98
23.92,57.025,2001-07-18T10:15:00Z,2.2,16,LAT-005,Latvia,Gulf of Riga,Gulf of Riga transitional waters,,Gulf of Riga transitional waters,855.811191767,243360.758113,2896144600.07,23.92|57.025
23.9683,57.0433,2001-07-18T11:05:00Z,2.2,15,LAT-005,Latvia,Gulf of Riga,Gulf of Riga transitional waters,,Gulf of Riga transitional waters,855.811191767,243360.758113,2896144600.07,23.9683|57.0433
23.9792,57.0737,2001-07-18T11:45:00Z,2.3,18,LAT-005,Latvia,Gulf of Riga,Gulf of Riga transitional waters,,Gulf of Riga transitional waters,855.811191767,243360.758113,2896144600.07,23.9792|57.0737
23.85,57.3,2001-07-24T11:20:00Z,3.3,13,SEA-011,Opensea,Gulf of Riga,Opensea Gulf of Riga,Gulf of Riga,Opensea Gulf of Riga,8674.48923994,954770.496399,30193177349.7,23.85|57.3
23.6167,57.6167,2001-07-24T14:35:00Z,2.5,11,SEA-011,Opensea,Gulf of Riga,Opensea Gulf of Riga,Gulf of Riga,Opensea Gulf of Riga,8674.48923994,954770.496399,30193177349.7,23.6167|57.6167
23.6159,57.6333,2001-07-24T16:40:00Z,3.2,11,SEA-011,Opensea,Gulf of Riga,Opensea Gulf of Riga,Gulf of Riga,Opensea Gulf of Riga,8674.48923994,954770.496399,30193177349.7,23.6159|57.6333
23.585,57.6167,2001-07-24T17:55:00Z,2.8,11,SEA-011,Opensea,Gulf of Riga,Opensea Gulf of Riga,Gulf of Riga,Opensea Gulf of Riga,8674.48923994,954770.496399,30193177349.7,23.585|57.6167
23.62,57.6,2001-07-24T19:00:00Z,2.8,11,SEA-011,Opensea,Gulf of Riga,Opensea Gulf of Riga,Gulf of Riga,Opensea Gulf of Riga,8674.48923994,954770.496399,30193177349.7,23.62|57.6
23.6467,57.6167,2001-07-24T20:05:00Z,2.8,11,SEA-011,Opensea,Gulf of Riga,Opensea Gulf of Riga,Gulf of Riga,Opensea Gulf of Riga,8674.48923994,954770.496399,30193177349.7,23.6467|57.6167
23.8496,57.3164,2001-07-25T05:20:00Z,3.6,13,SEA-011,Opensea,Gulf of Riga,Opensea Gulf of Riga,Gulf of Riga,Opensea Gulf of Riga,8674.48923994,954770.496399,30193177349.7,23.8496|57.3164
23.8078,57.2997,2001-07-25T06:55:00Z,3.4,11,SEA-011,Opensea,Gulf of Riga,Opensea Gulf of Riga,Gulf of Riga,Opensea Gulf of Riga,8674.48923994,954770.496399,30193177349.7,23.8078|57.2997
23.8498,57.2832,2001-07-25T08:20:00Z,3.7,13,SEA-011,Opensea,Gulf of Riga,Opensea Gulf of Riga,Gulf of Riga,Opensea Gulf of Riga,8674.48923994,954770.496399,30193177349.7,23.8498|57.2832
23.8811,57.2995,2001-07-25T09:35:00Z,3.6,11,SEA-011,Opensea,Gulf of Riga,Opensea Gulf of Riga,Gulf of Riga,Opensea Gulf of Riga,8674.48923994,954770.496399,30193177349.7,23.8811|57.2995
23.85,57.3,2001-07-25T10:50:00Z,3.6,11,SEA-011,Opensea,Gulf of Riga,Opensea Gulf of Riga,Gulf of Riga,Opensea Gulf of Riga,8674.48923994,954770.496399,30193177349.7,23.85|57.3
24.0017,57.0833,2001-07-25T16:45:00Z,1.8,15,LAT-005,Latvia,Gulf of Riga,Gulf of Riga transitional waters,,Gulf of Riga transitional waters,855.811191767,243360.758113,2896144600.07,24.0017|57.0833
24.0017,57.0833,2001-08-07T11:20:00Z,2,20,LAT-005,Latvia,Gulf of Riga,Gulf of Riga transitional waters,,Gulf of Riga transitional waters,855.811191767,243360.758113,2896144600.07,24.0017|57.0833
23.9833,57.1,2001-08-07T12:15:00Z,2.9,16,LAT-005,Latvia,Gulf of Riga,Gulf of Riga transitional waters,,Gulf of Riga transitional waters,855.811191767,243360.758113,2896144600.07,23.9833|57.1
23.9792,57.0737,2001-08-07T15:55:00Z,2.2,16,LAT-005,Latvia,Gulf of Riga,Gulf of Riga transitional waters,,Gulf of Riga transitional waters,855.811191767,243360.758113,2896144600.07,23.9792|57.0737
23.9683,57.0433,2001-08-07T16:40:00Z,2.2,17,LAT-005,Latvia,Gulf of Riga,Gulf of Riga transitional waters,,Gulf of Riga transitional waters,855.811191767,243360.758113,2896144600.07,23.9683|57.0433
23.92,57.025,2001-08-07T17:10:00Z,2.1,18,LAT-005,Latvia,Gulf of Riga,Gulf of Riga transitional waters,,Gulf of Riga transitional waters,855.811191767,243360.758113,2896144600.07,23.92|57.025
23.8883,57.055,2001-08-07T18:05:00Z,3,15,LAT-005,Latvia,Gulf of Riga,Gulf of Riga transitional waters,,Gulf of Riga transitional waters,855.811191767,243360.758113,2896144600.07,23.8883|57.055
23.7433,56.98,2001-08-07T20:40:00Z,2.6,15,LAT-005,Latvia,Gulf of Riga,Gulf of Riga transitional waters,,Gulf of Riga transitional waters,855.811191767,243360.758113,2896144600.07,23.7433|56.98
23.705,56.9767,2001-08-07T21:40:00Z,2.4,15,LAT-005,Latvia,Gulf of Riga,Gulf of Riga transitional waters,,Gulf of Riga transitional waters,855.811191767,243360.758113,2896144600.07,23.705|56.9767
23.4867,57.0467,2001-08-08T06:05:00Z,2.8,15,LAT-003,Latvia,Gulf of Riga,"Gulf of Riga sandy coast, waterbodies C&E",,"Gulf of Riga sandy coast, waterbodies C&E",387.080162999,296440.220511,1327844259.75,23.4867|57.0467
23.2754,57.173,2001-08-08T07:35:00Z,3.6,11,SEA-011,Opensea,Gulf of Riga,Opensea Gulf of Riga,Gulf of Riga,Opensea Gulf of Riga,8674.48923994,954770.496399,30193177349.7,23.2754|57.173
23.6667,57.1667,2001-08-08T09:30:00Z,4.5,12,SEA-011,Opensea,Gulf of Riga,Opensea Gulf of Riga,Gulf of Riga,Opensea Gulf of Riga,8674.48923994,954770.496399,30193177349.7,23.6667|57.1667
23.85,57.3,2001-08-08T11:10:00Z,4.2,12,SEA-011,Opensea,Gulf of Riga,Opensea Gulf of Riga,Gulf of Riga,Opensea Gulf of Riga,8674.48923994,954770.496399,30193177349.7,23.85|57.3
23.7667,57.4167,2001-08-08T12:40:00Z,4,13,SEA-011,Opensea,Gulf of Riga,Opensea Gulf of Riga,Gulf of Riga,Opensea Gulf of Riga,8674.48923994,954770.496399,30193177349.7,23.7667|57.4167
23.4833,57.4,2001-08-08T14:15:00Z,3.8,12,SEA-011,Opensea,Gulf of Riga,Opensea Gulf of Riga,Gulf of Riga,Opensea Gulf of Riga,8674.48923994,954770.496399,30193177349.7,23.4833|57.4
23.2123,57.3275,2001-08-08T17:25:00Z,2.6,11,SEA-011,Opensea,Gulf of Riga,Opensea Gulf of Riga,Gulf of Riga,Opensea Gulf of Riga,8674.48923994,954770.496399,30193177349.7,23.2123|57.3275
22.8167,57.5333,2001-08-08T19:45:00Z,2.9,11,LAT-003,Latvia,Gulf of Riga,"Gulf of Riga sandy coast, waterbodies C&E",,"Gulf of Riga sandy coast, waterbodies C&E",387.080162999,296440.220511,1327844259.75,22.8167|57.5333
22.9833,57.5667,2001-08-08T20:50:00Z,3.3,12,SEA-011,Opensea,Gulf of Riga,Opensea Gulf of Riga,Gulf of Riga,Opensea Gulf of Riga,8674.48923994,954770.496399,30193177349.7,22.9833|57.5667
23.6167,57.6167,2001-08-09T05:50:00Z,3.5,13,SEA-011,Opensea,Gulf of Riga,Opensea Gulf of Riga,Gulf of Riga,Opensea Gulf of Riga,8674.48923994,954770.496399,30193177349.7,23.6167|57.6167
23.634,57.822,2001-08-09T09:50:00Z,4,13,SEA-011,Opensea,Gulf of Riga,Opensea Gulf of Riga,Gulf of Riga,Opensea Gulf of Riga,8674.48923994,954770.496399,30193177349.7,23.634|57.822
23.9167,57.85,2001-08-09T11:20:00Z,3.8,11,SEA-011,Opensea,Gulf of Riga,Opensea Gulf of Riga,Gulf of Riga,Opensea Gulf of Riga,8674.48923994,954770.496399,30193177349.7,23.9167|57.85
24.0665,57.8827,2001-08-09T14:05:00Z,3.8,11,SEA-011,Opensea,Gulf of Riga,Opensea Gulf of Riga,Gulf of Riga,Opensea Gulf of Riga,8674.48923994,954770.496399,30193177349.7,24.0665|57.8827
24.2433,57.88,2001-08-09T15:15:00Z,3.2,12,SEA-011,Opensea,Gulf of Riga,Opensea Gulf of Riga,Gulf of Riga,Opensea Gulf of Riga,8674.48923994,954770.496399,30193177349.7,24.2433|57.88
24.2518,57.7633,2001-08-09T16:35:00Z,3,12,SEA-011,Opensea,Gulf of Riga,Opensea Gulf of Riga,Gulf of Riga,Opensea Gulf of Riga,8674.48923994,954770.496399,30193177349.7,24.2518|57.7633
24.1167,57.6,2001-08-09T18:10:00Z,3.5,13,SEA-011,Opensea,Gulf of Riga,Opensea Gulf of Riga,Gulf of Riga,Opensea Gulf of Riga,8674.48923994,954770.496399,30193177349.7,24.1167|57.6
24.3367,57.5933,2001-08-09T20:00:00Z,3,13,LAT-004,Latvia,Gulf of Riga,"Gulf of Riga stony coast, waterbodies D&F",,"Gulf of Riga stony coast, waterbodies D&F",308.69830546,436367.284109,1064792248.48,24.3367|57.5933
24.3533,57.4483,2001-08-09T21:25:00Z,2.8,14,LAT-004,Latvia,Gulf of Riga,"Gulf of Riga stony coast, waterbodies D&F",,"Gulf of Riga stony coast, waterbodies D&F",308.69830546,436367.284109,1064792248.48,24.3533|57.4483
24.3667,57.24,2001-08-10T06:00:00Z,3,14,LAT-005,Latvia,Gulf of Riga,Gulf of Riga transitional waters,,Gulf of Riga transitional waters,855.811191767,243360.758113,2896144600.07,24.3667|57.24
24.25,57.1683,2001-08-10T06:55:00Z,2.8,14,LAT-005,Latvia,Gulf of Riga,Gulf of Riga transitional waters,,Gulf of Riga transitional waters,855.811191767,243360.758113,2896144600.07,24.25|57.1683
24.2167,57.1833,2001-08-10T07:35:00Z,3.5,12,LAT-005,Latvia,Gulf of Riga,Gulf of Riga transitional waters,,Gulf of Riga transitional waters,855.811191767,243360.758113,2896144600.07,24.2167|57.1833
24.0833,57.35,2001-08-10T10:25:00Z,3.8,12,SEA-011,Opensea,Gulf of Riga,Opensea Gulf of Riga,Gulf of Riga,Opensea Gulf of Riga,8674.48923994,954770.496399,30193177349.7,24.0833|57.35
23.85,57.3,2001-08-10T13:05:00Z,3.2,12,SEA-011,Opensea,Gulf of Riga,Opensea Gulf of Riga,Gulf of Riga,Opensea Gulf of Riga,8674.48923994,954770.496399,30193177349.7,23.85|57.3
23.9333,57.1667,2001-08-10T17:30:00Z,3.3,12,LAT-005,Latvia,Gulf of Riga,Gulf of Riga transitional waters,,Gulf of Riga transitional waters,855.811191767,243360.758113,2896144600.07,23.9333|57.1667
24.097,57.0986,2001-08-10T18:30:00Z,2.8,13,LAT-005,Latvia,Gulf of Riga,Gulf of Riga transitional waters,,Gulf of Riga transitional waters,855.811191767,243360.758113,2896144600.07,24.097|57.0986
23.6167,57.6167,2001-08-28T15:10:00Z,4.8,11,SEA-011,Opensea,Gulf of Riga,Opensea Gulf of Riga,Gulf of Riga,Opensea Gulf of Riga,8674.48923994,954770.496399,30193177349.7,23.6167|57.6167
23.7667,57.4167,2001-08-28T17:55:00Z,5.2,13,SEA-011,Opensea,Gulf of Riga,Opensea Gulf of Riga,Gulf of Riga,Opensea Gulf of Riga,8674.48923994,954770.496399,30193177349.7,23.7667|57.4167
23.85,57.3,2001-08-29T06:30:00Z,4,13,SEA-011,Opensea,Gulf of Riga,Opensea Gulf of Riga,Gulf of Riga,Opensea Gulf of Riga,8674.48923994,954770.496399,30193177349.7,23.85|57.3
23.9333,57.1667,2001-08-29T09:40:00Z,4.7,13,LAT-005,Latvia,Gulf of Riga,Gulf of Riga transitional waters,,Gulf of Riga transitional waters,855.811191767,243360.758113,2896144600.07,23.9333|57.1667
23.9833,57.1,2001-08-29T10:40:00Z,5,13,LAT-005,Latvia,Gulf of Riga,Gulf of Riga transitional waters,,Gulf of Riga transitional waters,855.811191767,243360.758113,2896144600.07,23.9833|57.1
24.0017,57.0833,2001-08-29T11:20:00Z,3.4,9,LAT-005,Latvia,Gulf of Riga,Gulf of Riga transitional waters,,Gulf of Riga transitional waters,855.811191767,243360.758113,2896144600.07,24.0017|57.0833
23.85,57.3,2001-09-04T13:00:00Z,4.2,11,SEA-011,Opensea,Gulf of Riga,Opensea Gulf of Riga,Gulf of Riga,Opensea Gulf of Riga,8674.48923994,954770.496399,30193177349.7,23.85|57.3
24.25,57.1683,2001-09-04T16:05:00Z,2.9,13,LAT-005,Latvia,Gulf of Riga,Gulf of Riga transitional waters,,Gulf of Riga transitional waters,855.811191767,243360.758113,2896144600.07,24.25|57.1683
24.097,57.0986,2001-09-04T17:25:00Z,2.7,13,LAT-005,Latvia,Gulf of Riga,Gulf of Riga transitional waters,,Gulf of Riga transitional waters,855.811191767,243360.758113,2896144600.07,24.097|57.0986
24.0017,57.0833,2001-09-04T18:20:00Z,1.2,11,LAT-005,Latvia,Gulf of Riga,Gulf of Riga transitional waters,,Gulf of Riga transitional waters,855.811191767,243360.758113,2896144600.07,24.0017|57.0833
23.9833,57.1,2001-09-04T18:55:00Z,2.1,11,LAT-005,Latvia,Gulf of Riga,Gulf of Riga transitional waters,,Gulf of Riga transitional waters,855.811191767,243360.758113,2896144600.07,23.9833|57.1
23.9792,57.0737,2001-09-04T20:15:00Z,1.5,13,LAT-005,Latvia,Gulf of Riga,Gulf of Riga transitional waters,,Gulf of Riga transitional waters,855.811191767,243360.758113,2896144600.07,23.9792|57.0737
23.9683,57.0433,2001-09-05T06:35:00Z,2.4,13,LAT-005,Latvia,Gulf of Riga,Gulf of Riga transitional waters,,Gulf of Riga transitional waters,855.811191767,243360.758113,2896144600.07,23.9683|57.0433
23.92,57.025,2001-09-05T07:05:00Z,2.2,11,LAT-005,Latvia,Gulf of Riga,Gulf of Riga transitional waters,,Gulf of Riga transitional waters,855.811191767,243360.758113,2896144600.07,23.92|57.025
23.7433,56.98,2001-09-05T08:20:00Z,2.4,13,LAT-005,Latvia,Gulf of Riga,Gulf of Riga transitional waters,,Gulf of Riga transitional waters,855.811191767,243360.758113,2896144600.07,23.7433|56.98
23.705,56.9767,2001-09-05T09:20:00Z,3.7,13,LAT-005,Latvia,Gulf of Riga,Gulf of Riga transitional waters,,Gulf of Riga transitional waters,855.811191767,243360.758113,2896144600.07,23.705|56.9767
23.4867,57.0467,2001-09-05T10:20:00Z,2.9,13,LAT-003,Latvia,Gulf of Riga,"Gulf of Riga sandy coast, waterbodies C&E",,"Gulf of Riga sandy coast, waterbodies C&E",387.080162999,296440.220511,1327844259.75,23.4867|57.0467
23.6667,57.1667,2001-09-05T12:00:00Z,3.7,13,SEA-011,Opensea,Gulf of Riga,Opensea Gulf of Riga,Gulf of Riga,Opensea Gulf of Riga,8674.48923994,954770.496399,30193177349.7,23.6667|57.1667
23.4833,57.4,2001-09-05T14:20:00Z,3.2,13,SEA-011,Opensea,Gulf of Riga,Opensea Gulf of Riga,Gulf of Riga,Opensea Gulf of Riga,8674.48923994,954770.496399,30193177349.7,23.4833|57.4
22.9833,57.5667,2001-09-05T18:30:00Z,3.3,13,SEA-011,Opensea,Gulf of Riga,Opensea Gulf of Riga,Gulf of Riga,Opensea Gulf of Riga,8674.48923994,954770.496399,30193177349.7,22.9833|57.5667
24.1167,57.6,2001-09-06T06:15:00Z,4.1,13,SEA-011,Opensea,Gulf of Riga,Opensea Gulf of Riga,Gulf of Riga,Opensea Gulf of Riga,8674.48923994,954770.496399,30193177349.7,24.1167|57.6
24.0833,57.35,2001-09-06T08:30:00Z,4.3,13,SEA-011,Opensea,Gulf of Riga,Opensea Gulf of Riga,Gulf of Riga,Opensea Gulf of Riga,8674.48923994,954770.496399,30193177349.7,24.0833|57.35
24.3733,57.315,2001-09-06T11:00:00Z,2.9,13,LAT-004,Latvia,Gulf of Riga,"Gulf of Riga stony coast, waterbodies D&F",,"Gulf of Riga stony coast, waterbodies D&F",308.69830546,436367.284109,1064792248.48,24.3733|57.315
24.3667,57.24,2001-09-06T12:00:00Z,3.1,13,LAT-005,Latvia,Gulf of Riga,Gulf of Riga transitional waters,,Gulf of Riga transitional waters,855.811191767,243360.758113,2896144600.07,24.3667|57.24
23.85,57.3,2001-09-06T14:20:00Z,3.8,13,SEA-011,Opensea,Gulf of Riga,Opensea Gulf of Riga,Gulf of Riga,Opensea Gulf of Riga,8674.48923994,954770.496399,30193177349.7,23.85|57.3
23.85,57.3,2001-09-29T13:00:00Z,3.7,13,SEA-011,Opensea,Gulf of Riga,Opensea Gulf of Riga,Gulf of Riga,Opensea Gulf of Riga,8674.48923994,954770.496399,30193177349.7,23.85|57.3
24.0017,57.0833,2001-09-29T14:55:00Z,2.1,17,LAT-005,Latvia,Gulf of Riga,Gulf of Riga transitional waters,,Gulf of Riga transitional waters,855.811191767,243360.758113,2896144600.07,24.0017|57.0833
23.85,57.3,2001-10-15T13:00:00Z,3.2,13,SEA-011,Opensea,Gulf of Riga,Opensea Gulf of Riga,Gulf of Riga,Opensea Gulf of Riga,8674.48923994,954770.496399,30193177349.7,23.85|57.3
24.0017,57.0833,2001-10-15T15:30:00Z,2.8,17,LAT-005,Latvia,Gulf of Riga,Gulf of Riga transitional waters,,Gulf of Riga transitional waters,855.811191767,243360.758113,2896144600.07,24.0017|57.0833
23.85,57.3,2001-11-08T13:40:00Z,2.2,13,SEA-011,Opensea,Gulf of Riga,Opensea Gulf of Riga,Gulf of Riga,Opensea Gulf of Riga,8674.48923994,954770.496399,30193177349.7,23.85|57.3
24.0017,57.0833,2001-11-08T16:10:00Z,2.1,19,LAT-005,Latvia,Gulf of Riga,Gulf of Riga transitional waters,,Gulf of Riga transitional waters,855.811191767,243360.758113,2896144600.07,24.0017|57.0833
24.0017,57.0833,2001-11-27T11:10:00Z,1.8,20,LAT-005,Latvia,Gulf of Riga,Gulf of Riga transitional waters,,Gulf of Riga transitional waters,855.811191767,243360.758113,2896144600.07,24.0017|57.0833
23.9833,57.1,2001-11-27T12:10:00Z,1.8,19,LAT-005,Latvia,Gulf of Riga,Gulf of Riga transitional waters,,Gulf of Riga transitional waters,855.811191767,243360.758113,2896144600.07,23.9833|57.1
23.85,57.3,2001-11-27T14:10:00Z,2,17,SEA-011,Opensea,Gulf of Riga,Opensea Gulf of Riga,Gulf of Riga,Opensea Gulf of Riga,8674.48923994,954770.496399,30193177349.7,23.85|57.3
23.7667,57.4167,2001-11-27T15:45:00Z,2.1,15,SEA-011,Opensea,Gulf of Riga,Opensea Gulf of Riga,Gulf of Riga,Opensea Gulf of Riga,8674.48923994,954770.496399,30193177349.7,23.7667|57.4167
24.3367,57.5933,2001-11-28T08:20:00Z,1.8,14,LAT-004,Latvia,Gulf of Riga,"Gulf of Riga stony coast, waterbodies D&F",,"Gulf of Riga stony coast, waterbodies D&F",308.69830546,436367.284109,1064792248.48,24.3367|57.5933
24.0665,57.8827,2001-11-28T11:00:00Z,2.2,13,SEA-011,Opensea,Gulf of Riga,Opensea Gulf of Riga,Gulf of Riga,Opensea Gulf of Riga,8674.48923994,954770.496399,30193177349.7,24.0665|57.8827
23.9167,57.85,2001-11-28T12:40:00Z,2.8,13,SEA-011,Opensea,Gulf of Riga,Opensea Gulf of Riga,Gulf of Riga,Opensea Gulf of Riga,8674.48923994,954770.496399,30193177349.7,23.9167|57.85
23.6167,57.6167,2001-11-28T16:15:00Z,3,12,SEA-011,Opensea,Gulf of Riga,Opensea Gulf of Riga,Gulf of Riga,Opensea Gulf of Riga,8674.48923994,954770.496399,30193177349.7,23.6167|57.6167
23.4833,57.4,2001-11-29T11:40:00Z,2.5,12,SEA-011,Opensea,Gulf of Riga,Opensea Gulf of Riga,Gulf of Riga,Opensea Gulf of Riga,8674.48923994,954770.496399,30193177349.7,23.4833|57.4
23.4867,57.0467,2001-11-29T14:50:00Z,2.1,12,LAT-003,Latvia,Gulf of Riga,"Gulf of Riga sandy coast, waterbodies C&E",,"Gulf of Riga sandy coast, waterbodies C&E",387.080162999,296440.220511,1327844259.75,23.4867|57.0467
23.6667,57.1667,2001-11-29T16:10:00Z,2,12,SEA-011,Opensea,Gulf of Riga,Opensea Gulf of Riga,Gulf of Riga,Opensea Gulf of Riga,8674.48923994,954770.496399,30193177349.7,23.6667|57.1667
23.4833,57.4,2001-12-04T14:10:00Z,1.8,9,SEA-011,Opensea,Gulf of Riga,Opensea Gulf of Riga,Gulf of Riga,Opensea Gulf of Riga,8674.48923994,954770.496399,30193177349.7,23.4833|57.4
23.85,57.3,2001-12-05T08:00:00Z,2.2,9,SEA-011,Opensea,Gulf of Riga,Opensea Gulf of Riga,Gulf of Riga,Opensea Gulf of Riga,8674.48923994,954770.496399,30193177349.7,23.85|57.3
23.9333,57.1667,2001-12-05T14:10:00Z,2,13,LAT-005,Latvia,Gulf of Riga,Gulf of Riga transitional waters,,Gulf of Riga transitional waters,855.811191767,243360.758113,2896144600.07,23.9333|57.1667
23.9833,57.1,2001-12-05T16:00:00Z,1.8,17,LAT-005,Latvia,Gulf of Riga,Gulf of Riga transitional waters,,Gulf of Riga transitional waters,855.811191767,243360.758113,2896144600.07,23.9833|57.1
23.85,57.3,2001-12-18T13:00:00Z,2.7,9,SEA-011,Opensea,Gulf of Riga,Opensea Gulf of Riga,Gulf of Riga,Opensea Gulf of Riga,8674.48923994,954770.496399,30193177349.7,23.85|57.3
24.0833,57.35,2001-12-18T15:25:00Z,3.1,9,SEA-011,Opensea,Gulf of Riga,Opensea Gulf of Riga,Gulf of Riga,Opensea Gulf of Riga,8674.48923994,954770.496399,30193177349.7,24.0833|57.35
23.9833,57.1,2001-12-19T07:05:00Z,1.8,15,LAT-005,Latvia,Gulf of Riga,Gulf of Riga transitional waters,,Gulf of Riga transitional waters,855.811191767,243360.758113,2896144600.07,23.9833|57.1
24.0017,57.0833,2001-12-19T10:00:00Z,1.8,13,LAT-005,Latvia,Gulf of Riga,Gulf of Riga transitional waters,,Gulf of Riga transitional waters,855.811191767,243360.758113,2896144600.07,24.0017|57.0833
23.6667,57.1667,2007-01-22T12:15:00Z,2.1,11,SEA-011,Opensea,Gulf of Riga,Opensea Gulf of Riga,Gulf of Riga,Opensea Gulf of Riga,8674.48923994,954770.496399,30193177349.7,23.6667|57.1667
23.254,57.1667,2007-01-22T15:15:00Z,1.9,13,LAT-003,Latvia,Gulf of Riga,"Gulf of Riga sandy coast, waterbodies C&E",,"Gulf of Riga sandy coast, waterbodies C&E",387.080162999,296440.220511,1327844259.75,23.254|57.1667
22.6167,57.7333,2007-01-26T07:20:00Z,3.2,11,LAT-003,Latvia,Gulf of Riga,"Gulf of Riga sandy coast, waterbodies C&E",,"Gulf of Riga sandy coast, waterbodies C&E",387.080162999,296440.220511,1327844259.75,22.6167|57.7333
22.8833,57.7976,2007-01-26T09:20:00Z,2.9,9,SEA-011,Opensea,Gulf of Riga,Opensea Gulf of Riga,Gulf of Riga,Opensea Gulf of Riga,8674.48923994,954770.496399,30193177349.7,22.8833|57.7976
22.8167,57.5333,2007-01-26T12:20:00Z,2.6,11,LAT-003,Latvia,Gulf of Riga,"Gulf of Riga sandy coast, waterbodies C&E",,"Gulf of Riga sandy coast, waterbodies C&E",387.080162999,296440.220511,1327844259.75,22.8167|57.5333
22.9833,57.5667,2007-01-26T13:20:00Z,2.8,11,SEA-011,Opensea,Gulf of Riga,Opensea Gulf of Riga,Gulf of Riga,Opensea Gulf of Riga,8674.48923994,954770.496399,30193177349.7,22.9833|57.5667
23.7667,57.4167,2007-02-05T14:55:00Z,2.5,9,SEA-011,Opensea,Gulf of Riga,Opensea Gulf of Riga,Gulf of Riga,Opensea Gulf of Riga,8674.48923994,954770.496399,30193177349.7,23.7667|57.4167
24.1167,57.6,2007-02-06T08:00:00Z,2.8,9,SEA-011,Opensea,Gulf of Riga,Opensea Gulf of Riga,Gulf of Riga,Opensea Gulf of Riga,8674.48923994,954770.496399,30193177349.7,24.1167|57.6
23.6167,57.6167,2007-02-06T10:00:00Z,2.2,9,SEA-011,Opensea,Gulf of Riga,Opensea Gulf of Riga,Gulf of Riga,Opensea Gulf of Riga,8674.48923994,954770.496399,30193177349.7,23.6167|57.6167
24.25,57.1683,2007-02-07T09:05:00Z,1.5,19,LAT-005,Latvia,Gulf of Riga,Gulf of Riga transitional waters,,Gulf of Riga transitional waters,855.811191767,243360.758113,2896144600.07,24.25|57.1683
23.85,57.3,2007-02-07T11:30:00Z,1.8,15,SEA-011,Opensea,Gulf of Riga,Opensea Gulf of Riga,Gulf of Riga,Opensea Gulf of Riga,8674.48923994,954770.496399,30193177349.7,23.85|57.3
23.9333,57.1667,2007-02-07T15:15:00Z,1.6,19,LAT-005,Latvia,Gulf of Riga,Gulf of Riga transitional waters,,Gulf of Riga transitional waters,855.811191767,243360.758113,2896144600.07,23.9333|57.1667
23.9833,57.1,2007-02-07T16:40:00Z,1.7,21,LAT-005,Latvia,Gulf of Riga,Gulf of Riga transitional waters,,Gulf of Riga transitional waters,855.811191767,243360.758113,2896144600.07,23.9833|57.1
23.4867,57.0467,2007-02-08T08:15:00Z,2.8,9,LAT-003,Latvia,Gulf of Riga,"Gulf of Riga sandy coast, waterbodies C&E",,"Gulf of Riga sandy coast, waterbodies C&E",387.080162999,296440.220511,1327844259.75,23.4867|57.0467
23.7433,56.98,2007-02-08T10:15:00Z,2.3,13,LAT-005,Latvia,Gulf of Riga,Gulf of Riga transitional waters,,Gulf of Riga transitional waters,855.811191767,243360.758113,2896144600.07,23.7433|56.98
23.85,57.3,2007-04-19T10:40:00Z,3.2,13,SEA-011,Opensea,Gulf of Riga,Opensea Gulf of Riga,Gulf of Riga,Opensea Gulf of Riga,8674.48923994,954770.496399,30193177349.7,23.85|57.3
23.4867,57.0467,2007-04-19T15:40:00Z,2.1,15,LAT-003,Latvia,Gulf of Riga,"Gulf of Riga sandy coast, waterbodies C&E",,"Gulf of Riga sandy coast, waterbodies C&E",387.080162999,296440.220511,1327844259.75,23.4867|57.0467
24.3733,57.315,2007-04-25T10:50:00Z,0.9,19,LAT-004,Latvia,Gulf of Riga,"Gulf of Riga stony coast, waterbodies D&F",,"Gulf of Riga stony coast, waterbodies D&F",308.69830546,436367.284109,1064792248.48,24.3733|57.315
24.0017,57.0833,2007-04-25T12:40:00Z,1.7,21,LAT-005,Latvia,Gulf of Riga,Gulf of Riga transitional waters,,Gulf of Riga transitional waters,855.811191767,243360.758113,2896144600.07,24.0017|57.0833
24.25,57.1683,2007-05-02T16:50:00Z,1.3,19,LAT-005,Latvia,Gulf of Riga,Gulf of Riga transitional waters,,Gulf of Riga transitional waters,855.811191767,243360.758113,2896144600.07,24.25|57.1683
24.2167,57.1833,2007-05-02T19:10:00Z,2.1,13,LAT-005,Latvia,Gulf of Riga,Gulf of Riga transitional waters,,Gulf of Riga transitional waters,855.811191767,243360.758113,2896144600.07,24.2167|57.1833
24.0833,57.35,2007-05-03T07:00:00Z,2.7,15,SEA-011,Opensea,Gulf of Riga,Opensea Gulf of Riga,Gulf of Riga,Opensea Gulf of Riga,8674.48923994,954770.496399,30193177349.7,24.0833|57.35
24.3533,57.4483,2007-05-03T09:40:00Z,1.9,13,LAT-004,Latvia,Gulf of Riga,"Gulf of Riga stony coast, waterbodies D&F",,"Gulf of Riga stony coast, waterbodies D&F",308.69830546,436367.284109,1064792248.48,24.3533|57.4483
24.1167,57.6,2007-05-03T11:50:00Z,3.6,15,SEA-011,Opensea,Gulf of Riga,Opensea Gulf of Riga,Gulf of Riga,Opensea Gulf of Riga,8674.48923994,954770.496399,30193177349.7,24.1167|57.6
24.315,57.7467,2007-05-03T14:00:00Z,1.9,17,LAT-004,Latvia,Gulf of Riga,"Gulf of Riga stony coast, waterbodies D&F",,"Gulf of Riga stony coast, waterbodies D&F",308.69830546,436367.284109,1064792248.48,24.315|57.7467
24.2433,57.88,2007-05-03T15:40:00Z,2.3,15,SEA-011,Opensea,Gulf of Riga,Opensea Gulf of Riga,Gulf of Riga,Opensea Gulf of Riga,8674.48923994,954770.496399,30193177349.7,24.2433|57.88
23.9167,57.85,2007-05-03T17:20:00Z,3,13,SEA-011,Opensea,Gulf of Riga,Opensea Gulf of Riga,Gulf of Riga,Opensea Gulf of Riga,8674.48923994,954770.496399,30193177349.7,23.9167|57.85
23.6167,57.6167,2007-05-03T20:20:00Z,1.9,15,SEA-011,Opensea,Gulf of Riga,Opensea Gulf of Riga,Gulf of Riga,Opensea Gulf of Riga,8674.48923994,954770.496399,30193177349.7,23.6167|57.6167
23.4833,57.4,2007-05-04T06:45:00Z,2.1,15,SEA-011,Opensea,Gulf of Riga,Opensea Gulf of Riga,Gulf of Riga,Opensea Gulf of Riga,8674.48923994,954770.496399,30193177349.7,23.4833|57.4
23.7667,57.4167,2007-05-04T09:25:00Z,2.2,15,SEA-011,Opensea,Gulf of Riga,Opensea Gulf of Riga,Gulf of Riga,Opensea Gulf of Riga,8674.48923994,954770.496399,30193177349.7,23.7667|57.4167
23.85,57.3,2007-05-04T12:05:00Z,2.6,15,SEA-011,Opensea,Gulf of Riga,Opensea Gulf of Riga,Gulf of Riga,Opensea Gulf of Riga,8674.48923994,954770.496399,30193177349.7,23.85|57.3
23.9333,57.1667,2007-05-04T15:25:00Z,2.2,13,LAT-005,Latvia,Gulf of Riga,Gulf of Riga transitional waters,,Gulf of Riga transitional waters,855.811191767,243360.758113,2896144600.07,23.9333|57.1667
23.9565,57.1243,2007-05-04T17:50:00Z,2.1,17,LAT-005,Latvia,Gulf of Riga,Gulf of Riga transitional waters,,Gulf of Riga transitional waters,855.811191767,243360.758113,2896144600.07,23.9565|57.1243
23.9833,57.1,2007-05-04T18:20:00Z,2.2,19,LAT-005,Latvia,Gulf of Riga,Gulf of Riga transitional waters,,Gulf of Riga transitional waters,855.811191767,243360.758113,2896144600.07,23.9833|57.1
24.0017,57.0833,2007-05-04T20:30:00Z,1.7,21,LAT-005,Latvia,Gulf of Riga,Gulf of Riga transitional waters,,Gulf of Riga transitional waters,855.811191767,243360.758113,2896144600.07,24.0017|57.0833
23.92,57.025,2007-05-05T07:00:00Z,1.9,19,LAT-005,Latvia,Gulf of Riga,Gulf of Riga transitional waters,,Gulf of Riga transitional waters,855.811191767,243360.758113,2896144600.07,23.92|57.025
23.8883,57.055,2007-05-05T09:20:00Z,1.5,17,LAT-005,Latvia,Gulf of Riga,Gulf of Riga transitional waters,,Gulf of Riga transitional waters,855.811191767,243360.758113,2896144600.07,23.8883|57.055
23.7433,56.98,2007-05-05T10:40:00Z,1.4,19,LAT-005,Latvia,Gulf of Riga,Gulf of Riga transitional waters,,Gulf of Riga transitional waters,855.811191767,243360.758113,2896144600.07,23.7433|56.98
23.6667,57.1667,2007-05-05T13:20:00Z,1.8,13,SEA-011,Opensea,Gulf of Riga,Opensea Gulf of Riga,Gulf of Riga,Opensea Gulf of Riga,8674.48923994,954770.496399,30193177349.7,23.6667|57.1667
23.4867,57.0467,2007-05-05T15:40:00Z,3.6,9,LAT-003,Latvia,Gulf of Riga,"Gulf of Riga sandy coast, waterbodies C&E",,"Gulf of Riga sandy coast, waterbodies C&E",387.080162999,296440.220511,1327844259.75,23.4867|57.0467
23.254,57.1667,2007-05-05T17:55:00Z,3.1,9,LAT-003,Latvia,Gulf of Riga,"Gulf of Riga sandy coast, waterbodies C&E",,"Gulf of Riga sandy coast, waterbodies C&E",387.080162999,296440.220511,1327844259.75,23.254|57.1667
23.07,57.3967,2007-05-05T20:50:00Z,3.1,9,LAT-004,Latvia,Gulf of Riga,"Gulf of Riga stony coast, waterbodies D&F",,"Gulf of Riga stony coast, waterbodies D&F",308.69830546,436367.284109,1064792248.48,23.07|57.3967
22.8167,57.5333,2007-05-06T07:15:00Z,3.4,9,LAT-003,Latvia,Gulf of Riga,"Gulf of Riga sandy coast, waterbodies C&E",,"Gulf of Riga sandy coast, waterbodies C&E",387.080162999,296440.220511,1327844259.75,22.8167|57.5333
22.9833,57.5667,2007-05-06T09:25:00Z,2.6,11,SEA-011,Opensea,Gulf of Riga,Opensea Gulf of Riga,Gulf of Riga,Opensea Gulf of Riga,8674.48923994,954770.496399,30193177349.7,22.9833|57.5667
22.6167,57.7333,2007-05-06T12:50:00Z,3.6,9,LAT-003,Latvia,Gulf of Riga,"Gulf of Riga sandy coast, waterbodies C&E",,"Gulf of Riga sandy coast, waterbodies C&E",387.080162999,296440.220511,1327844259.75,22.6167|57.7333
22.8833,57.7976,2007-05-06T14:55:00Z,2.9,11,SEA-011,Opensea,Gulf of Riga,Opensea Gulf of Riga,Gulf of Riga,Opensea Gulf of Riga,8674.48923994,954770.496399,30193177349.7,22.8833|57.7976
22.41,57.8433,2007-05-06T17:55:00Z,3,17,SEA-011,Opensea,Gulf of Riga,Opensea Gulf of Riga,Gulf of Riga,Opensea Gulf of Riga,8674.48923994,954770.496399,30193177349.7,22.41|57.8433
24.0017,57.0833,2007-07-13T09:30:00Z,1.5,21,LAT-005,Latvia,Gulf of Riga,Gulf of Riga transitional waters,,Gulf of Riga transitional waters,855.811191767,243360.758113,2896144600.07,24.0017|57.0833
23.9833,57.1,2007-07-13T10:25:00Z,1.5,21,LAT-005,Latvia,Gulf of Riga,Gulf of Riga transitional waters,,Gulf of Riga transitional waters,855.811191767,243360.758113,2896144600.07,23.9833|57.1
23.9333,57.1667,2007-07-13T10:55:00Z,2.3,12,LAT-005,Latvia,Gulf of Riga,Gulf of Riga transitional waters,,Gulf of Riga transitional waters,855.811191767,243360.758113,2896144600.07,23.9333|57.1667
24.3733,57.315,2007-07-13T12:35:00Z,1.5,12,LAT-004,Latvia,Gulf of Riga,"Gulf of Riga stony coast, waterbodies D&F",,"Gulf of Riga stony coast, waterbodies D&F",308.69830546,436367.284109,1064792248.48,24.3733|57.315
24.0833,57.35,2007-07-13T14:05:00Z,2.1,13,SEA-011,Opensea,Gulf of Riga,Opensea Gulf of Riga,Gulf of Riga,Opensea Gulf of Riga,8674.48923994,954770.496399,30193177349.7,24.0833|57.35
23.85,57.3,2007-07-13T14:55:00Z,1.9,13,SEA-011,Opensea,Gulf of Riga,Opensea Gulf of Riga,Gulf of Riga,Opensea Gulf of Riga,8674.48923994,954770.496399,30193177349.7,23.85|57.3
23.6667,57.1667,2007-07-13T17:05:00Z,2.1,8,SEA-011,Opensea,Gulf of Riga,Opensea Gulf of Riga,Gulf of Riga,Opensea Gulf of Riga,8674.48923994,954770.496399,30193177349.7,23.6667|57.1667
23.4867,57.0467,2007-07-13T18:05:00Z,2.1,9,LAT-003,Latvia,Gulf of Riga,"Gulf of Riga sandy coast, waterbodies C&E",,"Gulf of Riga sandy coast, waterbodies C&E",387.080162999,296440.220511,1327844259.75,23.4867|57.0467
22.41,57.8433,2007-08-10T19:10:00Z,3,13,SEA-011,Opensea,Gulf of Riga,Opensea Gulf of Riga,Gulf of Riga,Opensea Gulf of Riga,8674.48923994,954770.496399,30193177349.7,22.41|57.8433
22.6167,57.7333,2007-08-10T21:40:00Z,3.1,17,LAT-003,Latvia,Gulf of Riga,"Gulf of Riga sandy coast, waterbodies C&E",,"Gulf of Riga sandy coast, waterbodies C&E",387.080162999,296440.220511,1327844259.75,22.6167|57.7333
22.8833,57.7976,2007-08-11T07:50:00Z,3.8,17,SEA-011,Opensea,Gulf of Riga,Opensea Gulf of Riga,Gulf of Riga,Opensea Gulf of Riga,8674.48923994,954770.496399,30193177349.7,22.8833|57.7976
22.8167,57.5333,2007-08-11T10:15:00Z,2.9,17,LAT-003,Latvia,Gulf of Riga,"Gulf of Riga sandy coast, waterbodies C&E",,"Gulf of Riga sandy coast, waterbodies C&E",387.080162999,296440.220511,1327844259.75,22.8167|57.5333
22.9833,57.5667,2007-08-11T11:20:00Z,3.5,19,SEA-011,Opensea,Gulf of Riga,Opensea Gulf of Riga,Gulf of Riga,Opensea Gulf of Riga,8674.48923994,954770.496399,30193177349.7,22.9833|57.5667
23.07,57.3967,2007-08-11T14:40:00Z,2.7,17,LAT-004,Latvia,Gulf of Riga,"Gulf of Riga stony coast, waterbodies D&F",,"Gulf of Riga stony coast, waterbodies D&F",308.69830546,436367.284109,1064792248.48,23.07|57.3967
23.4833,57.4,2007-08-11T16:55:00Z,3.4,19,SEA-011,Opensea,Gulf of Riga,Opensea Gulf of Riga,Gulf of Riga,Opensea Gulf of Riga,8674.48923994,954770.496399,30193177349.7,23.4833|57.4
23.254,57.1667,2007-08-11T20:10:00Z,3.8,17,LAT-003,Latvia,Gulf of Riga,"Gulf of Riga sandy coast, waterbodies C&E",,"Gulf of Riga sandy coast, waterbodies C&E",387.080162999,296440.220511,1327844259.75,23.254|57.1667
23.4867,57.0467,2007-08-12T07:15:00Z,2.8,17,LAT-003,Latvia,Gulf of Riga,"Gulf of Riga sandy coast, waterbodies C&E",,"Gulf of Riga sandy coast, waterbodies C&E",387.080162999,296440.220511,1327844259.75,23.4867|57.0467
23.6667,57.1667,2007-08-12T09:00:00Z,3.3,17,SEA-011,Opensea,Gulf of Riga,Opensea Gulf of Riga,Gulf of Riga,Opensea Gulf of Riga,8674.48923994,954770.496399,30193177349.7,23.6667|57.1667
23.7433,56.98,2007-08-12T11:00:00Z,3.6,17,LAT-005,Latvia,Gulf of Riga,Gulf of Riga transitional waters,,Gulf of Riga transitional waters,855.811191767,243360.758113,2896144600.07,23.7433|56.98
23.92,57.025,2007-08-12T12:00:00Z,3.2,17,LAT-005,Latvia,Gulf of Riga,Gulf of Riga transitional waters,,Gulf of Riga transitional waters,855.811191767,243360.758113,2896144600.07,23.92|57.025
24.0017,57.0833,2007-08-12T13:20:00Z,3.5,15,LAT-005,Latvia,Gulf of Riga,Gulf of Riga transitional waters,,Gulf of Riga transitional waters,855.811191767,243360.758113,2896144600.07,24.0017|57.0833
23.9833,57.1,2007-08-12T14:15:00Z,3.2,19,LAT-005,Latvia,Gulf of Riga,Gulf of Riga transitional waters,,Gulf of Riga transitional waters,855.811191767,243360.758113,2896144600.07,23.9833|57.1
23.9333,57.1667,2007-08-12T15:25:00Z,3,19,LAT-005,Latvia,Gulf of Riga,Gulf of Riga transitional waters,,Gulf of Riga transitional waters,855.811191767,243360.758113,2896144600.07,23.9333|57.1667
23.8883,57.055,2007-08-12T16:35:00Z,2.8,19,LAT-005,Latvia,Gulf of Riga,Gulf of Riga transitional waters,,Gulf of Riga transitional waters,855.811191767,243360.758113,2896144600.07,23.8883|57.055
24.2167,57.1833,2007-08-13T06:00:00Z,2.9,19,LAT-005,Latvia,Gulf of Riga,Gulf of Riga transitional waters,,Gulf of Riga transitional waters,855.811191767,243360.758113,2896144600.07,24.2167|57.1833
24.25,57.1683,2007-08-13T07:40:00Z,3.4,13,LAT-005,Latvia,Gulf of Riga,Gulf of Riga transitional waters,,Gulf of Riga transitional waters,855.811191767,243360.758113,2896144600.07,24.25|57.1683
24.3733,57.315,2007-08-13T09:35:00Z,3.8,13,LAT-004,Latvia,Gulf of Riga,"Gulf of Riga stony coast, waterbodies D&F",,"Gulf of Riga stony coast, waterbodies D&F",308.69830546,436367.284109,1064792248.48,24.3733|57.315
24.0833,57.35,2007-08-13T11:30:00Z,4.5,15,SEA-011,Opensea,Gulf of Riga,Opensea Gulf of Riga,Gulf of Riga,Opensea Gulf of Riga,8674.48923994,954770.496399,30193177349.7,24.0833|57.35
23.7667,57.4167,2007-08-13T13:20:00Z,3.7,15,SEA-011,Opensea,Gulf of Riga,Opensea Gulf of Riga,Gulf of Riga,Opensea Gulf of Riga,8674.48923994,954770.496399,30193177349.7,23.7667|57.4167
24.3533,57.4483,2007-08-13T16:45:00Z,2.8,9,LAT-004,Latvia,Gulf of Riga,"Gulf of Riga stony coast, waterbodies D&F",,"Gulf of Riga stony coast, waterbodies D&F",308.69830546,436367.284109,1064792248.48,24.3533|57.4483
24.1167,57.6,2007-08-13T18:35:00Z,3.4,9,SEA-011,Opensea,Gulf of Riga,Opensea Gulf of Riga,Gulf of Riga,Opensea Gulf of Riga,8674.48923994,954770.496399,30193177349.7,24.1167|57.6
24.315,57.7467,2007-08-14T07:50:00Z,2,21,LAT-004,Latvia,Gulf of Riga,"Gulf of Riga stony coast, waterbodies D&F",,"Gulf of Riga stony coast, waterbodies D&F",308.69830546,436367.284109,1064792248.48,24.315|57.7467
23.9167,57.85,2007-08-14T10:15:00Z,3.6,11,SEA-011,Opensea,Gulf of Riga,Opensea Gulf of Riga,Gulf of Riga,Opensea Gulf of Riga,8674.48923994,954770.496399,30193177349.7,23.9167|57.85
24.2433,57.88,2007-08-14T13:15:00Z,2.8,9,SEA-011,Opensea,Gulf of Riga,Opensea Gulf of Riga,Gulf of Riga,Opensea Gulf of Riga,8674.48923994,954770.496399,30193177349.7,24.2433|57.88
23.85,57.3,2007-08-15T06:00:00Z,4.5,11,SEA-011,Opensea,Gulf of Riga,Opensea Gulf of Riga,Gulf of Riga,Opensea Gulf of Riga,8674.48923994,954770.496399,30193177349.7,23.85|57.3
24.3733,57.315,2007-09-11T12:00:00Z,2.6,15,LAT-004,Latvia,Gulf of Riga,"Gulf of Riga stony coast, waterbodies D&F",,"Gulf of Riga stony coast, waterbodies D&F",308.69830546,436367.284109,1064792248.48,24.3733|57.315
23.85,57.3,2007-09-11T13:50:00Z,4.1,9,SEA-011,Opensea,Gulf of Riga,Opensea Gulf of Riga,Gulf of Riga,Opensea Gulf of Riga,8674.48923994,954770.496399,30193177349.7,23.85|57.3
24.0017,57.0833,2007-09-11T16:30:00Z,2.2,17,LAT-005,Latvia,Gulf of Riga,Gulf of Riga transitional waters,,Gulf of Riga transitional waters,855.811191767,243360.758113,2896144600.07,24.0017|57.0833
23.4867,57.0467,2007-09-12T11:35:00Z,3,11,LAT-003,Latvia,Gulf of Riga,"Gulf of Riga sandy coast, waterbodies C&E",,"Gulf of Riga sandy coast, waterbodies C&E",387.080162999,296440.220511,1327844259.75,23.4867|57.0467
22.8833,57.7976,2007-11-23T08:30:00Z,3.8,13,SEA-011,Opensea,Gulf of Riga,Opensea Gulf of Riga,Gulf of Riga,Opensea Gulf of Riga,8674.48923994,954770.496399,30193177349.7,22.8833|57.7976
22.8167,57.5333,2007-11-23T11:00:00Z,3.5,13,LAT-003,Latvia,Gulf of Riga,"Gulf of Riga sandy coast, waterbodies C&E",,"Gulf of Riga sandy coast, waterbodies C&E",387.080162999,296440.220511,1327844259.75,22.8167|57.5333
22.9833,57.5667,2007-11-23T12:10:00Z,3.5,13,SEA-011,Opensea,Gulf of Riga,Opensea Gulf of Riga,Gulf of Riga,Opensea Gulf of Riga,8674.48923994,954770.496399,30193177349.7,22.9833|57.5667
23.07,57.3967,2007-11-23T14:00:00Z,3,13,LAT-004,Latvia,Gulf of Riga,"Gulf of Riga stony coast, waterbodies D&F",,"Gulf of Riga stony coast, waterbodies D&F",308.69830546,436367.284109,1064792248.48,23.07|57.3967
23.4833,57.4,2007-11-23T15:50:00Z,3.5,13,SEA-011,Opensea,Gulf of Riga,Opensea Gulf of Riga,Gulf of Riga,Opensea Gulf of Riga,8674.48923994,954770.496399,30193177349.7,23.4833|57.4
23.7433,56.98,2007-11-24T09:15:00Z,3.2,13,LAT-005,Latvia,Gulf of Riga,Gulf of Riga transitional waters,,Gulf of Riga transitional waters,855.811191767,243360.758113,2896144600.07,23.7433|56.98
23.92,57.025,2007-11-24T10:55:00Z,3.5,13,LAT-005,Latvia,Gulf of Riga,Gulf of Riga transitional waters,,Gulf of Riga transitional waters,855.811191767,243360.758113,2896144600.07,23.92|57.025
24.0017,57.0833,2007-11-24T11:35:00Z,2.5,19,LAT-005,Latvia,Gulf of Riga,Gulf of Riga transitional waters,,Gulf of Riga transitional waters,855.811191767,243360.758113,2896144600.07,24.0017|57.0833
23.9833,57.1,2007-11-24T12:25:00Z,3.2,17,LAT-005,Latvia,Gulf of Riga,Gulf of Riga transitional waters,,Gulf of Riga transitional waters,855.811191767,243360.758113,2896144600.07,23.9833|57.1
23.9333,57.1667,2007-11-24T13:30:00Z,4,13,LAT-005,Latvia,Gulf of Riga,Gulf of Riga transitional waters,,Gulf of Riga transitional waters,855.811191767,243360.758113,2896144600.07,23.9333|57.1667
23.85,57.3,2007-11-24T14:50:00Z,3.8,13,SEA-011,Opensea,Gulf of Riga,Opensea Gulf of Riga,Gulf of Riga,Opensea Gulf of Riga,8674.48923994,954770.496399,30193177349.7,23.85|57.3
24.0833,57.35,2007-11-25T08:15:00Z,3.2,13,SEA-011,Opensea,Gulf of Riga,Opensea Gulf of Riga,Gulf of Riga,Opensea Gulf of Riga,8674.48923994,954770.496399,30193177349.7,24.0833|57.35
22.9833,57.5667,1978-05-05T13:25:00Z,2.5,18,SEA-011,Opensea,Gulf of Riga,Opensea Gulf of Riga,Gulf of Riga,Opensea Gulf of Riga,8674.48923994,954770.496399,30193177349.7,22.9833|57.5667
23.6167,57.6167,1978-05-05T08:40:00Z,2.5,19,SEA-011,Opensea,Gulf of Riga,Opensea Gulf of Riga,Gulf of Riga,Opensea Gulf of Riga,8674.48923994,954770.496399,30193177349.7,23.6167|57.6167
23.9833,57.1,1978-05-07T14:45:00Z,1.8,21,LAT-005,Latvia,Gulf of Riga,Gulf of Riga transitional waters,,Gulf of Riga transitional waters,855.811191767,243360.758113,2896144600.07,23.9833|57.1
23.85,57.3,1978-05-07T11:50:00Z,2,20,SEA-011,Opensea,Gulf of Riga,Opensea Gulf of Riga,Gulf of Riga,Opensea Gulf of Riga,8674.48923994,954770.496399,30193177349.7,23.85|57.3
23.7667,57.4167,1978-05-07T20:10:00Z,2.5,18,SEA-011,Opensea,Gulf of Riga,Opensea Gulf of Riga,Gulf of Riga,Opensea Gulf of Riga,8674.48923994,954770.496399,30193177349.7,23.7667|57.4167
23.4833,57.4,1978-05-07T09:05:00Z,2,19,SEA-011,Opensea,Gulf of Riga,Opensea Gulf of Riga,Gulf of Riga,Opensea Gulf of Riga,8674.48923994,954770.496399,30193177349.7,23.4833|57.4
24.0833,57.35,1978-05-07T17:30:00Z,3,17,SEA-011,Opensea,Gulf of Riga,Opensea Gulf of Riga,Gulf of Riga,Opensea Gulf of Riga,8674.48923994,954770.496399,30193177349.7,24.0833|57.35
23.35,57.96,1978-05-08T12:10:00Z,3,16,EST-019,Estonia,Gulf of Riga,Central part of the Gulf of Riga CWB,,EE_19,1960.16337669,379661.151667,6969951504.02,23.35|57.96
23.4,58.2,1978-05-08T14:40:00Z,3.5,15,EST-019,Estonia,Gulf of Riga,Central part of the Gulf of Riga CWB,,EE_19,1960.16337669,379661.151667,6969951504.02,23.4|58.2
23.9833,57.1,1978-05-25T18:15:00Z,2,20,LAT-005,Latvia,Gulf of Riga,Gulf of Riga transitional waters,,Gulf of Riga transitional waters,855.811191767,243360.758113,2896144600.07,23.9833|57.1
23.85,57.3,1978-05-25T20:15:00Z,2,20,SEA-011,Opensea,Gulf of Riga,Opensea Gulf of Riga,Gulf of Riga,Opensea Gulf of Riga,8674.48923994,954770.496399,30193177349.7,23.85|57.3
23.4833,57.4,1978-05-25T15:00:00Z,4,14,SEA-011,Opensea,Gulf of Riga,Opensea Gulf of Riga,Gulf of Riga,Opensea Gulf of Riga,8674.48923994,954770.496399,30193177349.7,23.4833|57.4
24.1167,57.6,1978-05-24T15:35:00Z,4.5,14,SEA-011,Opensea,Gulf of Riga,Opensea Gulf of Riga,Gulf of Riga,Opensea Gulf of Riga,8674.48923994,954770.496399,30193177349.7,24.1167|57.6
23.35,57.96,1978-05-26T14:25:00Z,5.5,11,EST-019,Estonia,Gulf of Riga,Central part of the Gulf of Riga CWB,,EE_19,1960.16337669,379661.151667,6969951504.02,23.35|57.96
23.4,58.2,1978-05-26T16:50:00Z,7,11,EST-019,Estonia,Gulf of Riga,Central part of the Gulf of Riga CWB,,EE_19,1960.16337669,379661.151667,6969951504.02,23.4|58.2
23.6167,57.6167,1978-05-24T12:20:00Z,4.5,14,SEA-011,Opensea,Gulf of Riga,Opensea Gulf of Riga,Gulf of Riga,Opensea Gulf of Riga,8674.48923994,954770.496399,30193177349.7,23.6167|57.6167
24.0833,57.35,1978-05-24T18:55:00Z,2.5,18,SEA-011,Opensea,Gulf of Riga,Opensea Gulf of Riga,Gulf of Riga,Opensea Gulf of Riga,8674.48923994,954770.496399,30193177349.7,24.0833|57.35
22.9833,57.5667,1978-06-07T11:46:00Z,4,11,SEA-011,Opensea,Gulf of Riga,Opensea Gulf of Riga,Gulf of Riga,Opensea Gulf of Riga,8674.48923994,954770.496399,30193177349.7,22.9833|57.5667
23.6167,57.6167,1978-06-07T17:00:00Z,6,12,SEA-011,Opensea,Gulf of Riga,Opensea Gulf of Riga,Gulf of Riga,Opensea Gulf of Riga,8674.48923994,954770.496399,30193177349.7,23.6167|57.6167
24.1167,57.6,1978-06-07T20:46:00Z,5,12,SEA-011,Opensea,Gulf of Riga,Opensea Gulf of Riga,Gulf of Riga,Opensea Gulf of Riga,8674.48923994,954770.496399,30193177349.7,24.1167|57.6
23.85,57.3,1978-06-08T17:04:00Z,4,12,SEA-011,Opensea,Gulf of Riga,Opensea Gulf of Riga,Gulf of Riga,Opensea Gulf of Riga,8674.48923994,954770.496399,30193177349.7,23.85|57.3
24.0833,57.35,1978-06-08T18:50:00Z,4,12,SEA-011,Opensea,Gulf of Riga,Opensea Gulf of Riga,Gulf of Riga,Opensea Gulf of Riga,8674.48923994,954770.496399,30193177349.7,24.0833|57.35
23.9833,57.1,1978-06-08T20:40:00Z,2.5,19,LAT-005,Latvia,Gulf of Riga,Gulf of Riga transitional waters,,Gulf of Riga transitional waters,855.811191767,243360.758113,2896144600.07,23.9833|57.1
22.8833,57.7976,1978-06-11T08:22:00Z,5,12,SEA-011,Opensea,Gulf of Riga,Opensea Gulf of Riga,Gulf of Riga,Opensea Gulf of Riga,8674.48923994,954770.496399,30193177349.7,22.8833|57.7976
23.4,58.2,1978-06-11T12:47:00Z,5.5,10,EST-019,Estonia,Gulf of Riga,Central part of the Gulf of Riga CWB,,EE_19,1960.16337669,379661.151667,6969951504.02,23.4|58.2
22.41,57.8433,1978-06-11T20:00:00Z,7,8,SEA-011,Opensea,Gulf of Riga,Opensea Gulf of Riga,Gulf of Riga,Opensea Gulf of Riga,8674.48923994,954770.496399,30193177349.7,22.41|57.8433
24.0833,57.35,1978-07-04T06:50:00Z,4,17,SEA-011,Opensea,Gulf of Riga,Opensea Gulf of Riga,Gulf of Riga,Opensea Gulf of Riga,8674.48923994,954770.496399,30193177349.7,24.0833|57.35
23.7667,57.4167,1978-07-04T09:45:00Z,4.5,14,SEA-011,Opensea,Gulf of Riga,Opensea Gulf of Riga,Gulf of Riga,Opensea Gulf of Riga,8674.48923994,954770.496399,30193177349.7,23.7667|57.4167
22.9833,57.5667,1978-07-04T21:10:00Z,3.5,15,SEA-011,Opensea,Gulf of Riga,Opensea Gulf of Riga,Gulf of Riga,Opensea Gulf of Riga,8674.48923994,954770.496399,30193177349.7,22.9833|57.5667
23.6167,57.6167,1978-07-05T08:15:00Z,3.5,12,SEA-011,Opensea,Gulf of Riga,Opensea Gulf of Riga,Gulf of Riga,Opensea Gulf of Riga,8674.48923994,954770.496399,30193177349.7,23.6167|57.6167
22.41,57.8433,1978-07-06T12:15:00Z,4.5,11,SEA-011,Opensea,Gulf of Riga,Opensea Gulf of Riga,Gulf of Riga,Opensea Gulf of Riga,8674.48923994,954770.496399,30193177349.7,22.41|57.8433
23.4833,57.4,1978-07-04T12:10:00Z,4,16,SEA-011,Opensea,Gulf of Riga,Opensea Gulf of Riga,Gulf of Riga,Opensea Gulf of Riga,8674.48923994,954770.496399,30193177349.7,23.4833|57.4
22.8833,57.7976,1978-09-21T10:50:00Z,4.5,13,SEA-011,Opensea,Gulf of Riga,Opensea Gulf of Riga,Gulf of Riga,Opensea Gulf of Riga,8674.48923994,954770.496399,30193177349.7,22.8833|57.7976
22.9833,57.5667,1978-09-21T14:55:00Z,4.5,13,SEA-011,Opensea,Gulf of Riga,Opensea Gulf of Riga,Gulf of Riga,Opensea Gulf of Riga,8674.48923994,954770.496399,30193177349.7,22.9833|57.5667
23.4833,57.4,1978-09-23T11:20:00Z,4.5,13,SEA-011,Opensea,Gulf of Riga,Opensea Gulf of Riga,Gulf of Riga,Opensea Gulf of Riga,8674.48923994,954770.496399,30193177349.7,23.4833|57.4
23.85,57.3,1978-09-23T15:05:00Z,3,15,SEA-011,Opensea,Gulf of Riga,Opensea Gulf of Riga,Gulf of Riga,Opensea Gulf of Riga,8674.48923994,954770.496399,30193177349.7,23.85|57.3
23.4024,57.6021,1978-05-05T10:15:00Z,2.5,19,SEA-011,Opensea,Gulf of Riga,Opensea Gulf of Riga,Gulf of Riga,Opensea Gulf of Riga,8674.48923994,954770.496399,30193177349.7,23.4024|57.6021
23.2507,57.5962,1978-05-05T11:30:00Z,2.5,18,SEA-011,Opensea,Gulf of Riga,Opensea Gulf of Riga,Gulf of Riga,Opensea Gulf of Riga,8674.48923994,954770.496399,30193177349.7,23.2507|57.5962
24.2976,57.5922,1978-05-24T16:40:00Z,2.5,19,SEA-011,Opensea,Gulf of Riga,Opensea Gulf of Riga,Gulf of Riga,Opensea Gulf of Riga,8674.48923994,954770.496399,30193177349.7,24.2976|57.5922
23.2507,57.5962,1978-05-24T08:30:00Z,4.5,15,SEA-011,Opensea,Gulf of Riga,Opensea Gulf of Riga,Gulf of Riga,Opensea Gulf of Riga,8674.48923994,954770.496399,30193177349.7,23.2507|57.5962
23.4024,57.6021,1978-05-24T10:05:00Z,4.5,15,SEA-011,Opensea,Gulf of Riga,Opensea Gulf of Riga,Gulf of Riga,Opensea Gulf of Riga,8674.48923994,954770.496399,30193177349.7,23.4024|57.6021
23.8667,57.6,1978-05-24T13:55:00Z,4.5,14,SEA-011,Opensea,Gulf of Riga,Opensea Gulf of Riga,Gulf of Riga,Opensea Gulf of Riga,8674.48923994,954770.496399,30193177349.7,23.8667|57.6
23.4686,57.8333,1978-05-26T13:10:00Z,5,12,SEA-011,Opensea,Gulf of Riga,Opensea Gulf of Riga,Gulf of Riga,Opensea Gulf of Riga,8674.48923994,954770.496399,30193177349.7,23.4686|57.8333
23.0503,57.9508,1978-05-26T19:55:00Z,5.5,12,EST-019,Estonia,Gulf of Riga,Central part of the Gulf of Riga CWB,,EE_19,1960.16337669,379661.151667,6969951504.02,23.0503|57.9508
22.9333,57.7,1978-05-27T07:15:00Z,4,16,SEA-011,Opensea,Gulf of Riga,Opensea Gulf of Riga,Gulf of Riga,Opensea Gulf of Riga,8674.48923994,954770.496399,30193177349.7,22.9333|57.7
23.2507,57.5962,1978-06-07T13:45:00Z,7.5,11,SEA-011,Opensea,Gulf of Riga,Opensea Gulf of Riga,Gulf of Riga,Opensea Gulf of Riga,8674.48923994,954770.496399,30193177349.7,23.2507|57.5962
23.4024,57.6021,1978-06-07T15:02:00Z,6,12,SEA-011,Opensea,Gulf of Riga,Opensea Gulf of Riga,Gulf of Riga,Opensea Gulf of Riga,8674.48923994,954770.496399,30193177349.7,23.4024|57.6021
23.8667,57.6,1978-06-07T19:05:00Z,6,11,SEA-011,Opensea,Gulf of Riga,Opensea Gulf of Riga,Gulf of Riga,Opensea Gulf of Riga,8674.48923994,954770.496399,30193177349.7,23.8667|57.6
23.4686,57.8333,1978-06-09T14:18:00Z,5,12,SEA-011,Opensea,Gulf of Riga,Opensea Gulf of Riga,Gulf of Riga,Opensea Gulf of Riga,8674.48923994,954770.496399,30193177349.7,23.4686|57.8333
23.1667,57.55,1978-06-16T08:23:00Z,5.5,10,SEA-011,Opensea,Gulf of Riga,Opensea Gulf of Riga,Gulf of Riga,Opensea Gulf of Riga,8674.48923994,954770.496399,30193177349.7,23.1667|57.55
22.8781,57.5354,1978-07-04T20:05:00Z,3.5,15,SEA-011,Opensea,Gulf of Riga,Opensea Gulf of Riga,Gulf of Riga,Opensea Gulf of Riga,8674.48923994,954770.496399,30193177349.7,22.8781|57.5354
23.4024,57.6021,1978-07-05T09:40:00Z,3.5,13,SEA-011,Opensea,Gulf of Riga,Opensea Gulf of Riga,Gulf of Riga,Opensea Gulf of Riga,8674.48923994,954770.496399,30193177349.7,23.4024|57.6021
23.2507,57.5962,1978-07-05T10:35:00Z,3.5,13,SEA-011,Opensea,Gulf of Riga,Opensea Gulf of Riga,Gulf of Riga,Opensea Gulf of Riga,8674.48923994,954770.496399,30193177349.7,23.2507|57.5962
23.0503,57.9508,1978-07-06T08:10:00Z,4,13,EST-019,Estonia,Gulf of Riga,Central part of the Gulf of Riga CWB,,EE_19,1960.16337669,379661.151667,6969951504.02,23.0503|57.9508
22.54167,57.95,1978-07-06T10:20:00Z,4,14,SEA-011,Opensea,Gulf of Riga,Opensea Gulf of Riga,Gulf of Riga,Opensea Gulf of Riga,8674.48923994,954770.496399,30193177349.7,22.54167|57.95
22.8781,57.5354,1978-09-19T14:45:00Z,5,12,SEA-011,Opensea,Gulf of Riga,Opensea Gulf of Riga,Gulf of Riga,Opensea Gulf of Riga,8674.48923994,954770.496399,30193177349.7,22.8781|57.5354
23.2507,57.5962,1978-09-21T16:35:00Z,4.5,13,SEA-011,Opensea,Gulf of Riga,Opensea Gulf of Riga,Gulf of Riga,Opensea Gulf of Riga,8674.48923994,954770.496399,30193177349.7,23.2507|57.5962
23.9855,57.10216,2021-06-22T09:47:00Z,1.2,17,LAT-005,Latvia,Gulf of Riga,Gulf of Riga transitional waters,,Gulf of Riga transitional waters,855.811191767,243360.758113,2896144600.07,23.9855|57.10216
24.00772,57.08305,2021-05-13T13:14:00Z,1.5,17,LAT-005,Latvia,Gulf of Riga,Gulf of Riga transitional waters,,Gulf of Riga transitional waters,855.811191767,243360.758113,2896144600.07,24.00772|57.08305
23.98285,57.10385,2021-05-13T12:21:00Z,1.5,17,LAT-005,Latvia,Gulf of Riga,Gulf of Riga transitional waters,,Gulf of Riga transitional waters,855.811191767,243360.758113,2896144600.07,23.98285|57.10385
23.95733,57.12533,2021-05-13T12:55:00Z,1.6,17,LAT-005,Latvia,Gulf of Riga,Gulf of Riga transitional waters,,Gulf of Riga transitional waters,855.811191767,243360.758113,2896144600.07,23.95733|57.12533
23.93397,57.16713,2021-05-13T13:42:00Z,2.3,15,LAT-005,Latvia,Gulf of Riga,Gulf of Riga transitional waters,,Gulf of Riga transitional waters,855.811191767,243360.758113,2896144600.07,23.93397|57.16713
23.84947,57.30087,2021-05-13T15:00:00Z,2.5,13,SEA-011,Opensea,Gulf of Riga,Opensea Gulf of Riga,Gulf of Riga,Opensea Gulf of Riga,8674.48923994,954770.496399,30193177349.7,23.84947|57.30087
23.76547,57.4164,2021-05-13T16:40:00Z,2.2,13,SEA-011,Opensea,Gulf of Riga,Opensea Gulf of Riga,Gulf of Riga,Opensea Gulf of Riga,8674.48923994,954770.496399,30193177349.7,23.76547|57.4164
22.4102,57.84308,2021-05-15T20:00:00Z,4.4,9,SEA-011,Opensea,Gulf of Riga,Opensea Gulf of Riga,Gulf of Riga,Opensea Gulf of Riga,8674.48923994,954770.496399,30193177349.7,22.4102|57.84308
22.61817,57.73315,2021-05-16T08:00:00Z,4.3,9,LAT-003,Latvia,Gulf of Riga,"Gulf of Riga sandy coast, waterbodies C&E",,"Gulf of Riga sandy coast, waterbodies C&E",387.080162999,296440.220511,1327844259.75,22.61817|57.73315
22.81632,57.53323,2021-05-16T11:00:00Z,5.5,11,LAT-003,Latvia,Gulf of Riga,"Gulf of Riga sandy coast, waterbodies C&E",,"Gulf of Riga sandy coast, waterbodies C&E",387.080162999,296440.220511,1327844259.75,22.81632|57.53323
22.9832,57.56643,2021-05-16T11:10:00Z,3.5,13,SEA-011,Opensea,Gulf of Riga,Opensea Gulf of Riga,Gulf of Riga,Opensea Gulf of Riga,8674.48923994,954770.496399,30193177349.7,22.9832|57.56643
23.06943,57.39658,2021-05-16T13:08:00Z,4,11,LAT-004,Latvia,Gulf of Riga,"Gulf of Riga stony coast, waterbodies D&F",,"Gulf of Riga stony coast, waterbodies D&F",308.69830546,436367.284109,1064792248.48,23.06943|57.39658
23.23783,57.3582,2021-05-16T13:20:00Z,3.5,13,SEA-011,Opensea,Gulf of Riga,Opensea Gulf of Riga,Gulf of Riga,Opensea Gulf of Riga,8674.48923994,954770.496399,30193177349.7,23.23783|57.3582
23.48312,57.39947,2021-05-16T15:55:00Z,2.5,15,SEA-011,Opensea,Gulf of Riga,Opensea Gulf of Riga,Gulf of Riga,Opensea Gulf of Riga,8674.48923994,954770.496399,30193177349.7,23.48312|57.39947
23.25198,57.16673,2021-05-16T18:30:00Z,4,9,LAT-003,Latvia,Gulf of Riga,"Gulf of Riga sandy coast, waterbodies C&E",,"Gulf of Riga sandy coast, waterbodies C&E",387.080162999,296440.220511,1327844259.75,23.25198|57.16673
23.48393,57.04665,2021-05-16T20:15:00Z,2.5,17,LAT-003,Latvia,Gulf of Riga,"Gulf of Riga sandy coast, waterbodies C&E",,"Gulf of Riga sandy coast, waterbodies C&E",387.080162999,296440.220511,1327844259.75,23.48393|57.04665
23.66553,57.16658,2021-05-16T21:45:00Z,1.8,19,SEA-011,Opensea,Gulf of Riga,Opensea Gulf of Riga,Gulf of Riga,Opensea Gulf of Riga,8674.48923994,954770.496399,30193177349.7,23.66553|57.16658
23.61595,57.61702,2021-05-17T07:00:00Z,1.8,17,SEA-011,Opensea,Gulf of Riga,Opensea Gulf of Riga,Gulf of Riga,Opensea Gulf of Riga,8674.48923994,954770.496399,30193177349.7,23.61595|57.61702
23.91627,57.84995,2021-05-17T09:50:00Z,2.8,13,SEA-011,Opensea,Gulf of Riga,Opensea Gulf of Riga,Gulf of Riga,Opensea Gulf of Riga,8674.48923994,954770.496399,30193177349.7,23.91627|57.84995
24.24357,57.88008,2021-05-17T12:00:00Z,2,17,SEA-011,Opensea,Gulf of Riga,Opensea Gulf of Riga,Gulf of Riga,Opensea Gulf of Riga,8674.48923994,954770.496399,30193177349.7,24.24357|57.88008
24.3159,57.74647,2021-05-17T13:48:00Z,1.8,19,LAT-004,Latvia,Gulf of Riga,"Gulf of Riga stony coast, waterbodies D&F",,"Gulf of Riga stony coast, waterbodies D&F",308.69830546,436367.284109,1064792248.48,24.3159|57.74647
24.11823,57.59982,2021-05-17T15:25:00Z,1.8,15,SEA-011,Opensea,Gulf of Riga,Opensea Gulf of Riga,Gulf of Riga,Opensea Gulf of Riga,8674.48923994,954770.496399,30193177349.7,24.11823|57.59982
24.30167,57.59167,2021-05-17T17:32:00Z,1.8,15,SEA-011,Opensea,Gulf of Riga,Opensea Gulf of Riga,Gulf of Riga,Opensea Gulf of Riga,8674.48923994,954770.496399,30193177349.7,24.30167|57.59167
24.33617,57.5929,2021-05-17T18:52:00Z,2,15,LAT-004,Latvia,Gulf of Riga,"Gulf of Riga stony coast, waterbodies D&F",,"Gulf of Riga stony coast, waterbodies D&F",308.69830546,436367.284109,1064792248.48,24.33617|57.5929
24.35362,57.4474,2021-05-17T20:04:00Z,1.7,15,LAT-004,Latvia,Gulf of Riga,"Gulf of Riga stony coast, waterbodies D&F",,"Gulf of Riga stony coast, waterbodies D&F",308.69830546,436367.284109,1064792248.48,24.35362|57.4474
24.28732,57.31287,2021-05-17T21:18:00Z,1.9,13,SEA-011,Opensea,Gulf of Riga,Opensea Gulf of Riga,Gulf of Riga,Opensea Gulf of Riga,8674.48923994,954770.496399,30193177349.7,24.28732|57.31287
24.37357,57.31503,2021-05-17T22:30:00Z,1.7,15,LAT-004,Latvia,Gulf of Riga,"Gulf of Riga stony coast, waterbodies D&F",,"Gulf of Riga stony coast, waterbodies D&F",308.69830546,436367.284109,1064792248.48,24.37357|57.31503
24.08322,57.34935,2021-05-18T07:00:00Z,1.9,15,SEA-011,Opensea,Gulf of Riga,Opensea Gulf of Riga,Gulf of Riga,Opensea Gulf of Riga,8674.48923994,954770.496399,30193177349.7,24.08322|57.34935
24.21667,57.18287,2021-05-18T08:50:00Z,1.9,15,LAT-005,Latvia,Gulf of Riga,Gulf of Riga transitional waters,,Gulf of Riga transitional waters,855.811191767,243360.758113,2896144600.07,24.21667|57.18287
24.2521,57.16788,2021-05-18T09:45:00Z,1.6,17,LAT-005,Latvia,Gulf of Riga,Gulf of Riga transitional waters,,Gulf of Riga transitional waters,855.811191767,243360.758113,2896144600.07,24.2521|57.16788
23.88882,57.0546,2021-05-18T11:22:00Z,1.8,15,LAT-005,Latvia,Gulf of Riga,Gulf of Riga transitional waters,,Gulf of Riga transitional waters,855.811191767,243360.758113,2896144600.07,23.88882|57.0546
23.91988,57.02476,2021-05-18T12:23:00Z,2.5,15,LAT-005,Latvia,Gulf of Riga,Gulf of Riga transitional waters,,Gulf of Riga transitional waters,855.811191767,243360.758113,2896144600.07,23.91988|57.02476
23.76649,57.41629,2021-08-02T14:29:00Z,3.5,13,SEA-011,Opensea,Gulf of Riga,Opensea Gulf of Riga,Gulf of Riga,Opensea Gulf of Riga,8674.48923994,954770.496399,30193177349.7,23.76649|57.41629
23.48314,57.39979,2021-08-02T15:53:00Z,3.3,13,SEA-011,Opensea,Gulf of Riga,Opensea Gulf of Riga,Gulf of Riga,Opensea Gulf of Riga,8674.48923994,954770.496399,30193177349.7,23.48314|57.39979
23.84704,57.30108,2021-08-02T17:44:00Z,3.4,13,SEA-011,Opensea,Gulf of Riga,Opensea Gulf of Riga,Gulf of Riga,Opensea Gulf of Riga,8674.48923994,954770.496399,30193177349.7,23.84704|57.30108
23.6702,57.16903,2021-08-02T19:22:00Z,3.3,13,SEA-011,Opensea,Gulf of Riga,Opensea Gulf of Riga,Gulf of Riga,Opensea Gulf of Riga,8674.48923994,954770.496399,30193177349.7,23.6702|57.16903
23.93156,57.16788,2021-08-02T20:41:00Z,3,15,LAT-005,Latvia,Gulf of Riga,Gulf of Riga transitional waters,,Gulf of Riga transitional waters,855.811191767,243360.758113,2896144600.07,23.93156|57.16788
24.24973,57.16835,2021-08-03T07:10:00Z,2.5,17,LAT-005,Latvia,Gulf of Riga,Gulf of Riga transitional waters,,Gulf of Riga transitional waters,855.811191767,243360.758113,2896144600.07,24.24973|57.16835
24.21873,57.18313,2021-08-03T07:33:00Z,3,13,LAT-005,Latvia,Gulf of Riga,Gulf of Riga transitional waters,,Gulf of Riga transitional waters,855.811191767,243360.758113,2896144600.07,24.21873|57.18313
23.88819,57.05478,2021-08-03T09:45:00Z,3,13,LAT-005,Latvia,Gulf of Riga,Gulf of Riga transitional waters,,Gulf of Riga transitional waters,855.811191767,243360.758113,2896144600.07,23.88819|57.05478
23.91876,57.02535,2021-08-03T10:19:00Z,2,17,LAT-005,Latvia,Gulf of Riga,Gulf of Riga transitional waters,,Gulf of Riga transitional waters,855.811191767,243360.758113,2896144600.07,23.91876|57.02535
23.74145,56.98064,2021-08-03T11:17:00Z,2.5,13,LAT-005,Latvia,Gulf of Riga,Gulf of Riga transitional waters,,Gulf of Riga transitional waters,855.811191767,243360.758113,2896144600.07,23.74145|56.98064
23.48526,57.04723,2021-08-03T12:28:00Z,3.5,13,LAT-003,Latvia,Gulf of Riga,"Gulf of Riga sandy coast, waterbodies C&E",,"Gulf of Riga sandy coast, waterbodies C&E",387.080162999,296440.220511,1327844259.75,23.48526|57.04723
23.25432,57.16669,2021-08-03T13:48:00Z,2.7,13,LAT-003,Latvia,Gulf of Riga,"Gulf of Riga sandy coast, waterbodies C&E",,"Gulf of Riga sandy coast, waterbodies C&E",387.080162999,296440.220511,1327844259.75,23.25432|57.16669
23.23713,57.35721,2021-08-03T15:17:00Z,3,13,SEA-011,Opensea,Gulf of Riga,Opensea Gulf of Riga,Gulf of Riga,Opensea Gulf of Riga,8674.48923994,954770.496399,30193177349.7,23.23713|57.35721
23.06995,57.39614,2021-08-03T16:28:00Z,3,13,LAT-004,Latvia,Gulf of Riga,"Gulf of Riga stony coast, waterbodies D&F",,"Gulf of Riga stony coast, waterbodies D&F",308.69830546,436367.284109,1064792248.48,23.06995|57.39614
22.98429,57.5667,2021-08-03T17:51:00Z,3.5,13,SEA-011,Opensea,Gulf of Riga,Opensea Gulf of Riga,Gulf of Riga,Opensea Gulf of Riga,8674.48923994,954770.496399,30193177349.7,22.98429|57.5667
22.81961,57.5329,2021-08-03T18:44:00Z,2.7,13,LAT-003,Latvia,Gulf of Riga,"Gulf of Riga sandy coast, waterbodies C&E",,"Gulf of Riga sandy coast, waterbodies C&E",387.080162999,296440.220511,1327844259.75,22.81961|57.5329
22.61775,57.73366,2021-08-03T20:24:00Z,3.1,13,LAT-003,Latvia,Gulf of Riga,"Gulf of Riga sandy coast, waterbodies C&E",,"Gulf of Riga sandy coast, waterbodies C&E",387.080162999,296440.220511,1327844259.75,22.61775|57.73366
24.24136,57.88052,2021-08-06T06:16:00Z,2,13,SEA-011,Opensea,Gulf of Riga,Opensea Gulf of Riga,Gulf of Riga,Opensea Gulf of Riga,8674.48923994,954770.496399,30193177349.7,24.24136|57.88052
24.31453,57.74734,2021-08-06T07:23:00Z,1.9,15,LAT-004,Latvia,Gulf of Riga,"Gulf of Riga stony coast, waterbodies D&F",,"Gulf of Riga stony coast, waterbodies D&F",308.69830546,436367.284109,1064792248.48,24.31453|57.74734
24.11657,57.60188,2021-08-06T08:40:00Z,3.2,13,SEA-011,Opensea,Gulf of Riga,Opensea Gulf of Riga,Gulf of Riga,Opensea Gulf of Riga,8674.48923994,954770.496399,30193177349.7,24.11657|57.60188
24.29427,57.59443,2021-08-06T09:55:00Z,2.6,17,SEA-011,Opensea,Gulf of Riga,Opensea Gulf of Riga,Gulf of Riga,Opensea Gulf of Riga,8674.48923994,954770.496399,30193177349.7,24.29427|57.59443
24.33497,57.59342,2021-08-06T10:24:00Z,2,17,LAT-004,Latvia,Gulf of Riga,"Gulf of Riga stony coast, waterbodies D&F",,"Gulf of Riga stony coast, waterbodies D&F",308.69830546,436367.284109,1064792248.48,24.33497|57.59342
24.35387,57.44897,2021-08-06T11:29:00Z,2.2,13,LAT-004,Latvia,Gulf of Riga,"Gulf of Riga stony coast, waterbodies D&F",,"Gulf of Riga stony coast, waterbodies D&F",308.69830546,436367.284109,1064792248.48,24.35387|57.44897
24.37361,57.31508,2021-11-11T12:14:00Z,1.9,19,LAT-004,Latvia,Gulf of Riga,"Gulf of Riga stony coast, waterbodies D&F",,"Gulf of Riga stony coast, waterbodies D&F",308.69830546,436367.284109,1064792248.48,24.37361|57.31508
24.29034,57.31275,2021-11-11T13:21:00Z,2.5,13,SEA-011,Opensea,Gulf of Riga,Opensea Gulf of Riga,Gulf of Riga,Opensea Gulf of Riga,8674.48923994,954770.496399,30193177349.7,24.29034|57.31275
24.08476,57.34967,2021-11-11T14:22:00Z,2.8,13,SEA-011,Opensea,Gulf of Riga,Opensea Gulf of Riga,Gulf of Riga,Opensea Gulf of Riga,8674.48923994,954770.496399,30193177349.7,24.08476|57.34967
23.76769,57.41659,2021-11-11T16:03:00Z,3,13,SEA-011,Opensea,Gulf of Riga,Opensea Gulf of Riga,Gulf of Riga,Opensea Gulf of Riga,8674.48923994,954770.496399,30193177349.7,23.76769|57.41659
24.08366,57.34982,2021-08-02T13:02:00Z,3.2,13,SEA-011,Opensea,Gulf of Riga,Opensea Gulf of Riga,Gulf of Riga,Opensea Gulf of Riga,8674.48923994,954770.496399,30193177349.7,24.08366|57.34982
24.28587,57.31359,2021-08-02T11:56:00Z,2.1,19,SEA-011,Opensea,Gulf of Riga,Opensea Gulf of Riga,Gulf of Riga,Opensea Gulf of Riga,8674.48923994,954770.496399,30193177349.7,24.28587|57.31359
24.37464,57.31632,2021-08-02T11:17:00Z,1.8,19,LAT-004,Latvia,Gulf of Riga,"Gulf of Riga stony coast, waterbodies D&F",,"Gulf of Riga stony coast, waterbodies D&F",308.69830546,436367.284109,1064792248.48,24.37464|57.31632
23.88748,57.05402,2021-11-12T08:06:00Z,2.5,13,LAT-005,Latvia,Gulf of Riga,Gulf of Riga transitional waters,,Gulf of Riga transitional waters,855.811191767,243360.758113,2896144600.07,23.88748|57.05402
23.91846,57.02525,2021-11-12T09:00:00Z,2.5,13,LAT-005,Latvia,Gulf of Riga,Gulf of Riga transitional waters,,Gulf of Riga transitional waters,855.811191767,243360.758113,2896144600.07,23.91846|57.02525
23.74161,56.98001,2021-11-12T10:10:00Z,2.3,13,LAT-005,Latvia,Gulf of Riga,Gulf of Riga transitional waters,,Gulf of Riga transitional waters,855.811191767,243360.758113,2896144600.07,23.74161|56.98001
23.4871,57.04604,2021-11-12T11:30:00Z,2.5,13,LAT-003,Latvia,Gulf of Riga,"Gulf of Riga sandy coast, waterbodies C&E",,"Gulf of Riga sandy coast, waterbodies C&E",387.080162999,296440.220511,1327844259.75,23.4871|57.04604
23.25437,57.16674,2021-11-12T13:00:00Z,2.3,13,LAT-003,Latvia,Gulf of Riga,"Gulf of Riga sandy coast, waterbodies C&E",,"Gulf of Riga sandy coast, waterbodies C&E",387.080162999,296440.220511,1327844259.75,23.25437|57.16674
23.91657,57.84949,2021-11-15T08:29:00Z,2.3,13,SEA-011,Opensea,Gulf of Riga,Opensea Gulf of Riga,Gulf of Riga,Opensea Gulf of Riga,8674.48923994,954770.496399,30193177349.7,23.91657|57.84949
24.24363,57.88036,2021-11-15T10:29:00Z,2.3,17,SEA-011,Opensea,Gulf of Riga,Opensea Gulf of Riga,Gulf of Riga,Opensea Gulf of Riga,8674.48923994,954770.496399,30193177349.7,24.24363|57.88036
24.31368,57.74764,2021-11-15T11:44:00Z,2.3,17,LAT-004,Latvia,Gulf of Riga,"Gulf of Riga stony coast, waterbodies D&F",,"Gulf of Riga stony coast, waterbodies D&F",308.69830546,436367.284109,1064792248.48,24.31368|57.74764
24.11821,57.60144,2021-11-15T13:06:00Z,3.1,13,SEA-011,Opensea,Gulf of Riga,Opensea Gulf of Riga,Gulf of Riga,Opensea Gulf of Riga,8674.48923994,954770.496399,30193177349.7,24.11821|57.60144
24.33503,57.59377,2021-11-15T14:13:00Z,2.9,13,LAT-004,Latvia,Gulf of Riga,"Gulf of Riga stony coast, waterbodies D&F",,"Gulf of Riga stony coast, waterbodies D&F",308.69830546,436367.284109,1064792248.48,24.33503|57.59377
24.30011,57.59117,2021-11-15T14:31:00Z,3.1,13,SEA-011,Opensea,Gulf of Riga,Opensea Gulf of Riga,Gulf of Riga,Opensea Gulf of Riga,8674.48923994,954770.496399,30193177349.7,24.30011|57.59117
24.35414,57.44924,2021-11-15T16:09:00Z,2.5,17,LAT-004,Latvia,Gulf of Riga,"Gulf of Riga stony coast, waterbodies D&F",,"Gulf of Riga stony coast, waterbodies D&F",308.69830546,436367.284109,1064792248.48,24.35414|57.44924
23.98328,57.1,2021-04-28T14:10:00Z,1.5,15,LAT-005,Latvia,Gulf of Riga,Gulf of Riga transitional waters,,Gulf of Riga transitional waters,855.811191767,243360.758113,2896144600.07,23.98328|57.1
23.98328,57.1,2021-04-29T12:30:00Z,1.2,21,LAT-005,Latvia,Gulf of Riga,Gulf of Riga transitional waters,,Gulf of Riga transitional waters,855.811191767,243360.758113,2896144600.07,23.98328|57.1
23.98333,57.104,2021-05-12T09:42:00Z,1,21,LAT-005,Latvia,Gulf of Riga,Gulf of Riga transitional waters,,Gulf of Riga transitional waters,855.811191767,243360.758113,2896144600.07,23.98333|57.104
23.985,57.10233,2021-06-10T09:50:00Z,1,21,LAT-005,Latvia,Gulf of Riga,Gulf of Riga transitional waters,,Gulf of Riga transitional waters,855.811191767,243360.758113,2896144600.07,23.985|57.10233
23.98416,57.10233,2021-06-11T10:07:00Z,1.5,19,LAT-005,Latvia,Gulf of Riga,Gulf of Riga transitional waters,,Gulf of Riga transitional waters,855.811191767,243360.758113,2896144600.07,23.98416|57.10233
23.98333,57.10183,2021-06-21T09:55:00Z,2,21,LAT-005,Latvia,Gulf of Riga,Gulf of Riga transitional waters,,Gulf of Riga transitional waters,855.811191767,243360.758113,2896144600.07,23.98333|57.10183
23.983,57.10183,2021-07-15T09:50:00Z,1.5,15,LAT-005,Latvia,Gulf of Riga,Gulf of Riga transitional waters,,Gulf of Riga transitional waters,855.811191767,243360.758113,2896144600.07,23.983|57.10183
23.987444,57.100221,2021-09-09T10:42:00Z,3.1,19,LAT-005,Latvia,Gulf of Riga,Gulf of Riga transitional waters,,Gulf of Riga transitional waters,855.811191767,243360.758113,2896144600.07,23.987444|57.100221
23.98466,57.085,2021-09-10T10:17:00Z,2.1,19,LAT-005,Latvia,Gulf of Riga,Gulf of Riga transitional waters,,Gulf of Riga transitional waters,855.811191767,243360.758113,2896144600.07,23.98466|57.085
23.98416,57.10316,2021-07-16T09:21:00Z,1.8,15,LAT-005,Latvia,Gulf of Riga,Gulf of Riga transitional waters,,Gulf of Riga transitional waters,855.811191767,243360.758113,2896144600.07,23.98416|57.10316
24.31487,57.28483,2021-04-29T08:00:00Z,1.5,17,SEA-011,Opensea,Gulf of Riga,Opensea Gulf of Riga,Gulf of Riga,Opensea Gulf of Riga,8674.48923994,954770.496399,30193177349.7,24.31487|57.28483
24.31435,57.27835,2021-06-05T07:10:00Z,2,12,SEA-011,Opensea,Gulf of Riga,Opensea Gulf of Riga,Gulf of Riga,Opensea Gulf of Riga,8674.48923994,954770.496399,30193177349.7,24.31435|57.27835
22.3418,57.7957,2013-05-03T11:00:00Z,2.8,17,SEA-011,Opensea,Gulf of Riga,Opensea Gulf of Riga,Gulf of Riga,Opensea Gulf of Riga,8674.48923994,954770.496399,30193177349.7,22.3418|57.7957
23.85,57.3,2013-05-06T18:10:00Z,4.8,11,SEA-011,Opensea,Gulf of Riga,Opensea Gulf of Riga,Gulf of Riga,Opensea Gulf of Riga,8674.48923994,954770.496399,30193177349.7,23.85|57.3
23.9833,57.1,2013-05-07T07:10:00Z,1.3,21,LAT-005,Latvia,Gulf of Riga,Gulf of Riga transitional waters,,Gulf of Riga transitional waters,855.811191767,243360.758113,2896144600.07,23.9833|57.1
24.0017,57.0833,2013-05-07T08:00:00Z,1.2,21,LAT-005,Latvia,Gulf of Riga,Gulf of Riga transitional waters,,Gulf of Riga transitional waters,855.811191767,243360.758113,2896144600.07,24.0017|57.0833
23.6167,57.6167,2013-05-07T16:22:00Z,3.2,11,SEA-011,Opensea,Gulf of Riga,Opensea Gulf of Riga,Gulf of Riga,Opensea Gulf of Riga,8674.48923994,954770.496399,30193177349.7,23.6167|57.6167
22.41,57.8433,2013-05-23T19:10:00Z,4,9,SEA-011,Opensea,Gulf of Riga,Opensea Gulf of Riga,Gulf of Riga,Opensea Gulf of Riga,8674.48923994,954770.496399,30193177349.7,22.41|57.8433
22.9833,57.5667,2013-05-24T08:05:00Z,3,21,SEA-011,Opensea,Gulf of Riga,Opensea Gulf of Riga,Gulf of Riga,Opensea Gulf of Riga,8674.48923994,954770.496399,30193177349.7,22.9833|57.5667
23.6167,57.6167,2013-05-24T12:00:00Z,3,21,SEA-011,Opensea,Gulf of Riga,Opensea Gulf of Riga,Gulf of Riga,Opensea Gulf of Riga,8674.48923994,954770.496399,30193177349.7,23.6167|57.6167
24.1167,57.6,2013-05-24T15:00:00Z,3,11,SEA-011,Opensea,Gulf of Riga,Opensea Gulf of Riga,Gulf of Riga,Opensea Gulf of Riga,8674.48923994,954770.496399,30193177349.7,24.1167|57.6
24.2976,57.5922,2013-05-24T17:25:00Z,1.5,21,SEA-011,Opensea,Gulf of Riga,Opensea Gulf of Riga,Gulf of Riga,Opensea Gulf of Riga,8674.48923994,954770.496399,30193177349.7,24.2976|57.5922
24.3367,57.5933,2013-05-24T18:50:00Z,1.5,21,LAT-004,Latvia,Gulf of Riga,"Gulf of Riga stony coast, waterbodies D&F",,"Gulf of Riga stony coast, waterbodies D&F",308.69830546,436367.284109,1064792248.48,24.3367|57.5933
24.3533,57.4483,2013-05-24T20:05:00Z,1.5,21,LAT-004,Latvia,Gulf of Riga,"Gulf of Riga stony coast, waterbodies D&F",,"Gulf of Riga stony coast, waterbodies D&F",308.69830546,436367.284109,1064792248.48,24.3533|57.4483
24.2717,57.4415,2013-05-24T20:45:00Z,1.5,21,SEA-011,Opensea,Gulf of Riga,Opensea Gulf of Riga,Gulf of Riga,Opensea Gulf of Riga,8674.48923994,954770.496399,30193177349.7,24.2717|57.4415
24.3733,57.315,2013-05-25T07:05:00Z,2.5,21,LAT-004,Latvia,Gulf of Riga,"Gulf of Riga stony coast, waterbodies D&F",,"Gulf of Riga stony coast, waterbodies D&F",308.69830546,436367.284109,1064792248.48,24.3733|57.315
24.2867,57.3133,2013-05-25T08:15:00Z,2.5,21,SEA-011,Opensea,Gulf of Riga,Opensea Gulf of Riga,Gulf of Riga,Opensea Gulf of Riga,8674.48923994,954770.496399,30193177349.7,24.2867|57.3133
24.25,57.1683,2013-05-25T10:10:00Z,1,21,LAT-005,Latvia,Gulf of Riga,Gulf of Riga transitional waters,,Gulf of Riga transitional waters,855.811191767,243360.758113,2896144600.07,24.25|57.1683
24.2167,57.1833,2013-05-25T11:40:00Z,2.5,21,LAT-005,Latvia,Gulf of Riga,Gulf of Riga transitional waters,,Gulf of Riga transitional waters,855.811191767,243360.758113,2896144600.07,24.2167|57.1833
24.0017,57.0833,2013-05-25T12:35:00Z,1.5,21,LAT-005,Latvia,Gulf of Riga,Gulf of Riga transitional waters,,Gulf of Riga transitional waters,855.811191767,243360.758113,2896144600.07,24.0017|57.0833
23.9833,57.1,2013-05-25T14:50:00Z,3,21,LAT-005,Latvia,Gulf of Riga,Gulf of Riga transitional waters,,Gulf of Riga transitional waters,855.811191767,243360.758113,2896144600.07,23.9833|57.1
23.9565,57.1243,2013-05-25T16:45:00Z,2.5,21,LAT-005,Latvia,Gulf of Riga,Gulf of Riga transitional waters,,Gulf of Riga transitional waters,855.811191767,243360.758113,2896144600.07,23.9565|57.1243
23.9333,57.1667,2013-05-25T17:55:00Z,2.5,21,LAT-005,Latvia,Gulf of Riga,Gulf of Riga transitional waters,,Gulf of Riga transitional waters,855.811191767,243360.758113,2896144600.07,23.9333|57.1667
23.92,57.025,2013-05-25T19:35:00Z,1.5,21,LAT-005,Latvia,Gulf of Riga,Gulf of Riga transitional waters,,Gulf of Riga transitional waters,855.811191767,243360.758113,2896144600.07,23.92|57.025
23.8883,57.055,2013-05-25T20:50:00Z,1.5,21,LAT-005,Latvia,Gulf of Riga,Gulf of Riga transitional waters,,Gulf of Riga transitional waters,855.811191767,243360.758113,2896144600.07,23.8883|57.055
23.85,57.3,2013-05-26T08:05:00Z,4.5,21,SEA-011,Opensea,Gulf of Riga,Opensea Gulf of Riga,Gulf of Riga,Opensea Gulf of Riga,8674.48923994,954770.496399,30193177349.7,23.85|57.3
23.7667,57.4167,2013-05-26T11:40:00Z,2.8,11,SEA-011,Opensea,Gulf of Riga,Opensea Gulf of Riga,Gulf of Riga,Opensea Gulf of Riga,8674.48923994,954770.496399,30193177349.7,23.7667|57.4167
23.4833,57.4,2013-05-26T14:40:00Z,3,11,SEA-011,Opensea,Gulf of Riga,Opensea Gulf of Riga,Gulf of Riga,Opensea Gulf of Riga,8674.48923994,954770.496399,30193177349.7,23.4833|57.4
22.8167,57.5333,2013-05-26T18:35:00Z,1.5,21,LAT-003,Latvia,Gulf of Riga,"Gulf of Riga sandy coast, waterbodies C&E",,"Gulf of Riga sandy coast, waterbodies C&E",387.080162999,296440.220511,1327844259.75,22.8167|57.5333
23.07,57.3967,2013-05-26T20:40:00Z,1.5,21,LAT-004,Latvia,Gulf of Riga,"Gulf of Riga stony coast, waterbodies D&F",,"Gulf of Riga stony coast, waterbodies D&F",308.69830546,436367.284109,1064792248.48,23.07|57.3967
23.254,57.1667,2013-05-27T07:10:00Z,1.5,21,LAT-003,Latvia,Gulf of Riga,"Gulf of Riga sandy coast, waterbodies C&E",,"Gulf of Riga sandy coast, waterbodies C&E",387.080162999,296440.220511,1327844259.75,23.254|57.1667
23.4867,57.0467,2013-05-27T08:50:00Z,2,21,LAT-003,Latvia,Gulf of Riga,"Gulf of Riga sandy coast, waterbodies C&E",,"Gulf of Riga sandy coast, waterbodies C&E",387.080162999,296440.220511,1327844259.75,23.4867|57.0467
23.6667,57.1667,2013-05-27T10:35:00Z,2,19,SEA-011,Opensea,Gulf of Riga,Opensea Gulf of Riga,Gulf of Riga,Opensea Gulf of Riga,8674.48923994,954770.496399,30193177349.7,23.6667|57.1667
24.2518,57.7633,2013-08-05T07:00:00Z,4.2,11,SEA-011,Opensea,Gulf of Riga,Opensea Gulf of Riga,Gulf of Riga,Opensea Gulf of Riga,8674.48923994,954770.496399,30193177349.7,24.2518|57.7633
24.2433,57.88,2013-08-05T07:25:00Z,4.3,9,SEA-011,Opensea,Gulf of Riga,Opensea Gulf of Riga,Gulf of Riga,Opensea Gulf of Riga,8674.48923994,954770.496399,30193177349.7,24.2433|57.88
24.3533,58.0708,2013-08-05T07:38:00Z,4.3,11,EST-018,Estonia,Gulf of Riga,NE part of the Gulf of Riga CWB,,EE_18,1926.65785695,1086062.9138,6931317200.6,24.3533|58.0708
24.3367,57.5933,2013-08-05T07:52:00Z,4.4,11,LAT-004,Latvia,Gulf of Riga,"Gulf of Riga stony coast, waterbodies D&F",,"Gulf of Riga stony coast, waterbodies D&F",308.69830546,436367.284109,1064792248.48,24.3367|57.5933
24.3533,57.4483,2013-08-05T08:05:00Z,4.5,9,LAT-004,Latvia,Gulf of Riga,"Gulf of Riga stony coast, waterbodies D&F",,"Gulf of Riga stony coast, waterbodies D&F",308.69830546,436367.284109,1064792248.48,24.3533|57.4483
24.3733,57.315,2013-08-05T08:18:00Z,4.6,9,LAT-004,Latvia,Gulf of Riga,"Gulf of Riga stony coast, waterbodies D&F",,"Gulf of Riga stony coast, waterbodies D&F",308.69830546,436367.284109,1064792248.48,24.3733|57.315
24.0017,57.0833,2013-08-05T08:25:00Z,4.4,9,LAT-005,Latvia,Gulf of Riga,Gulf of Riga transitional waters,,Gulf of Riga transitional waters,855.811191767,243360.758113,2896144600.07,24.0017|57.0833
24.097,57.0986,2013-08-05T08:33:00Z,4.4,9,LAT-005,Latvia,Gulf of Riga,Gulf of Riga transitional waters,,Gulf of Riga transitional waters,855.811191767,243360.758113,2896144600.07,24.097|57.0986
24.25,57.1683,2013-08-05T08:41:00Z,4.5,9,LAT-005,Latvia,Gulf of Riga,Gulf of Riga transitional waters,,Gulf of Riga transitional waters,855.811191767,243360.758113,2896144600.07,24.25|57.1683
23.9683,57.0433,2013-08-05T08:50:00Z,4.8,13,LAT-005,Latvia,Gulf of Riga,Gulf of Riga transitional waters,,Gulf of Riga transitional waters,855.811191767,243360.758113,2896144600.07,23.9683|57.0433
23.92,57.025,2013-08-05T09:02:00Z,4.6,11,LAT-005,Latvia,Gulf of Riga,Gulf of Riga transitional waters,,Gulf of Riga transitional waters,855.811191767,243360.758113,2896144600.07,23.92|57.025
23.7433,56.98,2013-08-05T09:12:00Z,4.5,11,LAT-005,Latvia,Gulf of Riga,Gulf of Riga transitional waters,,Gulf of Riga transitional waters,855.811191767,243360.758113,2896144600.07,23.7433|56.98
23.2754,57.173,2013-08-05T09:24:00Z,4.7,9,SEA-011,Opensea,Gulf of Riga,Opensea Gulf of Riga,Gulf of Riga,Opensea Gulf of Riga,8674.48923994,954770.496399,30193177349.7,23.2754|57.173
23.705,56.9767,2013-08-05T09:33:00Z,4.8,13,LAT-005,Latvia,Gulf of Riga,Gulf of Riga transitional waters,,Gulf of Riga transitional waters,855.811191767,243360.758113,2896144600.07,23.705|56.9767
23.4867,57.0467,2013-08-05T09:43:00Z,4.9,11,LAT-003,Latvia,Gulf of Riga,"Gulf of Riga sandy coast, waterbodies C&E",,"Gulf of Riga sandy coast, waterbodies C&E",387.080162999,296440.220511,1327844259.75,23.4867|57.0467
23.07,57.3967,2013-08-05T10:00:00Z,4.8,13,LAT-004,Latvia,Gulf of Riga,"Gulf of Riga stony coast, waterbodies D&F",,"Gulf of Riga stony coast, waterbodies D&F",308.69830546,436367.284109,1064792248.48,23.07|57.3967
22.6167,57.7333,2013-08-05T10:47:00Z,5.1,9,LAT-003,Latvia,Gulf of Riga,"Gulf of Riga sandy coast, waterbodies C&E",,"Gulf of Riga sandy coast, waterbodies C&E",387.080162999,296440.220511,1327844259.75,22.6167|57.7333
22.8167,57.5333,2013-08-05T12:28:00Z,7.2,9,LAT-003,Latvia,Gulf of Riga,"Gulf of Riga sandy coast, waterbodies C&E",,"Gulf of Riga sandy coast, waterbodies C&E",387.080162999,296440.220511,1327844259.75,22.8167|57.5333
23.705,56.9767,2013-08-06T19:15:00Z,4.6,13,LAT-005,Latvia,Gulf of Riga,Gulf of Riga transitional waters,,Gulf of Riga transitional waters,855.811191767,243360.758113,2896144600.07,23.705|56.9767
24.3733,57.315,2013-08-06T20:20:00Z,3.8,9,LAT-004,Latvia,Gulf of Riga,"Gulf of Riga stony coast, waterbodies D&F",,"Gulf of Riga stony coast, waterbodies D&F",308.69830546,436367.284109,1064792248.48,24.3733|57.315
22.41,57.8433,2013-08-16T19:15:00Z,3.6,11,SEA-011,Opensea,Gulf of Riga,Opensea Gulf of Riga,Gulf of Riga,Opensea Gulf of Riga,8674.48923994,954770.496399,30193177349.7,22.41|57.8433
22.8167,57.5333,2013-08-17T06:20:00Z,3.5,17,LAT-003,Latvia,Gulf of Riga,"Gulf of Riga sandy coast, waterbodies C&E",,"Gulf of Riga sandy coast, waterbodies C&E",387.080162999,296440.220511,1327844259.75,22.8167|57.5333
22.9833,57.5667,2013-08-17T07:20:00Z,3.2,19,SEA-011,Opensea,Gulf of Riga,Opensea Gulf of Riga,Gulf of Riga,Opensea Gulf of Riga,8674.48923994,954770.496399,30193177349.7,22.9833|57.5667
23.07,57.3967,2013-08-17T09:10:00Z,3.2,17,LAT-004,Latvia,Gulf of Riga,"Gulf of Riga stony coast, waterbodies D&F",,"Gulf of Riga stony coast, waterbodies D&F",308.69830546,436367.284109,1064792248.48,23.07|57.3967
23.2373,57.3589,2013-08-17T10:20:00Z,3.9,15,SEA-011,Opensea,Gulf of Riga,Opensea Gulf of Riga,Gulf of Riga,Opensea Gulf of Riga,8674.48923994,954770.496399,30193177349.7,23.2373|57.3589
23.4833,57.4,2013-08-17T12:15:00Z,3.4,15,SEA-011,Opensea,Gulf of Riga,Opensea Gulf of Riga,Gulf of Riga,Opensea Gulf of Riga,8674.48923994,954770.496399,30193177349.7,23.4833|57.4
23.254,57.1667,2013-08-17T14:55:00Z,2.7,19,LAT-003,Latvia,Gulf of Riga,"Gulf of Riga sandy coast, waterbodies C&E",,"Gulf of Riga sandy coast, waterbodies C&E",387.080162999,296440.220511,1327844259.75,23.254|57.1667
23.6667,57.1667,2013-08-17T16:45:00Z,3.1,15,SEA-011,Opensea,Gulf of Riga,Opensea Gulf of Riga,Gulf of Riga,Opensea Gulf of Riga,8674.48923994,954770.496399,30193177349.7,23.6667|57.1667
23.9333,57.1667,2013-08-17T18:15:00Z,3.2,17,LAT-005,Latvia,Gulf of Riga,Gulf of Riga transitional waters,,Gulf of Riga transitional waters,855.811191767,243360.758113,2896144600.07,23.9333|57.1667
23.9833,57.1,2013-08-17T19:10:00Z,2.7,19,LAT-005,Latvia,Gulf of Riga,Gulf of Riga transitional waters,,Gulf of Riga transitional waters,855.811191767,243360.758113,2896144600.07,23.9833|57.1
24.0017,57.0833,2013-08-17T20:40:00Z,1.8,21,LAT-005,Latvia,Gulf of Riga,Gulf of Riga transitional waters,,Gulf of Riga transitional waters,855.811191767,243360.758113,2896144600.07,24.0017|57.0833
23.92,57.025,2013-08-17T21:40:00Z,2.3,17,LAT-005,Latvia,Gulf of Riga,Gulf of Riga transitional waters,,Gulf of Riga transitional waters,855.811191767,243360.758113,2896144600.07,23.92|57.025
24.25,57.1683,2013-08-18T06:10:00Z,2.1,15,LAT-005,Latvia,Gulf of Riga,Gulf of Riga transitional waters,,Gulf of Riga transitional waters,855.811191767,243360.758113,2896144600.07,24.25|57.1683
24.2167,57.1833,2013-08-18T06:50:00Z,3,15,LAT-005,Latvia,Gulf of Riga,Gulf of Riga transitional waters,,Gulf of Riga transitional waters,855.811191767,243360.758113,2896144600.07,24.2167|57.1833
23.85,57.3,2013-08-18T09:45:00Z,3.8,11,SEA-011,Opensea,Gulf of Riga,Opensea Gulf of Riga,Gulf of Riga,Opensea Gulf of Riga,8674.48923994,954770.496399,30193177349.7,23.85|57.3
24.0833,57.35,2013-08-18T13:25:00Z,4.6,13,SEA-011,Opensea,Gulf of Riga,Opensea Gulf of Riga,Gulf of Riga,Opensea Gulf of Riga,8674.48923994,954770.496399,30193177349.7,24.0833|57.35
24.3733,57.315,2013-08-18T15:05:00Z,2.5,17,LAT-004,Latvia,Gulf of Riga,"Gulf of Riga stony coast, waterbodies D&F",,"Gulf of Riga stony coast, waterbodies D&F",308.69830546,436367.284109,1064792248.48,24.3733|57.315
24.2867,57.3133,2013-08-18T15:50:00Z,2.9,19,SEA-011,Opensea,Gulf of Riga,Opensea Gulf of Riga,Gulf of Riga,Opensea Gulf of Riga,8674.48923994,954770.496399,30193177349.7,24.2867|57.3133
24.3533,57.4483,2013-08-18T17:40:00Z,2.1,19,LAT-004,Latvia,Gulf of Riga,"Gulf of Riga stony coast, waterbodies D&F",,"Gulf of Riga stony coast, waterbodies D&F",308.69830546,436367.284109,1064792248.48,24.3533|57.4483
24.3367,57.5933,2013-08-18T18:55:00Z,2.1,19,LAT-004,Latvia,Gulf of Riga,"Gulf of Riga stony coast, waterbodies D&F",,"Gulf of Riga stony coast, waterbodies D&F",308.69830546,436367.284109,1064792248.48,24.3367|57.5933
24.2976,57.5922,2013-08-18T19:35:00Z,2.8,15,SEA-011,Opensea,Gulf of Riga,Opensea Gulf of Riga,Gulf of Riga,Opensea Gulf of Riga,8674.48923994,954770.496399,30193177349.7,24.2976|57.5922
24.1167,57.6,2013-08-18T21:00:00Z,3.6,11,SEA-011,Opensea,Gulf of Riga,Opensea Gulf of Riga,Gulf of Riga,Opensea Gulf of Riga,8674.48923994,954770.496399,30193177349.7,24.1167|57.6
23.7667,57.4167,2013-08-19T06:10:00Z,3.6,13,SEA-011,Opensea,Gulf of Riga,Opensea Gulf of Riga,Gulf of Riga,Opensea Gulf of Riga,8674.48923994,954770.496399,30193177349.7,23.7667|57.4167
23.6167,57.6167,2013-08-19T08:45:00Z,3.5,11,SEA-011,Opensea,Gulf of Riga,Opensea Gulf of Riga,Gulf of Riga,Opensea Gulf of Riga,8674.48923994,954770.496399,30193177349.7,23.6167|57.6167
23.9167,57.85,2013-08-19T12:40:00Z,3.8,13,SEA-011,Opensea,Gulf of Riga,Opensea Gulf of Riga,Gulf of Riga,Opensea Gulf of Riga,8674.48923994,954770.496399,30193177349.7,23.9167|57.85
24.406166,57.312766,2013-08-21T16:03:00Z,1.5,19,LAT-004,Latvia,Gulf of Riga,"Gulf of Riga stony coast, waterbodies D&F",,"Gulf of Riga stony coast, waterbodies D&F",308.69830546,436367.284109,1064792248.48,24.406166|57.312766
24.381216,57.299733,2013-08-21T00:00:00Z,3.9,17,LAT-004,Latvia,Gulf of Riga,"Gulf of Riga stony coast, waterbodies D&F",,"Gulf of Riga stony coast, waterbodies D&F",308.69830546,436367.284109,1064792248.48,24.381216|57.299733
24.382449,57.285433,2013-08-21T19:30:00Z,3.9,15,LAT-004,Latvia,Gulf of Riga,"Gulf of Riga stony coast, waterbodies D&F",,"Gulf of Riga stony coast, waterbodies D&F",308.69830546,436367.284109,1064792248.48,24.382449|57.285433
24.376916,57.32565,2013-08-22T09:10:00Z,3.6,19,LAT-004,Latvia,Gulf of Riga,"Gulf of Riga stony coast, waterbodies D&F",,"Gulf of Riga stony coast, waterbodies D&F",308.69830546,436367.284109,1064792248.48,24.376916|57.32565
24.381599,57.343649,2013-08-22T10:55:00Z,3.5,15,LAT-004,Latvia,Gulf of Riga,"Gulf of Riga stony coast, waterbodies D&F",,"Gulf of Riga stony coast, waterbodies D&F",308.69830546,436367.284109,1064792248.48,24.381599|57.343649
24.3988,57.358133,2013-08-22T11:10:00Z,2.2,19,LAT-004,Latvia,Gulf of Riga,"Gulf of Riga stony coast, waterbodies D&F",,"Gulf of Riga stony coast, waterbodies D&F",308.69830546,436367.284109,1064792248.48,24.3988|57.358133
24.368733,57.405016,2013-08-22T15:45:00Z,2.8,15,LAT-004,Latvia,Gulf of Riga,"Gulf of Riga stony coast, waterbodies D&F",,"Gulf of Riga stony coast, waterbodies D&F",308.69830546,436367.284109,1064792248.48,24.368733|57.405016
24.368649,57.389233,2013-08-22T16:55:00Z,3,15,LAT-004,Latvia,Gulf of Riga,"Gulf of Riga stony coast, waterbodies D&F",,"Gulf of Riga stony coast, waterbodies D&F",308.69830546,436367.284109,1064792248.48,24.368649|57.389233
24.372583,57.371966,2013-08-22T18:31:00Z,2.8,15,LAT-004,Latvia,Gulf of Riga,"Gulf of Riga stony coast, waterbodies D&F",,"Gulf of Riga stony coast, waterbodies D&F",308.69830546,436367.284109,1064792248.48,24.372583|57.371966
24.382116,57.270166,2013-08-23T09:55:00Z,2.8,17,LAT-004,Latvia,Gulf of Riga,"Gulf of Riga stony coast, waterbodies D&F",,"Gulf of Riga stony coast, waterbodies D&F",308.69830546,436367.284109,1064792248.48,24.382116|57.270166
24.371949,57.355783,2013-08-23T11:31:00Z,2.8,17,LAT-004,Latvia,Gulf of Riga,"Gulf of Riga stony coast, waterbodies D&F",,"Gulf of Riga stony coast, waterbodies D&F",308.69830546,436367.284109,1064792248.48,24.371949|57.355783
23.104533,57.380166,2013-08-30T10:20:00Z,3.1,17,LAT-004,Latvia,Gulf of Riga,"Gulf of Riga stony coast, waterbodies D&F",,"Gulf of Riga stony coast, waterbodies D&F",308.69830546,436367.284109,1064792248.48,23.104533|57.380166
23.05815,57.395366,2013-08-30T12:35:00Z,3.5,13,LAT-004,Latvia,Gulf of Riga,"Gulf of Riga stony coast, waterbodies D&F",,"Gulf of Riga stony coast, waterbodies D&F",308.69830546,436367.284109,1064792248.48,23.05815|57.395366
22.9064,57.458083,2013-08-30T16:55:00Z,3.9,13,LAT-004,Latvia,Gulf of Riga,"Gulf of Riga stony coast, waterbodies D&F",,"Gulf of Riga stony coast, waterbodies D&F",308.69830546,436367.284109,1064792248.48,22.9064|57.458083
22.9064,57.458083,2013-08-30T17:55:00Z,4,13,LAT-004,Latvia,Gulf of Riga,"Gulf of Riga stony coast, waterbodies D&F",,"Gulf of Riga stony coast, waterbodies D&F",308.69830546,436367.284109,1064792248.48,22.9064|57.458083
22.926483,57.433966,2013-08-30T18:25:00Z,3.5,13,LAT-004,Latvia,Gulf of Riga,"Gulf of Riga stony coast, waterbodies D&F",,"Gulf of Riga stony coast, waterbodies D&F",308.69830546,436367.284109,1064792248.48,22.926483|57.433966
22.933816,57.437416,2013-08-31T08:15:00Z,3.7,13,LAT-004,Latvia,Gulf of Riga,"Gulf of Riga stony coast, waterbodies D&F",,"Gulf of Riga stony coast, waterbodies D&F",308.69830546,436367.284109,1064792248.48,22.933816|57.437416
22.961283,57.43115,2013-08-31T09:20:00Z,4,13,LAT-004,Latvia,Gulf of Riga,"Gulf of Riga stony coast, waterbodies D&F",,"Gulf of Riga stony coast, waterbodies D&F",308.69830546,436367.284109,1064792248.48,22.961283|57.43115
22.982266,57.4243,2013-08-31T10:25:00Z,10.5,13,LAT-004,Latvia,Gulf of Riga,"Gulf of Riga stony coast, waterbodies D&F",,"Gulf of Riga stony coast, waterbodies D&F",308.69830546,436367.284109,1064792248.48,22.982266|57.4243
23.00685,57.414466,2013-08-31T11:20:00Z,10.5,9,LAT-004,Latvia,Gulf of Riga,"Gulf of Riga stony coast, waterbodies D&F",,"Gulf of Riga stony coast, waterbodies D&F",308.69830546,436367.284109,1064792248.48,23.00685|57.414466
23.030483,57.402999,2013-08-31T13:20:00Z,3.9,13,LAT-004,Latvia,Gulf of Riga,"Gulf of Riga stony coast, waterbodies D&F",,"Gulf of Riga stony coast, waterbodies D&F",308.69830546,436367.284109,1064792248.48,23.030483|57.402999
23.55,57.72,2013-09-09T12:05:00Z,7.6,9,SEA-011,Opensea,Gulf of Riga,Opensea Gulf of Riga,Gulf of Riga,Opensea Gulf of Riga,8674.48923994,954770.496399,30193177349.7,23.55|57.72
23.6167,57.6167,2013-09-09T00:00:00Z,6.8,9,SEA-011,Opensea,Gulf of Riga,Opensea Gulf of Riga,Gulf of Riga,Opensea Gulf of Riga,8674.48923994,954770.496399,30193177349.7,23.6167|57.6167
23.7667,57.4167,2013-09-09T12:20:00Z,6.6,13,SEA-011,Opensea,Gulf of Riga,Opensea Gulf of Riga,Gulf of Riga,Opensea Gulf of Riga,8674.48923994,954770.496399,30193177349.7,23.7667|57.4167
23.85,57.3,2013-09-09T12:25:00Z,6.2,11,SEA-011,Opensea,Gulf of Riga,Opensea Gulf of Riga,Gulf of Riga,Opensea Gulf of Riga,8674.48923994,954770.496399,30193177349.7,23.85|57.3
23.4718,58.4311,2013-09-09T00:00:00Z,4.2,15,EST-018,Estonia,Gulf of Riga,NE part of the Gulf of Riga CWB,,EE_18,1926.65785695,1086062.9138,6931317200.6,23.4718|58.4311
22.2333,57.8833,2013-09-09T00:00:00Z,6.6,13,SEA-011,Opensea,Gulf of Riga,Opensea Gulf of Riga,Gulf of Riga,Opensea Gulf of Riga,8674.48923994,954770.496399,30193177349.7,22.2333|57.8833
22.3154,57.8233,2013-09-09T13:02:00Z,7.4,11,SEA-011,Opensea,Gulf of Riga,Opensea Gulf of Riga,Gulf of Riga,Opensea Gulf of Riga,8674.48923994,954770.496399,30193177349.7,22.3154|57.8233
22.3333,57.7667,2013-09-09T00:00:00Z,8.4,9,SEA-011,Opensea,Gulf of Riga,Opensea Gulf of Riga,Gulf of Riga,Opensea Gulf of Riga,8674.48923994,954770.496399,30193177349.7,22.3333|57.7667
23.9333,57.1667,2013-09-09T00:00:00Z,6.8,11,LAT-005,Latvia,Gulf of Riga,Gulf of Riga transitional waters,,Gulf of Riga transitional waters,855.811191767,243360.758113,2896144600.07,23.9333|57.1667
22.41,57.8433,2013-11-08T15:50:00Z,2.5,13,SEA-011,Opensea,Gulf of Riga,Opensea Gulf of Riga,Gulf of Riga,Opensea Gulf of Riga,8674.48923994,954770.496399,30193177349.7,22.41|57.8433
23.4833,57.4,2013-11-09T08:55:00Z,3.5,11,SEA-011,Opensea,Gulf of Riga,Opensea Gulf of Riga,Gulf of Riga,Opensea Gulf of Riga,8674.48923994,954770.496399,30193177349.7,23.4833|57.4
23.6167,57.6167,2013-11-09T10:50:00Z,3,11,SEA-011,Opensea,Gulf of Riga,Opensea Gulf of Riga,Gulf of Riga,Opensea Gulf of Riga,8674.48923994,954770.496399,30193177349.7,23.6167|57.6167
23.7667,57.4167,2013-11-09T13:00:00Z,3,11,SEA-011,Opensea,Gulf of Riga,Opensea Gulf of Riga,Gulf of Riga,Opensea Gulf of Riga,8674.48923994,954770.496399,30193177349.7,23.7667|57.4167
23.85,57.3,2013-11-09T14:15:00Z,4.5,13,SEA-011,Opensea,Gulf of Riga,Opensea Gulf of Riga,Gulf of Riga,Opensea Gulf of Riga,8674.48923994,954770.496399,30193177349.7,23.85|57.3
23.9333,57.1667,2013-11-09T15:40:00Z,3.5,11,LAT-005,Latvia,Gulf of Riga,Gulf of Riga transitional waters,,Gulf of Riga transitional waters,855.811191767,243360.758113,2896144600.07,23.9333|57.1667
23.92,57.025,2013-11-10T08:05:00Z,3,19,LAT-005,Latvia,Gulf of Riga,Gulf of Riga transitional waters,,Gulf of Riga transitional waters,855.811191767,243360.758113,2896144600.07,23.92|57.025
23.8883,57.055,2013-11-10T08:30:00Z,3,19,LAT-005,Latvia,Gulf of Riga,Gulf of Riga transitional waters,,Gulf of Riga transitional waters,855.811191767,243360.758113,2896144600.07,23.8883|57.055
24.0017,57.0833,2013-11-10T09:48:00Z,2.5,19,LAT-005,Latvia,Gulf of Riga,Gulf of Riga transitional waters,,Gulf of Riga transitional waters,855.811191767,243360.758113,2896144600.07,24.0017|57.0833
23.9833,57.1,2013-11-10T10:08:00Z,2.4,19,LAT-005,Latvia,Gulf of Riga,Gulf of Riga transitional waters,,Gulf of Riga transitional waters,855.811191767,243360.758113,2896144600.07,23.9833|57.1
24.25,57.1683,2013-11-10T12:00:00Z,3.5,19,LAT-005,Latvia,Gulf of Riga,Gulf of Riga transitional waters,,Gulf of Riga transitional waters,855.811191767,243360.758113,2896144600.07,24.25|57.1683
24.2167,57.1833,2013-11-10T12:33:00Z,3.1,11,LAT-005,Latvia,Gulf of Riga,Gulf of Riga transitional waters,,Gulf of Riga transitional waters,855.811191767,243360.758113,2896144600.07,24.2167|57.1833
24.3733,57.315,2013-11-10T14:23:00Z,2.6,13,LAT-004,Latvia,Gulf of Riga,"Gulf of Riga stony coast, waterbodies D&F",,"Gulf of Riga stony coast, waterbodies D&F",308.69830546,436367.284109,1064792248.48,24.3733|57.315
24.2867,57.3133,2013-11-10T14:57:00Z,3,19,SEA-011,Opensea,Gulf of Riga,Opensea Gulf of Riga,Gulf of Riga,Opensea Gulf of Riga,8674.48923994,954770.496399,30193177349.7,24.2867|57.3133
24.0833,57.35,2013-11-10T16:13:00Z,4,19,SEA-011,Opensea,Gulf of Riga,Opensea Gulf of Riga,Gulf of Riga,Opensea Gulf of Riga,8674.48923994,954770.496399,30193177349.7,24.0833|57.35
23.9167,57.85,2013-11-11T09:05:00Z,4,19,SEA-011,Opensea,Gulf of Riga,Opensea Gulf of Riga,Gulf of Riga,Opensea Gulf of Riga,8674.48923994,954770.496399,30193177349.7,23.9167|57.85
24.0017,57.0833,1996-05-08T14:35:00Z,2,19,LAT-005,Latvia,Gulf of Riga,Gulf of Riga transitional waters,,Gulf of Riga transitional waters,855.811191767,243360.758113,2896144600.07,24.0017|57.0833
23.9833,57.1,1996-05-08T16:05:00Z,2.2,18,LAT-005,Latvia,Gulf of Riga,Gulf of Riga transitional waters,,Gulf of Riga transitional waters,855.811191767,243360.758113,2896144600.07,23.9833|57.1
23.92,57.025,1996-05-08T18:05:00Z,2.2,20,LAT-005,Latvia,Gulf of Riga,Gulf of Riga transitional waters,,Gulf of Riga transitional waters,855.811191767,243360.758113,2896144600.07,23.92|57.025
22.9833,57.5667,1996-05-09T04:40:00Z,3,15,SEA-011,Opensea,Gulf of Riga,Opensea Gulf of Riga,Gulf of Riga,Opensea Gulf of Riga,8674.48923994,954770.496399,30193177349.7,22.9833|57.5667
23.6167,57.6167,1996-05-09T08:30:00Z,3.5,15,SEA-011,Opensea,Gulf of Riga,Opensea Gulf of Riga,Gulf of Riga,Opensea Gulf of Riga,8674.48923994,954770.496399,30193177349.7,23.6167|57.6167
24.1167,57.6,1996-05-09T13:10:00Z,2.1,17,SEA-011,Opensea,Gulf of Riga,Opensea Gulf of Riga,Gulf of Riga,Opensea Gulf of Riga,8674.48923994,954770.496399,30193177349.7,24.1167|57.6
24.0833,57.35,1996-05-09T16:00:00Z,2,17,SEA-011,Opensea,Gulf of Riga,Opensea Gulf of Riga,Gulf of Riga,Opensea Gulf of Riga,8674.48923994,954770.496399,30193177349.7,24.0833|57.35
24.3733,57.315,1996-05-09T17:40:00Z,2.3,16,LAT-004,Latvia,Gulf of Riga,"Gulf of Riga stony coast, waterbodies D&F",,"Gulf of Riga stony coast, waterbodies D&F",308.69830546,436367.284109,1064792248.48,24.3733|57.315
23.85,57.3,1996-05-10T03:00:00Z,2.8,17,SEA-011,Opensea,Gulf of Riga,Opensea Gulf of Riga,Gulf of Riga,Opensea Gulf of Riga,8674.48923994,954770.496399,30193177349.7,23.85|57.3
23.6667,57.1667,1996-05-10T08:30:00Z,2.4,17,SEA-011,Opensea,Gulf of Riga,Opensea Gulf of Riga,Gulf of Riga,Opensea Gulf of Riga,8674.48923994,954770.496399,30193177349.7,23.6667|57.1667
24.0017,57.0833,1996-05-22T11:40:00Z,1.8,20,LAT-005,Latvia,Gulf of Riga,Gulf of Riga transitional waters,,Gulf of Riga transitional waters,855.811191767,243360.758113,2896144600.07,24.0017|57.0833
23.9833,57.1,1996-05-22T12:25:00Z,1.8,17,LAT-005,Latvia,Gulf of Riga,Gulf of Riga transitional waters,,Gulf of Riga transitional waters,855.811191767,243360.758113,2896144600.07,23.9833|57.1
23.92,57.025,1996-05-22T13:25:00Z,2.2,16,LAT-005,Latvia,Gulf of Riga,Gulf of Riga transitional waters,,Gulf of Riga transitional waters,855.811191767,243360.758113,2896144600.07,23.92|57.025
23.4867,57.0467,1996-05-22T15:30:00Z,1.8,16,LAT-003,Latvia,Gulf of Riga,"Gulf of Riga sandy coast, waterbodies C&E",,"Gulf of Riga sandy coast, waterbodies C&E",387.080162999,296440.220511,1327844259.75,23.4867|57.0467
23.6667,57.1667,1996-05-22T17:05:00Z,1.9,16,SEA-011,Opensea,Gulf of Riga,Opensea Gulf of Riga,Gulf of Riga,Opensea Gulf of Riga,8674.48923994,954770.496399,30193177349.7,23.6667|57.1667
23.85,57.3,1996-05-22T18:45:00Z,2.3,17,SEA-011,Opensea,Gulf of Riga,Opensea Gulf of Riga,Gulf of Riga,Opensea Gulf of Riga,8674.48923994,954770.496399,30193177349.7,23.85|57.3
23.4833,57.4,1996-05-23T03:00:00Z,3,15,SEA-011,Opensea,Gulf of Riga,Opensea Gulf of Riga,Gulf of Riga,Opensea Gulf of Riga,8674.48923994,954770.496399,30193177349.7,23.4833|57.4
22.9833,57.5667,1996-05-23T06:00:00Z,3.5,15,SEA-011,Opensea,Gulf of Riga,Opensea Gulf of Riga,Gulf of Riga,Opensea Gulf of Riga,8674.48923994,954770.496399,30193177349.7,22.9833|57.5667
23.6167,57.6167,1996-05-23T08:50:00Z,2.6,14,SEA-011,Opensea,Gulf of Riga,Opensea Gulf of Riga,Gulf of Riga,Opensea Gulf of Riga,8674.48923994,954770.496399,30193177349.7,23.6167|57.6167
24.1167,57.6,1996-05-23T11:50:00Z,2.4,14,SEA-011,Opensea,Gulf of Riga,Opensea Gulf of Riga,Gulf of Riga,Opensea Gulf of Riga,8674.48923994,954770.496399,30193177349.7,24.1167|57.6
24.0833,57.35,1996-05-23T14:15:00Z,2.2,15,SEA-011,Opensea,Gulf of Riga,Opensea Gulf of Riga,Gulf of Riga,Opensea Gulf of Riga,8674.48923994,954770.496399,30193177349.7,24.0833|57.35
24.3733,57.315,1996-05-23T15:55:00Z,3,15,LAT-004,Latvia,Gulf of Riga,"Gulf of Riga stony coast, waterbodies D&F",,"Gulf of Riga stony coast, waterbodies D&F",308.69830546,436367.284109,1064792248.48,24.3733|57.315
24.25,57.1683,1996-05-23T17:25:00Z,2.2,19,LAT-005,Latvia,Gulf of Riga,Gulf of Riga transitional waters,,Gulf of Riga transitional waters,855.811191767,243360.758113,2896144600.07,24.25|57.1683
23.85,57.3,1996-06-13T08:20:00Z,2.5,17,SEA-011,Opensea,Gulf of Riga,Opensea Gulf of Riga,Gulf of Riga,Opensea Gulf of Riga,8674.48923994,954770.496399,30193177349.7,23.85|57.3
23.9333,57.1667,1996-06-13T10:50:00Z,3,16,LAT-005,Latvia,Gulf of Riga,Gulf of Riga transitional waters,,Gulf of Riga transitional waters,855.811191767,243360.758113,2896144600.07,23.9333|57.1667
23.9833,57.1,1996-06-13T11:45:00Z,2,17,LAT-005,Latvia,Gulf of Riga,Gulf of Riga transitional waters,,Gulf of Riga transitional waters,855.811191767,243360.758113,2896144600.07,23.9833|57.1
24.0017,57.0833,1996-06-13T13:05:00Z,2,19,LAT-005,Latvia,Gulf of Riga,Gulf of Riga transitional waters,,Gulf of Riga transitional waters,855.811191767,243360.758113,2896144600.07,24.0017|57.0833
23.92,57.025,1996-06-17T07:00:00Z,2,17,LAT-005,Latvia,Gulf of Riga,Gulf of Riga transitional waters,,Gulf of Riga transitional waters,855.811191767,243360.758113,2896144600.07,23.92|57.025
23.4867,57.0467,1996-06-17T09:10:00Z,2.5,17,LAT-003,Latvia,Gulf of Riga,"Gulf of Riga sandy coast, waterbodies C&E",,"Gulf of Riga sandy coast, waterbodies C&E",387.080162999,296440.220511,1327844259.75,23.4867|57.0467
24.3733,57.315,1996-06-17T14:15:00Z,2,17,LAT-004,Latvia,Gulf of Riga,"Gulf of Riga stony coast, waterbodies D&F",,"Gulf of Riga stony coast, waterbodies D&F",308.69830546,436367.284109,1064792248.48,24.3733|57.315
24.25,57.1683,1996-06-17T16:10:00Z,2,18,LAT-005,Latvia,Gulf of Riga,Gulf of Riga transitional waters,,Gulf of Riga transitional waters,855.811191767,243360.758113,2896144600.07,24.25|57.1683
24.0017,57.0833,1996-06-17T18:00:00Z,1.8,19,LAT-005,Latvia,Gulf of Riga,Gulf of Riga transitional waters,,Gulf of Riga transitional waters,855.811191767,243360.758113,2896144600.07,24.0017|57.0833
24.0017,57.0833,1996-07-18T08:20:00Z,2.5,21,LAT-005,Latvia,Gulf of Riga,Gulf of Riga transitional waters,,Gulf of Riga transitional waters,855.811191767,243360.758113,2896144600.07,24.0017|57.0833
23.9833,57.1,1996-07-18T09:30:00Z,2,21,LAT-005,Latvia,Gulf of Riga,Gulf of Riga transitional waters,,Gulf of Riga transitional waters,855.811191767,243360.758113,2896144600.07,23.9833|57.1
23.9333,57.1667,1996-07-18T11:46:00Z,4.5,16,LAT-005,Latvia,Gulf of Riga,Gulf of Riga transitional waters,,Gulf of Riga transitional waters,855.811191767,243360.758113,2896144600.07,23.9333|57.1667
23.85,57.3,1996-07-18T12:58:00Z,4.2,13,SEA-011,Opensea,Gulf of Riga,Opensea Gulf of Riga,Gulf of Riga,Opensea Gulf of Riga,8674.48923994,954770.496399,30193177349.7,23.85|57.3
23.7667,57.4167,1996-07-18T15:40:00Z,3.7,12,SEA-011,Opensea,Gulf of Riga,Opensea Gulf of Riga,Gulf of Riga,Opensea Gulf of Riga,8674.48923994,954770.496399,30193177349.7,23.7667|57.4167
23.6167,57.6167,1996-07-18T16:35:00Z,3.7,11,SEA-011,Opensea,Gulf of Riga,Opensea Gulf of Riga,Gulf of Riga,Opensea Gulf of Riga,8674.48923994,954770.496399,30193177349.7,23.6167|57.6167
23.6667,57.1667,1996-07-19T02:24:00Z,3.8,11,SEA-011,Opensea,Gulf of Riga,Opensea Gulf of Riga,Gulf of Riga,Opensea Gulf of Riga,8674.48923994,954770.496399,30193177349.7,23.6667|57.1667
23.4867,57.0467,1996-07-19T04:15:00Z,3.5,17,LAT-003,Latvia,Gulf of Riga,"Gulf of Riga sandy coast, waterbodies C&E",,"Gulf of Riga sandy coast, waterbodies C&E",387.080162999,296440.220511,1327844259.75,23.4867|57.0467
23.705,56.9767,1996-07-19T05:45:00Z,3.2,12,LAT-005,Latvia,Gulf of Riga,Gulf of Riga transitional waters,,Gulf of Riga transitional waters,855.811191767,243360.758113,2896144600.07,23.705|56.9767
23.7433,56.98,1996-07-19T07:10:00Z,2.5,14,LAT-005,Latvia,Gulf of Riga,Gulf of Riga transitional waters,,Gulf of Riga transitional waters,855.811191767,243360.758113,2896144600.07,23.7433|56.98
23.92,57.025,1996-07-19T08:57:00Z,2.5,20,LAT-005,Latvia,Gulf of Riga,Gulf of Riga transitional waters,,Gulf of Riga transitional waters,855.811191767,243360.758113,2896144600.07,23.92|57.025
23.9683,57.0433,1996-07-19T10:08:00Z,3,20,LAT-005,Latvia,Gulf of Riga,Gulf of Riga transitional waters,,Gulf of Riga transitional waters,855.811191767,243360.758113,2896144600.07,23.9683|57.0433
24.097,57.0986,1996-07-19T11:41:00Z,3,17,LAT-005,Latvia,Gulf of Riga,Gulf of Riga transitional waters,,Gulf of Riga transitional waters,855.811191767,243360.758113,2896144600.07,24.097|57.0986
24.25,57.1683,1996-07-19T13:10:00Z,2.5,19,LAT-005,Latvia,Gulf of Riga,Gulf of Riga transitional waters,,Gulf of Riga transitional waters,855.811191767,243360.758113,2896144600.07,24.25|57.1683
24.3667,57.24,1996-07-19T14:57:00Z,2.5,18,LAT-005,Latvia,Gulf of Riga,Gulf of Riga transitional waters,,Gulf of Riga transitional waters,855.811191767,243360.758113,2896144600.07,24.3667|57.24
24.3733,57.315,1996-07-19T16:07:00Z,2.7,16,LAT-004,Latvia,Gulf of Riga,"Gulf of Riga stony coast, waterbodies D&F",,"Gulf of Riga stony coast, waterbodies D&F",308.69830546,436367.284109,1064792248.48,24.3733|57.315
24.0833,57.35,1996-07-19T18:15:00Z,4,12,SEA-011,Opensea,Gulf of Riga,Opensea Gulf of Riga,Gulf of Riga,Opensea Gulf of Riga,8674.48923994,954770.496399,30193177349.7,24.0833|57.35
23.4833,57.4,1996-08-22T10:10:00Z,3.5,12,SEA-011,Opensea,Gulf of Riga,Opensea Gulf of Riga,Gulf of Riga,Opensea Gulf of Riga,8674.48923994,954770.496399,30193177349.7,23.4833|57.4
23.7667,57.4167,1996-08-22T12:20:00Z,3.4,13,SEA-011,Opensea,Gulf of Riga,Opensea Gulf of Riga,Gulf of Riga,Opensea Gulf of Riga,8674.48923994,954770.496399,30193177349.7,23.7667|57.4167
23.85,57.3,1996-08-22T15:00:00Z,3.2,11,SEA-011,Opensea,Gulf of Riga,Opensea Gulf of Riga,Gulf of Riga,Opensea Gulf of Riga,8674.48923994,954770.496399,30193177349.7,23.85|57.3
23.6667,57.1667,1996-08-22T18:00:00Z,2.8,13,SEA-011,Opensea,Gulf of Riga,Opensea Gulf of Riga,Gulf of Riga,Opensea Gulf of Riga,8674.48923994,954770.496399,30193177349.7,23.6667|57.1667
24.3733,57.315,1996-08-23T03:00:00Z,3.7,13,LAT-004,Latvia,Gulf of Riga,"Gulf of Riga stony coast, waterbodies D&F",,"Gulf of Riga stony coast, waterbodies D&F",308.69830546,436367.284109,1064792248.48,24.3733|57.315
24.3667,57.24,1996-08-23T03:45:00Z,3.3,12,LAT-005,Latvia,Gulf of Riga,Gulf of Riga transitional waters,,Gulf of Riga transitional waters,855.811191767,243360.758113,2896144600.07,24.3667|57.24
24.25,57.1683,1996-08-23T04:55:00Z,3.6,12,LAT-005,Latvia,Gulf of Riga,Gulf of Riga transitional waters,,Gulf of Riga transitional waters,855.811191767,243360.758113,2896144600.07,24.25|57.1683
24.097,57.0986,1996-08-23T06:25:00Z,3.5,12,LAT-005,Latvia,Gulf of Riga,Gulf of Riga transitional waters,,Gulf of Riga transitional waters,855.811191767,243360.758113,2896144600.07,24.097|57.0986
23.4867,57.0467,1996-08-23T09:00:00Z,3.4,12,LAT-003,Latvia,Gulf of Riga,"Gulf of Riga sandy coast, waterbodies C&E",,"Gulf of Riga sandy coast, waterbodies C&E",387.080162999,296440.220511,1327844259.75,23.4867|57.0467
23.705,56.9767,1996-08-23T10:20:00Z,3,12,LAT-005,Latvia,Gulf of Riga,Gulf of Riga transitional waters,,Gulf of Riga transitional waters,855.811191767,243360.758113,2896144600.07,23.705|56.9767
23.7433,56.98,1996-08-23T11:05:00Z,3.4,13,LAT-005,Latvia,Gulf of Riga,Gulf of Riga transitional waters,,Gulf of Riga transitional waters,855.811191767,243360.758113,2896144600.07,23.7433|56.98
24.0017,57.0833,1996-09-18T06:40:00Z,2.2,17,LAT-005,Latvia,Gulf of Riga,Gulf of Riga transitional waters,,Gulf of Riga transitional waters,855.811191767,243360.758113,2896144600.07,24.0017|57.0833
23.9833,57.1,1996-09-18T07:30:00Z,2.1,16,LAT-005,Latvia,Gulf of Riga,Gulf of Riga transitional waters,,Gulf of Riga transitional waters,855.811191767,243360.758113,2896144600.07,23.9833|57.1
24.25,57.1683,1996-09-18T09:30:00Z,2.4,12,LAT-005,Latvia,Gulf of Riga,Gulf of Riga transitional waters,,Gulf of Riga transitional waters,855.811191767,243360.758113,2896144600.07,24.25|57.1683
24.3733,57.315,1996-09-18T11:30:00Z,3.8,11,LAT-004,Latvia,Gulf of Riga,"Gulf of Riga stony coast, waterbodies D&F",,"Gulf of Riga stony coast, waterbodies D&F",308.69830546,436367.284109,1064792248.48,24.3733|57.315
24.0833,57.35,1996-09-18T13:30:00Z,2,15,SEA-011,Opensea,Gulf of Riga,Opensea Gulf of Riga,Gulf of Riga,Opensea Gulf of Riga,8674.48923994,954770.496399,30193177349.7,24.0833|57.35
23.6167,57.6167,1996-09-18T16:40:00Z,3.6,11,SEA-011,Opensea,Gulf of Riga,Opensea Gulf of Riga,Gulf of Riga,Opensea Gulf of Riga,8674.48923994,954770.496399,30193177349.7,23.6167|57.6167
23.85,57.3,1996-09-19T03:30:00Z,3.2,11,SEA-011,Opensea,Gulf of Riga,Opensea Gulf of Riga,Gulf of Riga,Opensea Gulf of Riga,8674.48923994,954770.496399,30193177349.7,23.85|57.3
23.6667,57.1667,1996-09-19T05:30:00Z,3.8,11,SEA-011,Opensea,Gulf of Riga,Opensea Gulf of Riga,Gulf of Riga,Opensea Gulf of Riga,8674.48923994,954770.496399,30193177349.7,23.6667|57.1667
23.4867,57.0467,1996-09-19T07:30:00Z,2.4,12,LAT-003,Latvia,Gulf of Riga,"Gulf of Riga sandy coast, waterbodies C&E",,"Gulf of Riga sandy coast, waterbodies C&E",387.080162999,296440.220511,1327844259.75,23.4867|57.0467
23.92,57.025,1996-09-19T09:40:00Z,2.1,12,LAT-005,Latvia,Gulf of Riga,Gulf of Riga transitional waters,,Gulf of Riga transitional waters,855.811191767,243360.758113,2896144600.07,23.92|57.025
24.0017,57.0833,1996-10-11T07:30:00Z,2.5,11,LAT-005,Latvia,Gulf of Riga,Gulf of Riga transitional waters,,Gulf of Riga transitional waters,855.811191767,243360.758113,2896144600.07,24.0017|57.0833
23.9833,57.1,1996-10-11T07:55:00Z,3.1,12,LAT-005,Latvia,Gulf of Riga,Gulf of Riga transitional waters,,Gulf of Riga transitional waters,855.811191767,243360.758113,2896144600.07,23.9833|57.1
23.9333,57.1667,1996-10-11T08:45:00Z,4.8,12,LAT-005,Latvia,Gulf of Riga,Gulf of Riga transitional waters,,Gulf of Riga transitional waters,855.811191767,243360.758113,2896144600.07,23.9333|57.1667
23.85,57.3,1996-10-11T10:15:00Z,3.7,11,SEA-011,Opensea,Gulf of Riga,Opensea Gulf of Riga,Gulf of Riga,Opensea Gulf of Riga,8674.48923994,954770.496399,30193177349.7,23.85|57.3
24.0017,57.0833,1996-10-30T08:40:00Z,3.1,15,LAT-005,Latvia,Gulf of Riga,Gulf of Riga transitional waters,,Gulf of Riga transitional waters,855.811191767,243360.758113,2896144600.07,24.0017|57.0833
23.9833,57.1,1996-10-30T09:30:00Z,3.4,14,LAT-005,Latvia,Gulf of Riga,Gulf of Riga transitional waters,,Gulf of Riga transitional waters,855.811191767,243360.758113,2896144600.07,23.9833|57.1
24.25,57.1683,1996-10-30T11:30:00Z,3.6,13,LAT-005,Latvia,Gulf of Riga,Gulf of Riga transitional waters,,Gulf of Riga transitional waters,855.811191767,243360.758113,2896144600.07,24.25|57.1683
23.85,57.3,1996-10-30T14:40:00Z,4.2,12,SEA-011,Opensea,Gulf of Riga,Opensea Gulf of Riga,Gulf of Riga,Opensea Gulf of Riga,8674.48923994,954770.496399,30193177349.7,23.85|57.3
24.0017,57.0833,2002-01-21T11:30:00Z,2.1,19,LAT-005,Latvia,Gulf of Riga,Gulf of Riga transitional waters,,Gulf of Riga transitional waters,855.811191767,243360.758113,2896144600.07,24.0017|57.0833
23.85,57.3,2002-01-21T13:40:00Z,3.6,9,SEA-011,Opensea,Gulf of Riga,Opensea Gulf of Riga,Gulf of Riga,Opensea Gulf of Riga,8674.48923994,954770.496399,30193177349.7,23.85|57.3
24.0017,57.0833,2002-02-21T10:10:00Z,1,17,LAT-005,Latvia,Gulf of Riga,Gulf of Riga transitional waters,,Gulf of Riga transitional waters,855.811191767,243360.758113,2896144600.07,24.0017|57.0833
23.85,57.3,2002-02-21T12:50:00Z,2.2,13,SEA-011,Opensea,Gulf of Riga,Opensea Gulf of Riga,Gulf of Riga,Opensea Gulf of Riga,8674.48923994,954770.496399,30193177349.7,23.85|57.3
24.0833,57.35,2002-02-21T17:20:00Z,2.3,9,SEA-011,Opensea,Gulf of Riga,Opensea Gulf of Riga,Gulf of Riga,Opensea Gulf of Riga,8674.48923994,954770.496399,30193177349.7,24.0833|57.35
24.0017,57.0833,2002-03-12T15:10:00Z,1.2,17,LAT-005,Latvia,Gulf of Riga,Gulf of Riga transitional waters,,Gulf of Riga transitional waters,855.811191767,243360.758113,2896144600.07,24.0017|57.0833
23.9833,57.1,2002-03-12T16:00:00Z,1.4,17,LAT-005,Latvia,Gulf of Riga,Gulf of Riga transitional waters,,Gulf of Riga transitional waters,855.811191767,243360.758113,2896144600.07,23.9833|57.1
23.9333,57.1667,2002-03-12T17:30:00Z,1.6,17,LAT-005,Latvia,Gulf of Riga,Gulf of Riga transitional waters,,Gulf of Riga transitional waters,855.811191767,243360.758113,2896144600.07,23.9333|57.1667
22.9833,57.5667,2002-03-13T06:30:00Z,2.9,13,SEA-011,Opensea,Gulf of Riga,Opensea Gulf of Riga,Gulf of Riga,Opensea Gulf of Riga,8674.48923994,954770.496399,30193177349.7,22.9833|57.5667
22.8167,57.5333,2002-03-13T08:00:00Z,2.3,13,LAT-003,Latvia,Gulf of Riga,"Gulf of Riga sandy coast, waterbodies C&E",,"Gulf of Riga sandy coast, waterbodies C&E",387.080162999,296440.220511,1327844259.75,22.8167|57.5333
22.8833,57.7976,2002-03-13T10:20:00Z,2.7,13,SEA-011,Opensea,Gulf of Riga,Opensea Gulf of Riga,Gulf of Riga,Opensea Gulf of Riga,8674.48923994,954770.496399,30193177349.7,22.8833|57.7976
23.6167,57.6167,2002-03-13T14:15:00Z,3.7,13,SEA-011,Opensea,Gulf of Riga,Opensea Gulf of Riga,Gulf of Riga,Opensea Gulf of Riga,8674.48923994,954770.496399,30193177349.7,23.6167|57.6167
24.1167,57.6,2002-03-13T17:30:00Z,3.1,13,SEA-011,Opensea,Gulf of Riga,Opensea Gulf of Riga,Gulf of Riga,Opensea Gulf of Riga,8674.48923994,954770.496399,30193177349.7,24.1167|57.6
23.85,57.3,2002-03-26T12:10:00Z,2.4,17,SEA-011,Opensea,Gulf of Riga,Opensea Gulf of Riga,Gulf of Riga,Opensea Gulf of Riga,8674.48923994,954770.496399,30193177349.7,23.85|57.3
23.85,57.3,2002-03-26T14:40:00Z,2.2,17,SEA-011,Opensea,Gulf of Riga,Opensea Gulf of Riga,Gulf of Riga,Opensea Gulf of Riga,8674.48923994,954770.496399,30193177349.7,23.85|57.3
23.9333,57.1667,2002-03-26T16:00:00Z,2,17,LAT-005,Latvia,Gulf of Riga,Gulf of Riga transitional waters,,Gulf of Riga transitional waters,855.811191767,243360.758113,2896144600.07,23.9333|57.1667
23.9833,57.1,2002-03-26T17:00:00Z,1.5,17,LAT-005,Latvia,Gulf of Riga,Gulf of Riga transitional waters,,Gulf of Riga transitional waters,855.811191767,243360.758113,2896144600.07,23.9833|57.1
24.0017,57.0833,2002-03-26T17:30:00Z,1.5,17,LAT-005,Latvia,Gulf of Riga,Gulf of Riga transitional waters,,Gulf of Riga transitional waters,855.811191767,243360.758113,2896144600.07,24.0017|57.0833
24.0833,57.35,2002-04-09T12:20:00Z,3.1,13,SEA-011,Opensea,Gulf of Riga,Opensea Gulf of Riga,Gulf of Riga,Opensea Gulf of Riga,8674.48923994,954770.496399,30193177349.7,24.0833|57.35
23.85,57.3,2002-04-10T07:00:00Z,2.7,17,SEA-011,Opensea,Gulf of Riga,Opensea Gulf of Riga,Gulf of Riga,Opensea Gulf of Riga,8674.48923994,954770.496399,30193177349.7,23.85|57.3
24.097,57.0986,2002-04-10T09:45:00Z,3,13,LAT-005,Latvia,Gulf of Riga,Gulf of Riga transitional waters,,Gulf of Riga transitional waters,855.811191767,243360.758113,2896144600.07,24.097|57.0986
24.0733,57.0908,2002-04-10T10:30:00Z,3,13,LAT-005,Latvia,Gulf of Riga,Gulf of Riga transitional waters,,Gulf of Riga transitional waters,855.811191767,243360.758113,2896144600.07,24.0733|57.0908
24.0383,57.0867,2002-04-10T11:15:00Z,1.6,21,LAT-005,Latvia,Gulf of Riga,Gulf of Riga transitional waters,,Gulf of Riga transitional waters,855.811191767,243360.758113,2896144600.07,24.0383|57.0867
23.9683,57.0433,2002-04-10T12:00:00Z,2,21,LAT-005,Latvia,Gulf of Riga,Gulf of Riga transitional waters,,Gulf of Riga transitional waters,855.811191767,243360.758113,2896144600.07,23.9683|57.0433
24.0017,57.0833,2002-04-10T13:10:00Z,1.6,17,LAT-005,Latvia,Gulf of Riga,Gulf of Riga transitional waters,,Gulf of Riga transitional waters,855.811191767,243360.758113,2896144600.07,24.0017|57.0833
24.0017,57.0833,2002-04-23T11:30:00Z,1.7,19,LAT-005,Latvia,Gulf of Riga,Gulf of Riga transitional waters,,Gulf of Riga transitional waters,855.811191767,243360.758113,2896144600.07,24.0017|57.0833
23.9833,57.1,2002-04-23T12:20:00Z,1.8,19,LAT-005,Latvia,Gulf of Riga,Gulf of Riga transitional waters,,Gulf of Riga transitional waters,855.811191767,243360.758113,2896144600.07,23.9833|57.1
23.9792,57.0737,2002-04-23T13:40:00Z,2.4,19,LAT-005,Latvia,Gulf of Riga,Gulf of Riga transitional waters,,Gulf of Riga transitional waters,855.811191767,243360.758113,2896144600.07,23.9792|57.0737
23.9683,57.0433,2002-04-23T15:30:00Z,2.1,19,LAT-005,Latvia,Gulf of Riga,Gulf of Riga transitional waters,,Gulf of Riga transitional waters,855.811191767,243360.758113,2896144600.07,23.9683|57.0433
23.92,57.025,2002-04-23T16:10:00Z,2,19,LAT-005,Latvia,Gulf of Riga,Gulf of Riga transitional waters,,Gulf of Riga transitional waters,855.811191767,243360.758113,2896144600.07,23.92|57.025
23.7433,56.98,2002-04-23T17:10:00Z,2.2,13,LAT-005,Latvia,Gulf of Riga,Gulf of Riga transitional waters,,Gulf of Riga transitional waters,855.811191767,243360.758113,2896144600.07,23.7433|56.98
23.705,56.9767,2002-04-23T18:15:00Z,2.5,13,LAT-005,Latvia,Gulf of Riga,Gulf of Riga transitional waters,,Gulf of Riga transitional waters,855.811191767,243360.758113,2896144600.07,23.705|56.9767
23.4867,57.0467,2002-04-23T19:20:00Z,2.1,13,LAT-003,Latvia,Gulf of Riga,"Gulf of Riga sandy coast, waterbodies C&E",,"Gulf of Riga sandy coast, waterbodies C&E",387.080162999,296440.220511,1327844259.75,23.4867|57.0467
23.6667,57.1667,2002-04-23T20:50:00Z,2.1,13,SEA-011,Opensea,Gulf of Riga,Opensea Gulf of Riga,Gulf of Riga,Opensea Gulf of Riga,8674.48923994,954770.496399,30193177349.7,23.6667|57.1667
23.4833,57.4,2002-04-24T06:05:00Z,2.2,13,SEA-011,Opensea,Gulf of Riga,Opensea Gulf of Riga,Gulf of Riga,Opensea Gulf of Riga,8674.48923994,954770.496399,30193177349.7,23.4833|57.4
22.9833,57.5667,2002-04-24T09:50:00Z,2.5,13,SEA-011,Opensea,Gulf of Riga,Opensea Gulf of Riga,Gulf of Riga,Opensea Gulf of Riga,8674.48923994,954770.496399,30193177349.7,22.9833|57.5667
22.8167,57.5333,2002-04-24T11:00:00Z,2.9,13,LAT-003,Latvia,Gulf of Riga,"Gulf of Riga sandy coast, waterbodies C&E",,"Gulf of Riga sandy coast, waterbodies C&E",387.080162999,296440.220511,1327844259.75,22.8167|57.5333
22.8833,57.7976,2002-04-24T13:15:00Z,3,9,SEA-011,Opensea,Gulf of Riga,Opensea Gulf of Riga,Gulf of Riga,Opensea Gulf of Riga,8674.48923994,954770.496399,30193177349.7,22.8833|57.7976
23.6167,57.6167,2002-04-24T17:20:00Z,1.9,9,SEA-011,Opensea,Gulf of Riga,Opensea Gulf of Riga,Gulf of Riga,Opensea Gulf of Riga,8674.48923994,954770.496399,30193177349.7,23.6167|57.6167
24.3367,57.5933,2002-04-24T20:40:00Z,2.1,9,LAT-004,Latvia,Gulf of Riga,"Gulf of Riga stony coast, waterbodies D&F",,"Gulf of Riga stony coast, waterbodies D&F",308.69830546,436367.284109,1064792248.48,24.3367|57.5933
23.7667,57.4167,2002-04-25T06:40:00Z,2.5,13,SEA-011,Opensea,Gulf of Riga,Opensea Gulf of Riga,Gulf of Riga,Opensea Gulf of Riga,8674.48923994,954770.496399,30193177349.7,23.7667|57.4167
24.0833,57.35,2002-04-25T08:35:00Z,2.2,13,SEA-011,Opensea,Gulf of Riga,Opensea Gulf of Riga,Gulf of Riga,Opensea Gulf of Riga,8674.48923994,954770.496399,30193177349.7,24.0833|57.35
24.3733,57.315,2002-04-25T11:35:00Z,1.8,15,LAT-004,Latvia,Gulf of Riga,"Gulf of Riga stony coast, waterbodies D&F",,"Gulf of Riga stony coast, waterbodies D&F",308.69830546,436367.284109,1064792248.48,24.3733|57.315
24.3667,57.24,2002-04-25T12:40:00Z,2,19,LAT-005,Latvia,Gulf of Riga,Gulf of Riga transitional waters,,Gulf of Riga transitional waters,855.811191767,243360.758113,2896144600.07,24.3667|57.24
24.25,57.1683,2002-04-25T13:50:00Z,1.8,17,LAT-005,Latvia,Gulf of Riga,Gulf of Riga transitional waters,,Gulf of Riga transitional waters,855.811191767,243360.758113,2896144600.07,24.25|57.1683
24.097,57.0986,2002-04-25T15:15:00Z,1.7,19,LAT-005,Latvia,Gulf of Riga,Gulf of Riga transitional waters,,Gulf of Riga transitional waters,855.811191767,243360.758113,2896144600.07,24.097|57.0986
23.85,57.3,2002-04-25T18:00:00Z,1.8,15,SEA-011,Opensea,Gulf of Riga,Opensea Gulf of Riga,Gulf of Riga,Opensea Gulf of Riga,8674.48923994,954770.496399,30193177349.7,23.85|57.3
24.0017,57.0833,2002-05-07T10:30:00Z,2.3,19,LAT-005,Latvia,Gulf of Riga,Gulf of Riga transitional waters,,Gulf of Riga transitional waters,855.811191767,243360.758113,2896144600.07,24.0017|57.0833
23.9833,57.1,2002-05-07T12:15:00Z,1.9,15,LAT-005,Latvia,Gulf of Riga,Gulf of Riga transitional waters,,Gulf of Riga transitional waters,855.811191767,243360.758113,2896144600.07,23.9833|57.1
24.097,57.0986,2002-05-07T14:00:00Z,2.7,11,LAT-005,Latvia,Gulf of Riga,Gulf of Riga transitional waters,,Gulf of Riga transitional waters,855.811191767,243360.758113,2896144600.07,24.097|57.0986
24.25,57.1683,2002-05-07T15:45:00Z,2.1,19,LAT-005,Latvia,Gulf of Riga,Gulf of Riga transitional waters,,Gulf of Riga transitional waters,855.811191767,243360.758113,2896144600.07,24.25|57.1683
24.2167,57.1833,2002-05-07T17:20:00Z,1.3,15,LAT-005,Latvia,Gulf of Riga,Gulf of Riga transitional waters,,Gulf of Riga transitional waters,855.811191767,243360.758113,2896144600.07,24.2167|57.1833
24.1505,57.2233,2002-05-07T18:30:00Z,2,13,LAT-005,Latvia,Gulf of Riga,Gulf of Riga transitional waters,,Gulf of Riga transitional waters,855.811191767,243360.758113,2896144600.07,24.1505|57.2233
24.3667,57.24,2002-05-07T20:10:00Z,2,13,LAT-005,Latvia,Gulf of Riga,Gulf of Riga transitional waters,,Gulf of Riga transitional waters,855.811191767,243360.758113,2896144600.07,24.3667|57.24
24.3733,57.315,2002-05-07T21:25:00Z,2.2,13,LAT-004,Latvia,Gulf of Riga,"Gulf of Riga stony coast, waterbodies D&F",,"Gulf of Riga stony coast, waterbodies D&F",308.69830546,436367.284109,1064792248.48,24.3733|57.315
24.0833,57.35,2002-05-08T06:00:00Z,2.4,13,SEA-011,Opensea,Gulf of Riga,Opensea Gulf of Riga,Gulf of Riga,Opensea Gulf of Riga,8674.48923994,954770.496399,30193177349.7,24.0833|57.35
24.2717,57.4415,2002-05-08T08:25:00Z,2.6,13,SEA-011,Opensea,Gulf of Riga,Opensea Gulf of Riga,Gulf of Riga,Opensea Gulf of Riga,8674.48923994,954770.496399,30193177349.7,24.2717|57.4415
24.3533,57.4483,2002-05-08T09:30:00Z,2.7,13,LAT-004,Latvia,Gulf of Riga,"Gulf of Riga stony coast, waterbodies D&F",,"Gulf of Riga stony coast, waterbodies D&F",308.69830546,436367.284109,1064792248.48,24.3533|57.4483
24.3367,57.5933,2002-05-08T10:55:00Z,2.9,13,LAT-004,Latvia,Gulf of Riga,"Gulf of Riga stony coast, waterbodies D&F",,"Gulf of Riga stony coast, waterbodies D&F",308.69830546,436367.284109,1064792248.48,24.3367|57.5933
24.2976,57.5922,2002-05-08T11:25:00Z,2.4,13,SEA-011,Opensea,Gulf of Riga,Opensea Gulf of Riga,Gulf of Riga,Opensea Gulf of Riga,8674.48923994,954770.496399,30193177349.7,24.2976|57.5922
24.1167,57.6,2002-05-08T12:55:00Z,2.3,13,SEA-011,Opensea,Gulf of Riga,Opensea Gulf of Riga,Gulf of Riga,Opensea Gulf of Riga,8674.48923994,954770.496399,30193177349.7,24.1167|57.6
24.315,57.7467,2002-05-08T15:10:00Z,2.1,13,LAT-004,Latvia,Gulf of Riga,"Gulf of Riga stony coast, waterbodies D&F",,"Gulf of Riga stony coast, waterbodies D&F",308.69830546,436367.284109,1064792248.48,24.315|57.7467
24.3085,57.856,2002-05-08T16:50:00Z,2.8,13,LAT-004,Latvia,Gulf of Riga,"Gulf of Riga stony coast, waterbodies D&F",,"Gulf of Riga stony coast, waterbodies D&F",308.69830546,436367.284109,1064792248.48,24.3085|57.856
24.2433,57.88,2002-05-08T17:50:00Z,2.1,13,SEA-011,Opensea,Gulf of Riga,Opensea Gulf of Riga,Gulf of Riga,Opensea Gulf of Riga,8674.48923994,954770.496399,30193177349.7,24.2433|57.88
24.0665,57.8827,2002-05-08T18:50:00Z,2.1,13,SEA-011,Opensea,Gulf of Riga,Opensea Gulf of Riga,Gulf of Riga,Opensea Gulf of Riga,8674.48923994,954770.496399,30193177349.7,24.0665|57.8827
23.9167,57.85,2002-05-08T20:20:00Z,2.5,13,SEA-011,Opensea,Gulf of Riga,Opensea Gulf of Riga,Gulf of Riga,Opensea Gulf of Riga,8674.48923994,954770.496399,30193177349.7,23.9167|57.85
22.9833,57.5667,2002-05-09T09:30:00Z,3.2,13,SEA-011,Opensea,Gulf of Riga,Opensea Gulf of Riga,Gulf of Riga,Opensea Gulf of Riga,8674.48923994,954770.496399,30193177349.7,22.9833|57.5667
22.8833,57.7976,2002-05-09T12:20:00Z,3,13,SEA-011,Opensea,Gulf of Riga,Opensea Gulf of Riga,Gulf of Riga,Opensea Gulf of Riga,8674.48923994,954770.496399,30193177349.7,22.8833|57.7976
22.6167,57.7333,2002-05-09T14:25:00Z,3.3,9,LAT-003,Latvia,Gulf of Riga,"Gulf of Riga sandy coast, waterbodies C&E",,"Gulf of Riga sandy coast, waterbodies C&E",387.080162999,296440.220511,1327844259.75,22.6167|57.7333
22.8167,57.5333,2002-05-09T16:45:00Z,2.3,9,LAT-003,Latvia,Gulf of Riga,"Gulf of Riga sandy coast, waterbodies C&E",,"Gulf of Riga sandy coast, waterbodies C&E",387.080162999,296440.220511,1327844259.75,22.8167|57.5333
23.07,57.3967,2002-05-09T18:45:00Z,2.5,9,LAT-004,Latvia,Gulf of Riga,"Gulf of Riga stony coast, waterbodies D&F",,"Gulf of Riga stony coast, waterbodies D&F",308.69830546,436367.284109,1064792248.48,23.07|57.3967
23.1765,57.3268,2002-05-09T20:30:00Z,2.6,13,LAT-004,Latvia,Gulf of Riga,"Gulf of Riga stony coast, waterbodies D&F",,"Gulf of Riga stony coast, waterbodies D&F",308.69830546,436367.284109,1064792248.48,23.1765|57.3268
23.2508,57.3331,2002-05-09T21:45:00Z,3,13,SEA-011,Opensea,Gulf of Riga,Opensea Gulf of Riga,Gulf of Riga,Opensea Gulf of Riga,8674.48923994,954770.496399,30193177349.7,23.2508|57.3331
23.7667,57.4167,2002-05-10T05:45:00Z,2.2,13,SEA-011,Opensea,Gulf of Riga,Opensea Gulf of Riga,Gulf of Riga,Opensea Gulf of Riga,8674.48923994,954770.496399,30193177349.7,23.7667|57.4167
23.4833,57.4,2002-05-10T08:05:00Z,2.9,13,SEA-011,Opensea,Gulf of Riga,Opensea Gulf of Riga,Gulf of Riga,Opensea Gulf of Riga,8674.48923994,954770.496399,30193177349.7,23.4833|57.4
23.254,57.1667,2002-05-10T11:40:00Z,2.4,13,LAT-003,Latvia,Gulf of Riga,"Gulf of Riga sandy coast, waterbodies C&E",,"Gulf of Riga sandy coast, waterbodies C&E",387.080162999,296440.220511,1327844259.75,23.254|57.1667
23.3267,57.1682,2002-05-10T12:30:00Z,3,13,SEA-011,Opensea,Gulf of Riga,Opensea Gulf of Riga,Gulf of Riga,Opensea Gulf of Riga,8674.48923994,954770.496399,30193177349.7,23.3267|57.1682
23.6667,57.1667,2002-05-10T14:25:00Z,1.9,19,SEA-011,Opensea,Gulf of Riga,Opensea Gulf of Riga,Gulf of Riga,Opensea Gulf of Riga,8674.48923994,954770.496399,30193177349.7,23.6667|57.1667
23.4867,57.0467,2002-05-10T16:30:00Z,1.9,17,LAT-003,Latvia,Gulf of Riga,"Gulf of Riga sandy coast, waterbodies C&E",,"Gulf of Riga sandy coast, waterbodies C&E",387.080162999,296440.220511,1327844259.75,23.4867|57.0467
23.705,56.9767,2002-05-10T18:15:00Z,2,13,LAT-005,Latvia,Gulf of Riga,Gulf of Riga transitional waters,,Gulf of Riga transitional waters,855.811191767,243360.758113,2896144600.07,23.705|56.9767
23.8129,57.0862,2002-05-10T21:35:00Z,2,17,LAT-005,Latvia,Gulf of Riga,Gulf of Riga transitional waters,,Gulf of Riga transitional waters,855.811191767,243360.758113,2896144600.07,23.8129|57.0862
23.85,57.3,2002-05-11T05:05:00Z,2.4,17,SEA-011,Opensea,Gulf of Riga,Opensea Gulf of Riga,Gulf of Riga,Opensea Gulf of Riga,8674.48923994,954770.496399,30193177349.7,23.85|57.3
23.9333,57.1667,2002-05-11T09:10:00Z,2.4,13,LAT-005,Latvia,Gulf of Riga,Gulf of Riga transitional waters,,Gulf of Riga transitional waters,855.811191767,243360.758113,2896144600.07,23.9333|57.1667
23.9565,57.1243,2002-05-11T10:00:00Z,2.4,15,LAT-005,Latvia,Gulf of Riga,Gulf of Riga transitional waters,,Gulf of Riga transitional waters,855.811191767,243360.758113,2896144600.07,23.9565|57.1243
23.8883,57.055,2002-05-11T11:45:00Z,3,13,LAT-005,Latvia,Gulf of Riga,Gulf of Riga transitional waters,,Gulf of Riga transitional waters,855.811191767,243360.758113,2896144600.07,23.8883|57.055
23.92,57.025,2002-05-11T12:55:00Z,3.2,9,LAT-005,Latvia,Gulf of Riga,Gulf of Riga transitional waters,,Gulf of Riga transitional waters,855.811191767,243360.758113,2896144600.07,23.92|57.025
23.9683,57.0433,2002-05-11T14:10:00Z,4.2,9,LAT-005,Latvia,Gulf of Riga,Gulf of Riga transitional waters,,Gulf of Riga transitional waters,855.811191767,243360.758113,2896144600.07,23.9683|57.0433
23.9792,57.0737,2002-05-11T15:25:00Z,1.9,19,LAT-005,Latvia,Gulf of Riga,Gulf of Riga transitional waters,,Gulf of Riga transitional waters,855.811191767,243360.758113,2896144600.07,23.9792|57.0737
24.0017,57.0833,2002-05-14T15:00:00Z,3.1,13,LAT-005,Latvia,Gulf of Riga,Gulf of Riga transitional waters,,Gulf of Riga transitional waters,855.811191767,243360.758113,2896144600.07,24.0017|57.0833
23.9683,57.0433,2002-05-14T16:15:00Z,2.8,13,LAT-005,Latvia,Gulf of Riga,Gulf of Riga transitional waters,,Gulf of Riga transitional waters,855.811191767,243360.758113,2896144600.07,23.9683|57.0433
24.1066,57.0862,2002-05-15T09:25:00Z,1.8,17,LAT-005,Latvia,Gulf of Riga,Gulf of Riga transitional waters,,Gulf of Riga transitional waters,855.811191767,243360.758113,2896144600.07,24.1066|57.0862
24.0842,57.081,2002-05-15T10:25:00Z,1.7,17,LAT-005,Latvia,Gulf of Riga,Gulf of Riga transitional waters,,Gulf of Riga transitional waters,855.811191767,243360.758113,2896144600.07,24.0842|57.081
24.0347,57.07,2002-05-15T12:00:00Z,1.3,17,LAT-005,Latvia,Gulf of Riga,Gulf of Riga transitional waters,,Gulf of Riga transitional waters,855.811191767,243360.758113,2896144600.07,24.0347|57.07
24.0017,57.0833,2002-05-21T11:20:00Z,2.2,19,LAT-005,Latvia,Gulf of Riga,Gulf of Riga transitional waters,,Gulf of Riga transitional waters,855.811191767,243360.758113,2896144600.07,24.0017|57.0833
23.9833,57.1,2002-05-21T12:00:00Z,2,19,LAT-005,Latvia,Gulf of Riga,Gulf of Riga transitional waters,,Gulf of Riga transitional waters,855.811191767,243360.758113,2896144600.07,23.9833|57.1
24.097,57.0986,2002-05-21T13:05:00Z,2,19,LAT-005,Latvia,Gulf of Riga,Gulf of Riga transitional waters,,Gulf of Riga transitional waters,855.811191767,243360.758113,2896144600.07,24.097|57.0986
24.25,57.1683,2002-05-21T14:20:00Z,1.9,11,LAT-005,Latvia,Gulf of Riga,Gulf of Riga transitional waters,,Gulf of Riga transitional waters,855.811191767,243360.758113,2896144600.07,24.25|57.1683
24.3667,57.24,2002-05-21T15:35:00Z,2.1,13,LAT-005,Latvia,Gulf of Riga,Gulf of Riga transitional waters,,Gulf of Riga transitional waters,855.811191767,243360.758113,2896144600.07,24.3667|57.24
24.3733,57.315,2002-05-21T16:30:00Z,1.9,13,LAT-004,Latvia,Gulf of Riga,"Gulf of Riga stony coast, waterbodies D&F",,"Gulf of Riga stony coast, waterbodies D&F",308.69830546,436367.284109,1064792248.48,24.3733|57.315
24.0833,57.35,2002-05-21T18:10:00Z,3.4,9,SEA-011,Opensea,Gulf of Riga,Opensea Gulf of Riga,Gulf of Riga,Opensea Gulf of Riga,8674.48923994,954770.496399,30193177349.7,24.0833|57.35
24.3367,57.5933,2002-05-21T21:35:00Z,2.3,9,LAT-004,Latvia,Gulf of Riga,"Gulf of Riga stony coast, waterbodies D&F",,"Gulf of Riga stony coast, waterbodies D&F",308.69830546,436367.284109,1064792248.48,24.3367|57.5933
24.1167,57.6,2002-05-22T05:20:00Z,3.2,9,SEA-011,Opensea,Gulf of Riga,Opensea Gulf of Riga,Gulf of Riga,Opensea Gulf of Riga,8674.48923994,954770.496399,30193177349.7,24.1167|57.6
23.6167,57.6167,2002-05-22T07:55:00Z,3.2,9,SEA-011,Opensea,Gulf of Riga,Opensea Gulf of Riga,Gulf of Riga,Opensea Gulf of Riga,8674.48923994,954770.496399,30193177349.7,23.6167|57.6167
23.7667,57.4167,2002-05-22T10:25:00Z,2.9,9,SEA-011,Opensea,Gulf of Riga,Opensea Gulf of Riga,Gulf of Riga,Opensea Gulf of Riga,8674.48923994,954770.496399,30193177349.7,23.7667|57.4167
23.4833,57.4,2002-05-22T12:10:00Z,2.8,9,SEA-011,Opensea,Gulf of Riga,Opensea Gulf of Riga,Gulf of Riga,Opensea Gulf of Riga,8674.48923994,954770.496399,30193177349.7,23.4833|57.4
22.8833,57.7976,2002-05-22T17:00:00Z,3.8,9,SEA-011,Opensea,Gulf of Riga,Opensea Gulf of Riga,Gulf of Riga,Opensea Gulf of Riga,8674.48923994,954770.496399,30193177349.7,22.8833|57.7976
22.8167,57.5333,2002-05-22T19:25:00Z,3.2,13,LAT-003,Latvia,Gulf of Riga,"Gulf of Riga sandy coast, waterbodies C&E",,"Gulf of Riga sandy coast, waterbodies C&E",387.080162999,296440.220511,1327844259.75,22.8167|57.5333
22.9833,57.5667,2002-05-22T20:25:00Z,2.8,9,SEA-011,Opensea,Gulf of Riga,Opensea Gulf of Riga,Gulf of Riga,Opensea Gulf of Riga,8674.48923994,954770.496399,30193177349.7,22.9833|57.5667
23.6667,57.1667,2002-05-23T08:05:00Z,2.6,13,SEA-011,Opensea,Gulf of Riga,Opensea Gulf of Riga,Gulf of Riga,Opensea Gulf of Riga,8674.48923994,954770.496399,30193177349.7,23.6667|57.1667
23.4867,57.0467,2002-05-23T09:35:00Z,2.3,13,LAT-003,Latvia,Gulf of Riga,"Gulf of Riga sandy coast, waterbodies C&E",,"Gulf of Riga sandy coast, waterbodies C&E",387.080162999,296440.220511,1327844259.75,23.4867|57.0467
23.705,56.9767,2002-05-23T10:50:00Z,2.7,11,LAT-005,Latvia,Gulf of Riga,Gulf of Riga transitional waters,,Gulf of Riga transitional waters,855.811191767,243360.758113,2896144600.07,23.705|56.9767
23.7433,56.98,2002-05-23T12:05:00Z,2.7,13,LAT-005,Latvia,Gulf of Riga,Gulf of Riga transitional waters,,Gulf of Riga transitional waters,855.811191767,243360.758113,2896144600.07,23.7433|56.98
23.92,57.025,2002-05-23T13:25:00Z,2.3,19,LAT-005,Latvia,Gulf of Riga,Gulf of Riga transitional waters,,Gulf of Riga transitional waters,855.811191767,243360.758113,2896144600.07,23.92|57.025
23.9683,57.0433,2002-05-23T14:30:00Z,2.5,19,LAT-005,Latvia,Gulf of Riga,Gulf of Riga transitional waters,,Gulf of Riga transitional waters,855.811191767,243360.758113,2896144600.07,23.9683|57.0433
23.9792,57.0737,2002-05-23T15:20:00Z,2.2,21,LAT-005,Latvia,Gulf of Riga,Gulf of Riga transitional waters,,Gulf of Riga transitional waters,855.811191767,243360.758113,2896144600.07,23.9792|57.0737
23.85,57.3,2002-05-23T17:35:00Z,3.8,9,SEA-011,Opensea,Gulf of Riga,Opensea Gulf of Riga,Gulf of Riga,Opensea Gulf of Riga,8674.48923994,954770.496399,30193177349.7,23.85|57.3
24.0017,57.0833,2002-06-04T11:00:00Z,2.3,17,LAT-005,Latvia,Gulf of Riga,Gulf of Riga transitional waters,,Gulf of Riga transitional waters,855.811191767,243360.758113,2896144600.07,24.0017|57.0833
23.9833,57.1,2002-06-04T11:50:00Z,3.6,11,LAT-005,Latvia,Gulf of Riga,Gulf of Riga transitional waters,,Gulf of Riga transitional waters,855.811191767,243360.758113,2896144600.07,23.9833|57.1
24.097,57.0986,2002-06-04T13:45:00Z,3,13,LAT-005,Latvia,Gulf of Riga,Gulf of Riga transitional waters,,Gulf of Riga transitional waters,855.811191767,243360.758113,2896144600.07,24.097|57.0986
24.25,57.1683,2002-06-04T15:05:00Z,2.9,13,LAT-005,Latvia,Gulf of Riga,Gulf of Riga transitional waters,,Gulf of Riga transitional waters,855.811191767,243360.758113,2896144600.07,24.25|57.1683
24.3667,57.24,2002-06-04T16:15:00Z,2.8,13,LAT-005,Latvia,Gulf of Riga,Gulf of Riga transitional waters,,Gulf of Riga transitional waters,855.811191767,243360.758113,2896144600.07,24.3667|57.24
24.3733,57.315,2002-06-04T17:10:00Z,2.9,13,LAT-004,Latvia,Gulf of Riga,"Gulf of Riga stony coast, waterbodies D&F",,"Gulf of Riga stony coast, waterbodies D&F",308.69830546,436367.284109,1064792248.48,24.3733|57.315
24.0833,57.35,2002-06-04T18:45:00Z,2.9,13,SEA-011,Opensea,Gulf of Riga,Opensea Gulf of Riga,Gulf of Riga,Opensea Gulf of Riga,8674.48923994,954770.496399,30193177349.7,24.0833|57.35
24.3533,57.4483,2002-06-04T22:10:00Z,2.8,11,LAT-004,Latvia,Gulf of Riga,"Gulf of Riga stony coast, waterbodies D&F",,"Gulf of Riga stony coast, waterbodies D&F",308.69830546,436367.284109,1064792248.48,24.3533|57.4483
24.3367,57.5933,2002-06-05T06:05:00Z,3,9,LAT-004,Latvia,Gulf of Riga,"Gulf of Riga stony coast, waterbodies D&F",,"Gulf of Riga stony coast, waterbodies D&F",308.69830546,436367.284109,1064792248.48,24.3367|57.5933
24.1167,57.6,2002-06-05T07:15:00Z,2.5,9,SEA-011,Opensea,Gulf of Riga,Opensea Gulf of Riga,Gulf of Riga,Opensea Gulf of Riga,8674.48923994,954770.496399,30193177349.7,24.1167|57.6
23.6167,57.6167,2002-06-05T09:25:00Z,3,9,SEA-011,Opensea,Gulf of Riga,Opensea Gulf of Riga,Gulf of Riga,Opensea Gulf of Riga,8674.48923994,954770.496399,30193177349.7,23.6167|57.6167
22.9833,57.5667,2002-06-05T12:25:00Z,2.8,9,SEA-011,Opensea,Gulf of Riga,Opensea Gulf of Riga,Gulf of Riga,Opensea Gulf of Riga,8674.48923994,954770.496399,30193177349.7,22.9833|57.5667
22.8167,57.5333,2002-06-05T13:40:00Z,3.1,9,LAT-003,Latvia,Gulf of Riga,"Gulf of Riga sandy coast, waterbodies C&E",,"Gulf of Riga sandy coast, waterbodies C&E",387.080162999,296440.220511,1327844259.75,22.8167|57.5333
23.07,57.3967,2002-06-05T15:25:00Z,3.2,13,LAT-004,Latvia,Gulf of Riga,"Gulf of Riga stony coast, waterbodies D&F",,"Gulf of Riga stony coast, waterbodies D&F",308.69830546,436367.284109,1064792248.48,23.07|57.3967
23.4833,57.4,2002-06-05T17:20:00Z,2.8,13,SEA-011,Opensea,Gulf of Riga,Opensea Gulf of Riga,Gulf of Riga,Opensea Gulf of Riga,8674.48923994,954770.496399,30193177349.7,23.4833|57.4
23.1765,57.3268,2002-06-05T20:45:00Z,3,9,LAT-004,Latvia,Gulf of Riga,"Gulf of Riga stony coast, waterbodies D&F",,"Gulf of Riga stony coast, waterbodies D&F",308.69830546,436367.284109,1064792248.48,23.1765|57.3268
23.254,57.1667,2002-06-06T06:05:00Z,3,13,LAT-003,Latvia,Gulf of Riga,"Gulf of Riga sandy coast, waterbodies C&E",,"Gulf of Riga sandy coast, waterbodies C&E",387.080162999,296440.220511,1327844259.75,23.254|57.1667
23.6667,57.1667,2002-06-06T07:55:00Z,3.1,13,SEA-011,Opensea,Gulf of Riga,Opensea Gulf of Riga,Gulf of Riga,Opensea Gulf of Riga,8674.48923994,954770.496399,30193177349.7,23.6667|57.1667
23.4867,57.0467,2002-06-06T09:35:00Z,2.9,13,LAT-003,Latvia,Gulf of Riga,"Gulf of Riga sandy coast, waterbodies C&E",,"Gulf of Riga sandy coast, waterbodies C&E",387.080162999,296440.220511,1327844259.75,23.4867|57.0467
23.705,56.9767,2002-06-06T10:35:00Z,3.1,13,LAT-005,Latvia,Gulf of Riga,Gulf of Riga transitional waters,,Gulf of Riga transitional waters,855.811191767,243360.758113,2896144600.07,23.705|56.9767
23.7433,56.98,2002-06-06T11:45:00Z,3.1,13,LAT-005,Latvia,Gulf of Riga,Gulf of Riga transitional waters,,Gulf of Riga transitional waters,855.811191767,243360.758113,2896144600.07,23.7433|56.98
23.92,57.025,2002-06-06T13:00:00Z,2.5,13,LAT-005,Latvia,Gulf of Riga,Gulf of Riga transitional waters,,Gulf of Riga transitional waters,855.811191767,243360.758113,2896144600.07,23.92|57.025
23.9683,57.0433,2002-06-06T13:45:00Z,3,13,LAT-005,Latvia,Gulf of Riga,Gulf of Riga transitional waters,,Gulf of Riga transitional waters,855.811191767,243360.758113,2896144600.07,23.9683|57.0433
23.9792,57.0737,2002-06-06T14:20:00Z,2,19,LAT-005,Latvia,Gulf of Riga,Gulf of Riga transitional waters,,Gulf of Riga transitional waters,855.811191767,243360.758113,2896144600.07,23.9792|57.0737
23.85,57.3,2002-06-06T16:20:00Z,3,9,SEA-011,Opensea,Gulf of Riga,Opensea Gulf of Riga,Gulf of Riga,Opensea Gulf of Riga,8674.48923994,954770.496399,30193177349.7,23.85|57.3
23.85,57.3,2002-06-18T05:00:00Z,3.1,9,SEA-011,Opensea,Gulf of Riga,Opensea Gulf of Riga,Gulf of Riga,Opensea Gulf of Riga,8674.48923994,954770.496399,30193177349.7,23.85|57.3
24.0017,57.0833,2002-06-18T14:45:00Z,1.8,19,LAT-005,Latvia,Gulf of Riga,Gulf of Riga transitional waters,,Gulf of Riga transitional waters,855.811191767,243360.758113,2896144600.07,24.0017|57.0833
23.9683,57.0433,2002-06-18T15:55:00Z,1.8,13,LAT-005,Latvia,Gulf of Riga,Gulf of Riga transitional waters,,Gulf of Riga transitional waters,855.811191767,243360.758113,2896144600.07,23.9683|57.0433
24.1066,57.0862,2002-06-19T09:35:00Z,1.8,19,LAT-005,Latvia,Gulf of Riga,Gulf of Riga transitional waters,,Gulf of Riga transitional waters,855.811191767,243360.758113,2896144600.07,24.1066|57.0862
24.0842,57.081,2002-06-19T10:40:00Z,2.5,15,LAT-005,Latvia,Gulf of Riga,Gulf of Riga transitional waters,,Gulf of Riga transitional waters,855.811191767,243360.758113,2896144600.07,24.0842|57.081
24.0347,57.07,2002-06-19T00:00:00Z,1.8,15,LAT-005,Latvia,Gulf of Riga,Gulf of Riga transitional waters,,Gulf of Riga transitional waters,855.811191767,243360.758113,2896144600.07,24.0347|57.07
24.0017,57.0833,2002-07-08T11:00:00Z,2.4,13,LAT-005,Latvia,Gulf of Riga,Gulf of Riga transitional waters,,Gulf of Riga transitional waters,855.811191767,243360.758113,2896144600.07,24.0017|57.0833
23.9833,57.1,2002-07-08T11:42:00Z,2.5,11,LAT-005,Latvia,Gulf of Riga,Gulf of Riga transitional waters,,Gulf of Riga transitional waters,855.811191767,243360.758113,2896144600.07,23.9833|57.1
23.9792,57.0737,2002-07-08T13:20:00Z,2,13,LAT-005,Latvia,Gulf of Riga,Gulf of Riga transitional waters,,Gulf of Riga transitional waters,855.811191767,243360.758113,2896144600.07,23.9792|57.0737
23.9683,57.0433,2002-07-08T14:00:00Z,2,13,LAT-005,Latvia,Gulf of Riga,Gulf of Riga transitional waters,,Gulf of Riga transitional waters,855.811191767,243360.758113,2896144600.07,23.9683|57.0433
23.92,57.025,2002-07-08T14:40:00Z,1.4,13,LAT-005,Latvia,Gulf of Riga,Gulf of Riga transitional waters,,Gulf of Riga transitional waters,855.811191767,243360.758113,2896144600.07,23.92|57.025
23.7433,56.98,2002-07-08T16:25:00Z,1.7,13,LAT-005,Latvia,Gulf of Riga,Gulf of Riga transitional waters,,Gulf of Riga transitional waters,855.811191767,243360.758113,2896144600.07,23.7433|56.98
23.705,56.9767,2002-07-08T17:55:00Z,2.2,13,LAT-005,Latvia,Gulf of Riga,Gulf of Riga transitional waters,,Gulf of Riga transitional waters,855.811191767,243360.758113,2896144600.07,23.705|56.9767
23.4867,57.0467,2002-07-08T18:45:00Z,1.7,13,LAT-003,Latvia,Gulf of Riga,"Gulf of Riga sandy coast, waterbodies C&E",,"Gulf of Riga sandy coast, waterbodies C&E",387.080162999,296440.220511,1327844259.75,23.4867|57.0467
23.6667,57.1667,2002-07-08T20:25:00Z,2.9,9,SEA-011,Opensea,Gulf of Riga,Opensea Gulf of Riga,Gulf of Riga,Opensea Gulf of Riga,8674.48923994,954770.496399,30193177349.7,23.6667|57.1667
23.254,57.1667,2002-07-08T22:30:00Z,1.6,15,LAT-003,Latvia,Gulf of Riga,"Gulf of Riga sandy coast, waterbodies C&E",,"Gulf of Riga sandy coast, waterbodies C&E",387.080162999,296440.220511,1327844259.75,23.254|57.1667
23.1765,57.3268,2002-07-09T05:10:00Z,2.1,9,LAT-004,Latvia,Gulf of Riga,"Gulf of Riga stony coast, waterbodies D&F",,"Gulf of Riga stony coast, waterbodies D&F",308.69830546,436367.284109,1064792248.48,23.1765|57.3268
23.07,57.3967,2002-07-09T06:40:00Z,1.8,9,LAT-004,Latvia,Gulf of Riga,"Gulf of Riga stony coast, waterbodies D&F",,"Gulf of Riga stony coast, waterbodies D&F",308.69830546,436367.284109,1064792248.48,23.07|57.3967
22.8167,57.5333,2002-07-09T08:25:00Z,2.4,9,LAT-003,Latvia,Gulf of Riga,"Gulf of Riga sandy coast, waterbodies C&E",,"Gulf of Riga sandy coast, waterbodies C&E",387.080162999,296440.220511,1327844259.75,22.8167|57.5333
22.9833,57.5667,2002-07-09T09:30:00Z,2.1,9,SEA-011,Opensea,Gulf of Riga,Opensea Gulf of Riga,Gulf of Riga,Opensea Gulf of Riga,8674.48923994,954770.496399,30193177349.7,22.9833|57.5667
23.4833,57.4,2002-07-09T12:10:00Z,2.8,9,SEA-011,Opensea,Gulf of Riga,Opensea Gulf of Riga,Gulf of Riga,Opensea Gulf of Riga,8674.48923994,954770.496399,30193177349.7,23.4833|57.4
23.6167,57.6167,2002-07-09T16:10:00Z,2.8,9,SEA-011,Opensea,Gulf of Riga,Opensea Gulf of Riga,Gulf of Riga,Opensea Gulf of Riga,8674.48923994,954770.496399,30193177349.7,23.6167|57.6167
24.1167,57.6,2002-07-09T19:20:00Z,2.2,9,SEA-011,Opensea,Gulf of Riga,Opensea Gulf of Riga,Gulf of Riga,Opensea Gulf of Riga,8674.48923994,954770.496399,30193177349.7,24.1167|57.6
24.3367,57.5933,2002-07-09T20:40:00Z,1.6,9,LAT-004,Latvia,Gulf of Riga,"Gulf of Riga stony coast, waterbodies D&F",,"Gulf of Riga stony coast, waterbodies D&F",308.69830546,436367.284109,1064792248.48,24.3367|57.5933
24.3533,57.4483,2002-07-09T22:00:00Z,2.1,9,LAT-004,Latvia,Gulf of Riga,"Gulf of Riga stony coast, waterbodies D&F",,"Gulf of Riga stony coast, waterbodies D&F",308.69830546,436367.284109,1064792248.48,24.3533|57.4483
23.85,57.3,2002-07-10T05:40:00Z,3,9,SEA-011,Opensea,Gulf of Riga,Opensea Gulf of Riga,Gulf of Riga,Opensea Gulf of Riga,8674.48923994,954770.496399,30193177349.7,23.85|57.3
24.0833,57.35,2002-07-10T07:30:00Z,2.7,9,SEA-011,Opensea,Gulf of Riga,Opensea Gulf of Riga,Gulf of Riga,Opensea Gulf of Riga,8674.48923994,954770.496399,30193177349.7,24.0833|57.35
24.3667,57.24,2002-07-10T11:40:00Z,1.8,9,LAT-005,Latvia,Gulf of Riga,Gulf of Riga transitional waters,,Gulf of Riga transitional waters,855.811191767,243360.758113,2896144600.07,24.3667|57.24
24.25,57.1683,2002-07-10T12:40:00Z,1.8,9,LAT-005,Latvia,Gulf of Riga,Gulf of Riga transitional waters,,Gulf of Riga transitional waters,855.811191767,243360.758113,2896144600.07,24.25|57.1683
24.097,57.0986,2002-07-10T14:15:00Z,2,9,LAT-005,Latvia,Gulf of Riga,Gulf of Riga transitional waters,,Gulf of Riga transitional waters,855.811191767,243360.758113,2896144600.07,24.097|57.0986
23.768,57.3958,2002-07-26T13:05:00Z,4.2,11,SEA-011,Opensea,Gulf of Riga,Opensea Gulf of Riga,Gulf of Riga,Opensea Gulf of Riga,8674.48923994,954770.496399,30193177349.7,23.768|57.3958
23.7951,57.4168,2002-07-26T14:25:00Z,4.2,11,SEA-011,Opensea,Gulf of Riga,Opensea Gulf of Riga,Gulf of Riga,Opensea Gulf of Riga,8674.48923994,954770.496399,30193177349.7,23.7951|57.4168
23.7667,57.4167,2002-07-26T15:50:00Z,4,11,SEA-011,Opensea,Gulf of Riga,Opensea Gulf of Riga,Gulf of Riga,Opensea Gulf of Riga,8674.48923994,954770.496399,30193177349.7,23.7667|57.4167
23.7354,57.4168,2002-07-26T16:55:00Z,5.4,9,SEA-011,Opensea,Gulf of Riga,Opensea Gulf of Riga,Gulf of Riga,Opensea Gulf of Riga,8674.48923994,954770.496399,30193177349.7,23.7354|57.4168
23.7675,57.4339,2002-07-26T18:05:00Z,4.5,11,SEA-011,Opensea,Gulf of Riga,Opensea Gulf of Riga,Gulf of Riga,Opensea Gulf of Riga,8674.48923994,954770.496399,30193177349.7,23.7675|57.4339
23.62,57.6,2002-07-26T20:40:00Z,4,11,SEA-011,Opensea,Gulf of Riga,Opensea Gulf of Riga,Gulf of Riga,Opensea Gulf of Riga,8674.48923994,954770.496399,30193177349.7,23.62|57.6
23.6167,57.6167,2002-07-27T05:30:00Z,3.7,9,SEA-011,Opensea,Gulf of Riga,Opensea Gulf of Riga,Gulf of Riga,Opensea Gulf of Riga,8674.48923994,954770.496399,30193177349.7,23.6167|57.6167
23.585,57.6167,2002-07-27T07:00:00Z,4.5,11,SEA-011,Opensea,Gulf of Riga,Opensea Gulf of Riga,Gulf of Riga,Opensea Gulf of Riga,8674.48923994,954770.496399,30193177349.7,23.585|57.6167
23.6159,57.6333,2002-07-27T08:00:00Z,4.9,11,SEA-011,Opensea,Gulf of Riga,Opensea Gulf of Riga,Gulf of Riga,Opensea Gulf of Riga,8674.48923994,954770.496399,30193177349.7,23.6159|57.6333
23.8496,57.3164,2002-07-27T12:00:00Z,3.9,11,SEA-011,Opensea,Gulf of Riga,Opensea Gulf of Riga,Gulf of Riga,Opensea Gulf of Riga,8674.48923994,954770.496399,30193177349.7,23.8496|57.3164
23.8811,57.2995,2002-07-27T13:15:00Z,4.5,11,SEA-011,Opensea,Gulf of Riga,Opensea Gulf of Riga,Gulf of Riga,Opensea Gulf of Riga,8674.48923994,954770.496399,30193177349.7,23.8811|57.2995
23.85,57.3,2002-07-27T14:15:00Z,4.5,11,SEA-011,Opensea,Gulf of Riga,Opensea Gulf of Riga,Gulf of Riga,Opensea Gulf of Riga,8674.48923994,954770.496399,30193177349.7,23.85|57.3
23.8078,57.2997,2002-07-27T17:30:00Z,4.5,11,SEA-011,Opensea,Gulf of Riga,Opensea Gulf of Riga,Gulf of Riga,Opensea Gulf of Riga,8674.48923994,954770.496399,30193177349.7,23.8078|57.2997
23.8498,57.2832,2002-07-27T18:25:00Z,4.5,11,SEA-011,Opensea,Gulf of Riga,Opensea Gulf of Riga,Gulf of Riga,Opensea Gulf of Riga,8674.48923994,954770.496399,30193177349.7,23.8498|57.2832
23.9333,57.1667,2002-07-27T20:10:00Z,4,11,LAT-005,Latvia,Gulf of Riga,Gulf of Riga transitional waters,,Gulf of Riga transitional waters,855.811191767,243360.758113,2896144600.07,23.9333|57.1667
23.9833,57.1,2002-07-27T21:30:00Z,4,13,LAT-005,Latvia,Gulf of Riga,Gulf of Riga transitional waters,,Gulf of Riga transitional waters,855.811191767,243360.758113,2896144600.07,23.9833|57.1
23.9683,57.0433,2002-07-28T05:30:00Z,2.8,19,LAT-005,Latvia,Gulf of Riga,Gulf of Riga transitional waters,,Gulf of Riga transitional waters,855.811191767,243360.758113,2896144600.07,23.9683|57.0433
24.0017,57.0833,2002-07-28T06:20:00Z,2.5,21,LAT-005,Latvia,Gulf of Riga,Gulf of Riga transitional waters,,Gulf of Riga transitional waters,855.811191767,243360.758113,2896144600.07,24.0017|57.0833
24.1066,57.0862,2002-07-29T10:40:00Z,3,15,LAT-005,Latvia,Gulf of Riga,Gulf of Riga transitional waters,,Gulf of Riga transitional waters,855.811191767,243360.758113,2896144600.07,24.1066|57.0862
24.0842,57.081,2002-07-29T12:00:00Z,2.9,15,LAT-005,Latvia,Gulf of Riga,Gulf of Riga transitional waters,,Gulf of Riga transitional waters,855.811191767,243360.758113,2896144600.07,24.0842|57.081
24.0347,57.07,2002-07-29T14:35:00Z,3,15,LAT-005,Latvia,Gulf of Riga,Gulf of Riga transitional waters,,Gulf of Riga transitional waters,855.811191767,243360.758113,2896144600.07,24.0347|57.07
24.0017,57.0833,2002-08-06T12:45:00Z,2.1,16,LAT-005,Latvia,Gulf of Riga,Gulf of Riga transitional waters,,Gulf of Riga transitional waters,855.811191767,243360.758113,2896144600.07,24.0017|57.0833
23.9833,57.1,2002-08-06T13:45:00Z,2.5,15,LAT-005,Latvia,Gulf of Riga,Gulf of Riga transitional waters,,Gulf of Riga transitional waters,855.811191767,243360.758113,2896144600.07,23.9833|57.1
24.097,57.0986,2002-08-06T15:30:00Z,2.5,15,LAT-005,Latvia,Gulf of Riga,Gulf of Riga transitional waters,,Gulf of Riga transitional waters,855.811191767,243360.758113,2896144600.07,24.097|57.0986
24.25,57.1683,2002-08-06T17:10:00Z,2.2,14,LAT-005,Latvia,Gulf of Riga,Gulf of Riga transitional waters,,Gulf of Riga transitional waters,855.811191767,243360.758113,2896144600.07,24.25|57.1683
24.3667,57.24,2002-08-06T18:15:00Z,2.3,14,LAT-005,Latvia,Gulf of Riga,Gulf of Riga transitional waters,,Gulf of Riga transitional waters,855.811191767,243360.758113,2896144600.07,24.3667|57.24
24.3733,57.315,2002-08-06T19:15:00Z,2.2,14,LAT-004,Latvia,Gulf of Riga,"Gulf of Riga stony coast, waterbodies D&F",,"Gulf of Riga stony coast, waterbodies D&F",308.69830546,436367.284109,1064792248.48,24.3733|57.315
24.0833,57.35,2002-08-06T21:25:00Z,4,13,SEA-011,Opensea,Gulf of Riga,Opensea Gulf of Riga,Gulf of Riga,Opensea Gulf of Riga,8674.48923994,954770.496399,30193177349.7,24.0833|57.35
24.3367,57.5933,2002-08-07T07:40:00Z,2.5,14,LAT-004,Latvia,Gulf of Riga,"Gulf of Riga stony coast, waterbodies D&F",,"Gulf of Riga stony coast, waterbodies D&F",308.69830546,436367.284109,1064792248.48,24.3367|57.5933
24.1167,57.6,2002-08-07T09:00:00Z,3.8,13,SEA-011,Opensea,Gulf of Riga,Opensea Gulf of Riga,Gulf of Riga,Opensea Gulf of Riga,8674.48923994,954770.496399,30193177349.7,24.1167|57.6
24.315,57.7467,2002-08-07T10:50:00Z,2.7,13,LAT-004,Latvia,Gulf of Riga,"Gulf of Riga stony coast, waterbodies D&F",,"Gulf of Riga stony coast, waterbodies D&F",308.69830546,436367.284109,1064792248.48,24.315|57.7467
24.3085,57.856,2002-08-07T12:10:00Z,2.5,13,LAT-004,Latvia,Gulf of Riga,"Gulf of Riga stony coast, waterbodies D&F",,"Gulf of Riga stony coast, waterbodies D&F",308.69830546,436367.284109,1064792248.48,24.3085|57.856
24.2433,57.88,2002-08-07T12:50:00Z,2.8,13,SEA-011,Opensea,Gulf of Riga,Opensea Gulf of Riga,Gulf of Riga,Opensea Gulf of Riga,8674.48923994,954770.496399,30193177349.7,24.2433|57.88
24.0665,57.8827,2002-08-07T14:00:00Z,3.3,13,SEA-011,Opensea,Gulf of Riga,Opensea Gulf of Riga,Gulf of Riga,Opensea Gulf of Riga,8674.48923994,954770.496399,30193177349.7,24.0665|57.8827
23.9167,57.85,2002-08-07T15:00:00Z,3.3,13,SEA-011,Opensea,Gulf of Riga,Opensea Gulf of Riga,Gulf of Riga,Opensea Gulf of Riga,8674.48923994,954770.496399,30193177349.7,23.9167|57.85
23.6167,57.6167,2002-08-08T08:15:00Z,3.7,14,SEA-011,Opensea,Gulf of Riga,Opensea Gulf of Riga,Gulf of Riga,Opensea Gulf of Riga,8674.48923994,954770.496399,30193177349.7,23.6167|57.6167
23.7667,57.4167,2002-08-08T11:40:00Z,3.7,14,SEA-011,Opensea,Gulf of Riga,Opensea Gulf of Riga,Gulf of Riga,Opensea Gulf of Riga,8674.48923994,954770.496399,30193177349.7,23.7667|57.4167
23.4833,57.4,2002-08-08T13:20:00Z,3.2,13,SEA-011,Opensea,Gulf of Riga,Opensea Gulf of Riga,Gulf of Riga,Opensea Gulf of Riga,8674.48923994,954770.496399,30193177349.7,23.4833|57.4
22.9833,57.5667,2002-08-08T18:25:00Z,3.1,15,SEA-011,Opensea,Gulf of Riga,Opensea Gulf of Riga,Gulf of Riga,Opensea Gulf of Riga,8674.48923994,954770.496399,30193177349.7,22.9833|57.5667
22.8833,57.7976,2002-08-08T21:10:00Z,3.2,13,SEA-011,Opensea,Gulf of Riga,Opensea Gulf of Riga,Gulf of Riga,Opensea Gulf of Riga,8674.48923994,954770.496399,30193177349.7,22.8833|57.7976
22.8167,57.5333,2002-08-09T05:25:00Z,3.2,15,LAT-003,Latvia,Gulf of Riga,"Gulf of Riga sandy coast, waterbodies C&E",,"Gulf of Riga sandy coast, waterbodies C&E",387.080162999,296440.220511,1327844259.75,22.8167|57.5333
23.07,57.3967,2002-08-09T07:05:00Z,3.5,14,LAT-004,Latvia,Gulf of Riga,"Gulf of Riga stony coast, waterbodies D&F",,"Gulf of Riga stony coast, waterbodies D&F",308.69830546,436367.284109,1064792248.48,23.07|57.3967
23.1765,57.3268,2002-08-09T08:20:00Z,3.5,14,LAT-004,Latvia,Gulf of Riga,"Gulf of Riga stony coast, waterbodies D&F",,"Gulf of Riga stony coast, waterbodies D&F",308.69830546,436367.284109,1064792248.48,23.1765|57.3268
23.254,57.1667,2002-08-09T10:00:00Z,2.5,16,LAT-003,Latvia,Gulf of Riga,"Gulf of Riga sandy coast, waterbodies C&E",,"Gulf of Riga sandy coast, waterbodies C&E",387.080162999,296440.220511,1327844259.75,23.254|57.1667
23.4867,57.0467,2002-08-09T11:40:00Z,3,14,LAT-003,Latvia,Gulf of Riga,"Gulf of Riga sandy coast, waterbodies C&E",,"Gulf of Riga sandy coast, waterbodies C&E",387.080162999,296440.220511,1327844259.75,23.4867|57.0467
23.705,56.9767,2002-08-09T12:45:00Z,2.5,15,LAT-005,Latvia,Gulf of Riga,Gulf of Riga transitional waters,,Gulf of Riga transitional waters,855.811191767,243360.758113,2896144600.07,23.705|56.9767
23.7433,56.98,2002-08-09T13:45:00Z,2.8,16,LAT-005,Latvia,Gulf of Riga,Gulf of Riga transitional waters,,Gulf of Riga transitional waters,855.811191767,243360.758113,2896144600.07,23.7433|56.98
23.92,57.025,2002-08-09T14:50:00Z,3,16,LAT-005,Latvia,Gulf of Riga,Gulf of Riga transitional waters,,Gulf of Riga transitional waters,855.811191767,243360.758113,2896144600.07,23.92|57.025
23.9683,57.0433,2002-08-09T15:30:00Z,3.2,16,LAT-005,Latvia,Gulf of Riga,Gulf of Riga transitional waters,,Gulf of Riga transitional waters,855.811191767,243360.758113,2896144600.07,23.9683|57.0433
23.9792,57.0737,2002-08-09T16:10:00Z,2.1,17,LAT-005,Latvia,Gulf of Riga,Gulf of Riga transitional waters,,Gulf of Riga transitional waters,855.811191767,243360.758113,2896144600.07,23.9792|57.0737
23.6667,57.1667,2002-08-09T17:15:00Z,3,14,SEA-011,Opensea,Gulf of Riga,Opensea Gulf of Riga,Gulf of Riga,Opensea Gulf of Riga,8674.48923994,954770.496399,30193177349.7,23.6667|57.1667
23.85,57.3,2002-08-09T20:00:00Z,3.5,15,SEA-011,Opensea,Gulf of Riga,Opensea Gulf of Riga,Gulf of Riga,Opensea Gulf of Riga,8674.48923994,954770.496399,30193177349.7,23.85|57.3
23.9333,57.1667,2002-08-10T09:05:00Z,3.6,15,LAT-005,Latvia,Gulf of Riga,Gulf of Riga transitional waters,,Gulf of Riga transitional waters,855.811191767,243360.758113,2896144600.07,23.9333|57.1667
24.2167,57.1833,2002-08-20T06:55:00Z,4,9,LAT-005,Latvia,Gulf of Riga,Gulf of Riga transitional waters,,Gulf of Riga transitional waters,855.811191767,243360.758113,2896144600.07,24.2167|57.1833
23.8811,57.2995,2002-08-20T13:30:00Z,5.2,9,SEA-011,Opensea,Gulf of Riga,Opensea Gulf of Riga,Gulf of Riga,Opensea Gulf of Riga,8674.48923994,954770.496399,30193177349.7,23.8811|57.2995
23.8496,57.3164,2002-08-20T14:35:00Z,4.6,9,SEA-011,Opensea,Gulf of Riga,Opensea Gulf of Riga,Gulf of Riga,Opensea Gulf of Riga,8674.48923994,954770.496399,30193177349.7,23.8496|57.3164
23.8078,57.2997,2002-08-20T15:20:00Z,5.2,9,SEA-011,Opensea,Gulf of Riga,Opensea Gulf of Riga,Gulf of Riga,Opensea Gulf of Riga,8674.48923994,954770.496399,30193177349.7,23.8078|57.2997
23.85,57.3,2002-08-20T15:45:00Z,5.1,9,SEA-011,Opensea,Gulf of Riga,Opensea Gulf of Riga,Gulf of Riga,Opensea Gulf of Riga,8674.48923994,954770.496399,30193177349.7,23.85|57.3
23.9833,57.1,2002-08-20T19:35:00Z,3.5,9,LAT-005,Latvia,Gulf of Riga,Gulf of Riga transitional waters,,Gulf of Riga transitional waters,855.811191767,243360.758113,2896144600.07,23.9833|57.1
23.8883,57.055,2002-08-21T07:30:00Z,3.9,9,LAT-005,Latvia,Gulf of Riga,Gulf of Riga transitional waters,,Gulf of Riga transitional waters,855.811191767,243360.758113,2896144600.07,23.8883|57.055
23.9683,57.0433,2002-08-21T12:15:00Z,3.7,9,LAT-005,Latvia,Gulf of Riga,Gulf of Riga transitional waters,,Gulf of Riga transitional waters,855.811191767,243360.758113,2896144600.07,23.9683|57.0433
24.0017,57.0833,2002-08-21T16:35:00Z,2.1,9,LAT-005,Latvia,Gulf of Riga,Gulf of Riga transitional waters,,Gulf of Riga transitional waters,855.811191767,243360.758113,2896144600.07,24.0017|57.0833
24.1066,57.0862,2002-08-22T08:40:00Z,3,11,LAT-005,Latvia,Gulf of Riga,Gulf of Riga transitional waters,,Gulf of Riga transitional waters,855.811191767,243360.758113,2896144600.07,24.1066|57.0862
24.0842,57.081,2002-08-22T09:50:00Z,2.9,15,LAT-005,Latvia,Gulf of Riga,Gulf of Riga transitional waters,,Gulf of Riga transitional waters,855.811191767,243360.758113,2896144600.07,24.0842|57.081
24.0347,57.07,2002-08-22T10:50:00Z,2.8,15,LAT-005,Latvia,Gulf of Riga,Gulf of Riga transitional waters,,Gulf of Riga transitional waters,855.811191767,243360.758113,2896144600.07,24.0347|57.07
24.0017,57.0833,2002-09-03T11:25:00Z,3,11,LAT-005,Latvia,Gulf of Riga,Gulf of Riga transitional waters,,Gulf of Riga transitional waters,855.811191767,243360.758113,2896144600.07,24.0017|57.0833
23.9833,57.1,2002-09-03T12:25:00Z,4,11,LAT-005,Latvia,Gulf of Riga,Gulf of Riga transitional waters,,Gulf of Riga transitional waters,855.811191767,243360.758113,2896144600.07,23.9833|57.1
24.097,57.0986,2002-09-03T14:20:00Z,2.3,9,LAT-005,Latvia,Gulf of Riga,Gulf of Riga transitional waters,,Gulf of Riga transitional waters,855.811191767,243360.758113,2896144600.07,24.097|57.0986
24.25,57.1683,2002-09-03T15:45:00Z,2.8,11,LAT-005,Latvia,Gulf of Riga,Gulf of Riga transitional waters,,Gulf of Riga transitional waters,855.811191767,243360.758113,2896144600.07,24.25|57.1683
24.3667,57.24,2002-09-03T17:15:00Z,2.8,9,LAT-005,Latvia,Gulf of Riga,Gulf of Riga transitional waters,,Gulf of Riga transitional waters,855.811191767,243360.758113,2896144600.07,24.3667|57.24
24.3733,57.315,2002-09-03T18:10:00Z,4,9,LAT-004,Latvia,Gulf of Riga,"Gulf of Riga stony coast, waterbodies D&F",,"Gulf of Riga stony coast, waterbodies D&F",308.69830546,436367.284109,1064792248.48,24.3733|57.315
24.0833,57.35,2002-09-03T20:15:00Z,4.5,9,SEA-011,Opensea,Gulf of Riga,Opensea Gulf of Riga,Gulf of Riga,Opensea Gulf of Riga,8674.48923994,954770.496399,30193177349.7,24.0833|57.35
24.3367,57.5933,2002-09-04T06:45:00Z,2.8,11,LAT-004,Latvia,Gulf of Riga,"Gulf of Riga stony coast, waterbodies D&F",,"Gulf of Riga stony coast, waterbodies D&F",308.69830546,436367.284109,1064792248.48,24.3367|57.5933
24.1167,57.6,2002-09-04T07:50:00Z,4,13,SEA-011,Opensea,Gulf of Riga,Opensea Gulf of Riga,Gulf of Riga,Opensea Gulf of Riga,8674.48923994,954770.496399,30193177349.7,24.1167|57.6
23.6167,57.6167,2002-09-04T10:30:00Z,4.5,9,SEA-011,Opensea,Gulf of Riga,Opensea Gulf of Riga,Gulf of Riga,Opensea Gulf of Riga,8674.48923994,954770.496399,30193177349.7,23.6167|57.6167
22.9833,57.5667,2002-09-04T15:25:00Z,4.5,9,SEA-011,Opensea,Gulf of Riga,Opensea Gulf of Riga,Gulf of Riga,Opensea Gulf of Riga,8674.48923994,954770.496399,30193177349.7,22.9833|57.5667
22.8167,57.5333,2002-09-04T16:47:00Z,4,11,LAT-003,Latvia,Gulf of Riga,"Gulf of Riga sandy coast, waterbodies C&E",,"Gulf of Riga sandy coast, waterbodies C&E",387.080162999,296440.220511,1327844259.75,22.8167|57.5333
23.07,57.3967,2002-09-04T18:44:00Z,3.7,9,LAT-004,Latvia,Gulf of Riga,"Gulf of Riga stony coast, waterbodies D&F",,"Gulf of Riga stony coast, waterbodies D&F",308.69830546,436367.284109,1064792248.48,23.07|57.3967
23.4833,57.4,2002-09-05T06:25:00Z,4.2,9,SEA-011,Opensea,Gulf of Riga,Opensea Gulf of Riga,Gulf of Riga,Opensea Gulf of Riga,8674.48923994,954770.496399,30193177349.7,23.4833|57.4
23.7667,57.4167,2002-09-05T10:30:00Z,4.3,11,SEA-011,Opensea,Gulf of Riga,Opensea Gulf of Riga,Gulf of Riga,Opensea Gulf of Riga,8674.48923994,954770.496399,30193177349.7,23.7667|57.4167
23.85,57.3,2002-09-05T13:00:00Z,4.2,9,SEA-011,Opensea,Gulf of Riga,Opensea Gulf of Riga,Gulf of Riga,Opensea Gulf of Riga,8674.48923994,954770.496399,30193177349.7,23.85|57.3
23.6667,57.1667,2002-09-05T16:50:00Z,3.9,9,SEA-011,Opensea,Gulf of Riga,Opensea Gulf of Riga,Gulf of Riga,Opensea Gulf of Riga,8674.48923994,954770.496399,30193177349.7,23.6667|57.1667
23.4867,57.0467,2002-09-05T18:22:00Z,3.7,11,LAT-003,Latvia,Gulf of Riga,"Gulf of Riga sandy coast, waterbodies C&E",,"Gulf of Riga sandy coast, waterbodies C&E",387.080162999,296440.220511,1327844259.75,23.4867|57.0467
23.705,56.9767,2002-09-05T19:25:00Z,3.1,11,LAT-005,Latvia,Gulf of Riga,Gulf of Riga transitional waters,,Gulf of Riga transitional waters,855.811191767,243360.758113,2896144600.07,23.705|56.9767
23.7433,56.98,2002-09-05T20:30:00Z,2.9,11,LAT-005,Latvia,Gulf of Riga,Gulf of Riga transitional waters,,Gulf of Riga transitional waters,855.811191767,243360.758113,2896144600.07,23.7433|56.98
23.92,57.025,2002-09-06T06:55:00Z,3.7,11,LAT-005,Latvia,Gulf of Riga,Gulf of Riga transitional waters,,Gulf of Riga transitional waters,855.811191767,243360.758113,2896144600.07,23.92|57.025
23.9683,57.0433,2002-09-06T07:50:00Z,3.5,11,LAT-005,Latvia,Gulf of Riga,Gulf of Riga transitional waters,,Gulf of Riga transitional waters,855.811191767,243360.758113,2896144600.07,23.9683|57.0433
23.9792,57.0737,2002-09-06T08:40:00Z,2.7,12,LAT-005,Latvia,Gulf of Riga,Gulf of Riga transitional waters,,Gulf of Riga transitional waters,855.811191767,243360.758113,2896144600.07,23.9792|57.0737
23.85,57.3,2002-09-17T12:50:00Z,4.1,9,SEA-011,Opensea,Gulf of Riga,Opensea Gulf of Riga,Gulf of Riga,Opensea Gulf of Riga,8674.48923994,954770.496399,30193177349.7,23.85|57.3
23.9333,57.1667,2002-09-17T16:45:00Z,5,9,LAT-005,Latvia,Gulf of Riga,Gulf of Riga transitional waters,,Gulf of Riga transitional waters,855.811191767,243360.758113,2896144600.07,23.9333|57.1667
23.9423,57.1477,2002-09-17T17:15:00Z,4.5,11,LAT-005,Latvia,Gulf of Riga,Gulf of Riga transitional waters,,Gulf of Riga transitional waters,855.811191767,243360.758113,2896144600.07,23.9423|57.1477
23.9833,57.1,2002-09-17T17:50:00Z,4.1,11,LAT-005,Latvia,Gulf of Riga,Gulf of Riga transitional waters,,Gulf of Riga transitional waters,855.811191767,243360.758113,2896144600.07,23.9833|57.1
23.9859,57.094,2002-09-17T18:15:00Z,4.5,9,LAT-005,Latvia,Gulf of Riga,Gulf of Riga transitional waters,,Gulf of Riga transitional waters,855.811191767,243360.758113,2896144600.07,23.9859|57.094
23.9922,57.0753,2002-09-17T18:30:00Z,3,11,LAT-005,Latvia,Gulf of Riga,Gulf of Riga transitional waters,,Gulf of Riga transitional waters,855.811191767,243360.758113,2896144600.07,23.9922|57.0753
24.001,57.0711,2002-09-17T18:45:00Z,2.7,19,LAT-005,Latvia,Gulf of Riga,Gulf of Riga transitional waters,,Gulf of Riga transitional waters,855.811191767,243360.758113,2896144600.07,24.001|57.0711
24.0017,57.0833,2002-09-18T08:00:00Z,3.4,11,LAT-005,Latvia,Gulf of Riga,Gulf of Riga transitional waters,,Gulf of Riga transitional waters,855.811191767,243360.758113,2896144600.07,24.0017|57.0833
24.1066,57.0862,2002-09-20T12:10:00Z,2.4,11,LAT-005,Latvia,Gulf of Riga,Gulf of Riga transitional waters,,Gulf of Riga transitional waters,855.811191767,243360.758113,2896144600.07,24.1066|57.0862
24.0842,57.081,2002-09-20T13:10:00Z,2.3,15,LAT-005,Latvia,Gulf of Riga,Gulf of Riga transitional waters,,Gulf of Riga transitional waters,855.811191767,243360.758113,2896144600.07,24.0842|57.081
24.0347,57.07,2002-09-20T14:00:00Z,2.6,11,LAT-005,Latvia,Gulf of Riga,Gulf of Riga transitional waters,,Gulf of Riga transitional waters,855.811191767,243360.758113,2896144600.07,24.0347|57.07
23.9683,57.0433,2002-10-02T11:10:00Z,2.1,13,LAT-005,Latvia,Gulf of Riga,Gulf of Riga transitional waters,,Gulf of Riga transitional waters,855.811191767,243360.758113,2896144600.07,23.9683|57.0433
24.0017,57.0833,2002-10-02T12:10:00Z,2.6,13,LAT-005,Latvia,Gulf of Riga,Gulf of Riga transitional waters,,Gulf of Riga transitional waters,855.811191767,243360.758113,2896144600.07,24.0017|57.0833
24.097,57.0986,2002-10-02T12:55:00Z,2.6,13,LAT-005,Latvia,Gulf of Riga,Gulf of Riga transitional waters,,Gulf of Riga transitional waters,855.811191767,243360.758113,2896144600.07,24.097|57.0986
23.85,57.3,2002-10-11T13:00:00Z,4.1,9,SEA-011,Opensea,Gulf of Riga,Opensea Gulf of Riga,Gulf of Riga,Opensea Gulf of Riga,8674.48923994,954770.496399,30193177349.7,23.85|57.3
24.0017,57.0833,2002-10-11T18:00:00Z,2.6,13,LAT-005,Latvia,Gulf of Riga,Gulf of Riga transitional waters,,Gulf of Riga transitional waters,855.811191767,243360.758113,2896144600.07,24.0017|57.0833
23.6667,57.1667,2002-10-16T12:20:00Z,4.3,11,SEA-011,Opensea,Gulf of Riga,Opensea Gulf of Riga,Gulf of Riga,Opensea Gulf of Riga,8674.48923994,954770.496399,30193177349.7,23.6667|57.1667
23.85,57.3,2002-10-16T14:20:00Z,3.5,9,SEA-011,Opensea,Gulf of Riga,Opensea Gulf of Riga,Gulf of Riga,Opensea Gulf of Riga,8674.48923994,954770.496399,30193177349.7,23.85|57.3
23.4833,57.4,2002-10-16T16:55:00Z,4,9,SEA-011,Opensea,Gulf of Riga,Opensea Gulf of Riga,Gulf of Riga,Opensea Gulf of Riga,8674.48923994,954770.496399,30193177349.7,23.4833|57.4
24.1167,57.6,2002-10-17T07:40:00Z,4.5,9,SEA-011,Opensea,Gulf of Riga,Opensea Gulf of Riga,Gulf of Riga,Opensea Gulf of Riga,8674.48923994,954770.496399,30193177349.7,24.1167|57.6
24.0833,57.35,2002-10-17T10:05:00Z,3.5,9,SEA-011,Opensea,Gulf of Riga,Opensea Gulf of Riga,Gulf of Riga,Opensea Gulf of Riga,8674.48923994,954770.496399,30193177349.7,24.0833|57.35
23.9833,57.1,2002-10-17T12:17:00Z,2.5,13,LAT-005,Latvia,Gulf of Riga,Gulf of Riga transitional waters,,Gulf of Riga transitional waters,855.811191767,243360.758113,2896144600.07,23.9833|57.1
24.0017,57.0833,2002-10-17T13:15:00Z,2,13,LAT-005,Latvia,Gulf of Riga,Gulf of Riga transitional waters,,Gulf of Riga transitional waters,855.811191767,243360.758113,2896144600.07,24.0017|57.0833
24.0017,57.0833,2002-11-08T11:00:00Z,3,17,LAT-005,Latvia,Gulf of Riga,Gulf of Riga transitional waters,,Gulf of Riga transitional waters,855.811191767,243360.758113,2896144600.07,24.0017|57.0833
23.9833,57.1,2002-11-08T12:20:00Z,2.9,17,LAT-005,Latvia,Gulf of Riga,Gulf of Riga transitional waters,,Gulf of Riga transitional waters,855.811191767,243360.758113,2896144600.07,23.9833|57.1
23.9792,57.0737,2002-11-08T14:10:00Z,2.9,17,LAT-005,Latvia,Gulf of Riga,Gulf of Riga transitional waters,,Gulf of Riga transitional waters,855.811191767,243360.758113,2896144600.07,23.9792|57.0737
23.92,57.025,2002-11-08T15:15:00Z,2.6,16,LAT-005,Latvia,Gulf of Riga,Gulf of Riga transitional waters,,Gulf of Riga transitional waters,855.811191767,243360.758113,2896144600.07,23.92|57.025
23.7433,56.98,2002-11-08T16:25:00Z,2.8,15,LAT-005,Latvia,Gulf of Riga,Gulf of Riga transitional waters,,Gulf of Riga transitional waters,855.811191767,243360.758113,2896144600.07,23.7433|56.98
23.1765,57.3268,2002-11-09T07:55:00Z,3,15,LAT-004,Latvia,Gulf of Riga,"Gulf of Riga stony coast, waterbodies D&F",,"Gulf of Riga stony coast, waterbodies D&F",308.69830546,436367.284109,1064792248.48,23.1765|57.3268
23.85,57.3,2002-11-09T11:55:00Z,3.1,15,SEA-011,Opensea,Gulf of Riga,Opensea Gulf of Riga,Gulf of Riga,Opensea Gulf of Riga,8674.48923994,954770.496399,30193177349.7,23.85|57.3
24.0833,57.35,2002-11-09T14:35:00Z,3,15,SEA-011,Opensea,Gulf of Riga,Opensea Gulf of Riga,Gulf of Riga,Opensea Gulf of Riga,8674.48923994,954770.496399,30193177349.7,24.0833|57.35
24.3667,57.24,2002-11-10T07:50:00Z,2.9,16,LAT-005,Latvia,Gulf of Riga,Gulf of Riga transitional waters,,Gulf of Riga transitional waters,855.811191767,243360.758113,2896144600.07,24.3667|57.24
24.3533,57.4483,2002-11-10T09:45:00Z,3.1,15,LAT-004,Latvia,Gulf of Riga,"Gulf of Riga stony coast, waterbodies D&F",,"Gulf of Riga stony coast, waterbodies D&F",308.69830546,436367.284109,1064792248.48,24.3533|57.4483
24.3367,57.5933,2002-11-10T11:10:00Z,2.7,14,LAT-004,Latvia,Gulf of Riga,"Gulf of Riga stony coast, waterbodies D&F",,"Gulf of Riga stony coast, waterbodies D&F",308.69830546,436367.284109,1064792248.48,24.3367|57.5933
24.1167,57.6,2002-11-10T12:20:00Z,3,14,SEA-011,Opensea,Gulf of Riga,Opensea Gulf of Riga,Gulf of Riga,Opensea Gulf of Riga,8674.48923994,954770.496399,30193177349.7,24.1167|57.6
24.315,57.7467,2002-11-10T14:15:00Z,2.8,15,LAT-004,Latvia,Gulf of Riga,"Gulf of Riga stony coast, waterbodies D&F",,"Gulf of Riga stony coast, waterbodies D&F",308.69830546,436367.284109,1064792248.48,24.315|57.7467
24.3085,57.856,2002-11-10T15:40:00Z,2.2,15,LAT-004,Latvia,Gulf of Riga,"Gulf of Riga stony coast, waterbodies D&F",,"Gulf of Riga stony coast, waterbodies D&F",308.69830546,436367.284109,1064792248.48,24.3085|57.856
24.2433,57.88,2002-11-10T16:15:00Z,3.3,14,SEA-011,Opensea,Gulf of Riga,Opensea Gulf of Riga,Gulf of Riga,Opensea Gulf of Riga,8674.48923994,954770.496399,30193177349.7,24.2433|57.88
23.7667,57.4167,2002-11-11T07:35:00Z,2.8,15,SEA-011,Opensea,Gulf of Riga,Opensea Gulf of Riga,Gulf of Riga,Opensea Gulf of Riga,8674.48923994,954770.496399,30193177349.7,23.7667|57.4167
24.25,57.1683,2002-11-11T10:50:00Z,2.9,17,LAT-005,Latvia,Gulf of Riga,Gulf of Riga transitional waters,,Gulf of Riga transitional waters,855.811191767,243360.758113,2896144600.07,24.25|57.1683
24.097,57.0986,2002-11-11T12:15:00Z,3,16,LAT-005,Latvia,Gulf of Riga,Gulf of Riga transitional waters,,Gulf of Riga transitional waters,855.811191767,243360.758113,2896144600.07,24.097|57.0986
23.9333,57.1667,2002-11-11T13:30:00Z,3,16,LAT-005,Latvia,Gulf of Riga,Gulf of Riga transitional waters,,Gulf of Riga transitional waters,855.811191767,243360.758113,2896144600.07,23.9333|57.1667
23.4867,57.0467,2002-11-21T13:10:00Z,3.1,9,LAT-003,Latvia,Gulf of Riga,"Gulf of Riga sandy coast, waterbodies C&E",,"Gulf of Riga sandy coast, waterbodies C&E",387.080162999,296440.220511,1327844259.75,23.4867|57.0467
23.254,57.1667,2002-11-21T14:55:00Z,2.5,9,LAT-003,Latvia,Gulf of Riga,"Gulf of Riga sandy coast, waterbodies C&E",,"Gulf of Riga sandy coast, waterbodies C&E",387.080162999,296440.220511,1327844259.75,23.254|57.1667
23.85,57.3,2002-11-22T08:30:00Z,2.8,9,SEA-011,Opensea,Gulf of Riga,Opensea Gulf of Riga,Gulf of Riga,Opensea Gulf of Riga,8674.48923994,954770.496399,30193177349.7,23.85|57.3
24.0017,57.0833,2002-11-22T12:00:00Z,2.5,11,LAT-005,Latvia,Gulf of Riga,Gulf of Riga transitional waters,,Gulf of Riga transitional waters,855.811191767,243360.758113,2896144600.07,24.0017|57.0833
23.85,57.3,2002-12-05T12:10:00Z,2.8,13,SEA-011,Opensea,Gulf of Riga,Opensea Gulf of Riga,Gulf of Riga,Opensea Gulf of Riga,8674.48923994,954770.496399,30193177349.7,23.85|57.3
24.0017,57.0833,2002-12-05T16:00:00Z,2.9,9,LAT-005,Latvia,Gulf of Riga,Gulf of Riga transitional waters,,Gulf of Riga transitional waters,855.811191767,243360.758113,2896144600.07,24.0017|57.0833
24.0017,57.0833,2008-01-08T10:35:00Z,2,19,LAT-005,Latvia,Gulf of Riga,Gulf of Riga transitional waters,,Gulf of Riga transitional waters,855.811191767,243360.758113,2896144600.07,24.0017|57.0833
23.9833,57.1,2008-01-08T11:35:00Z,2.8,15,LAT-005,Latvia,Gulf of Riga,Gulf of Riga transitional waters,,Gulf of Riga transitional waters,855.811191767,243360.758113,2896144600.07,23.9833|57.1
23.9333,57.1667,2008-01-08T12:50:00Z,1.9,15,LAT-005,Latvia,Gulf of Riga,Gulf of Riga transitional waters,,Gulf of Riga transitional waters,855.811191767,243360.758113,2896144600.07,23.9333|57.1667
23.85,57.3,2008-01-08T14:35:00Z,2.2,13,SEA-011,Opensea,Gulf of Riga,Opensea Gulf of Riga,Gulf of Riga,Opensea Gulf of Riga,8674.48923994,954770.496399,30193177349.7,23.85|57.3
22.41,57.8433,2008-03-13T15:40:00Z,2.2,13,SEA-011,Opensea,Gulf of Riga,Opensea Gulf of Riga,Gulf of Riga,Opensea Gulf of Riga,8674.48923994,954770.496399,30193177349.7,22.41|57.8433
22.8833,57.7976,2008-03-13T18:45:00Z,2,13,SEA-011,Opensea,Gulf of Riga,Opensea Gulf of Riga,Gulf of Riga,Opensea Gulf of Riga,8674.48923994,954770.496399,30193177349.7,22.8833|57.7976
22.9833,57.5667,2008-03-14T08:10:00Z,3,11,SEA-011,Opensea,Gulf of Riga,Opensea Gulf of Riga,Gulf of Riga,Opensea Gulf of Riga,8674.48923994,954770.496399,30193177349.7,22.9833|57.5667
23.6167,57.6167,2008-03-14T11:35:00Z,3,11,SEA-011,Opensea,Gulf of Riga,Opensea Gulf of Riga,Gulf of Riga,Opensea Gulf of Riga,8674.48923994,954770.496399,30193177349.7,23.6167|57.6167
23.4833,57.4,2008-03-14T14:50:00Z,3,13,SEA-011,Opensea,Gulf of Riga,Opensea Gulf of Riga,Gulf of Riga,Opensea Gulf of Riga,8674.48923994,954770.496399,30193177349.7,23.4833|57.4
23.07,57.3967,2008-03-14T17:00:00Z,3.2,13,LAT-004,Latvia,Gulf of Riga,"Gulf of Riga stony coast, waterbodies D&F",,"Gulf of Riga stony coast, waterbodies D&F",308.69830546,436367.284109,1064792248.48,23.07|57.3967
23.254,57.1667,2008-03-15T08:00:00Z,2.5,13,LAT-003,Latvia,Gulf of Riga,"Gulf of Riga sandy coast, waterbodies C&E",,"Gulf of Riga sandy coast, waterbodies C&E",387.080162999,296440.220511,1327844259.75,23.254|57.1667
23.4867,57.0467,2008-03-15T10:00:00Z,3,13,LAT-003,Latvia,Gulf of Riga,"Gulf of Riga sandy coast, waterbodies C&E",,"Gulf of Riga sandy coast, waterbodies C&E",387.080162999,296440.220511,1327844259.75,23.4867|57.0467
23.7433,56.98,2008-03-15T12:00:00Z,2.8,19,LAT-005,Latvia,Gulf of Riga,Gulf of Riga transitional waters,,Gulf of Riga transitional waters,855.811191767,243360.758113,2896144600.07,23.7433|56.98
23.92,57.025,2008-03-15T13:20:00Z,1.5,21,LAT-005,Latvia,Gulf of Riga,Gulf of Riga transitional waters,,Gulf of Riga transitional waters,855.811191767,243360.758113,2896144600.07,23.92|57.025
23.8883,57.055,2008-03-15T14:10:00Z,1.7,21,LAT-005,Latvia,Gulf of Riga,Gulf of Riga transitional waters,,Gulf of Riga transitional waters,855.811191767,243360.758113,2896144600.07,23.8883|57.055
24.0017,57.0833,2008-03-15T15:20:00Z,1,21,LAT-005,Latvia,Gulf of Riga,Gulf of Riga transitional waters,,Gulf of Riga transitional waters,855.811191767,243360.758113,2896144600.07,24.0017|57.0833
23.9833,57.1,2008-03-15T16:05:00Z,1.5,21,LAT-005,Latvia,Gulf of Riga,Gulf of Riga transitional waters,,Gulf of Riga transitional waters,855.811191767,243360.758113,2896144600.07,23.9833|57.1
23.9333,57.1667,2008-03-15T17:25:00Z,1.2,21,LAT-005,Latvia,Gulf of Riga,Gulf of Riga transitional waters,,Gulf of Riga transitional waters,855.811191767,243360.758113,2896144600.07,23.9333|57.1667
24.0833,57.35,2008-03-16T08:00:00Z,3,11,SEA-011,Opensea,Gulf of Riga,Opensea Gulf of Riga,Gulf of Riga,Opensea Gulf of Riga,8674.48923994,954770.496399,30193177349.7,24.0833|57.35
24.3533,57.4483,2008-03-16T11:50:00Z,2.5,19,LAT-004,Latvia,Gulf of Riga,"Gulf of Riga stony coast, waterbodies D&F",,"Gulf of Riga stony coast, waterbodies D&F",308.69830546,436367.284109,1064792248.48,24.3533|57.4483
24.3733,57.315,2008-03-16T12:10:00Z,1.5,21,LAT-004,Latvia,Gulf of Riga,"Gulf of Riga stony coast, waterbodies D&F",,"Gulf of Riga stony coast, waterbodies D&F",308.69830546,436367.284109,1064792248.48,24.3733|57.315
24.25,57.1683,2008-03-16T14:10:00Z,1.5,21,LAT-005,Latvia,Gulf of Riga,Gulf of Riga transitional waters,,Gulf of Riga transitional waters,855.811191767,243360.758113,2896144600.07,24.25|57.1683
24.2167,57.1833,2008-03-16T14:55:00Z,1.9,21,LAT-005,Latvia,Gulf of Riga,Gulf of Riga transitional waters,,Gulf of Riga transitional waters,855.811191767,243360.758113,2896144600.07,24.2167|57.1833
24.2433,57.88,2008-03-17T08:00:00Z,2.4,17,SEA-011,Opensea,Gulf of Riga,Opensea Gulf of Riga,Gulf of Riga,Opensea Gulf of Riga,8674.48923994,954770.496399,30193177349.7,24.2433|57.88
23.9167,57.85,2008-03-17T10:15:00Z,3,15,SEA-011,Opensea,Gulf of Riga,Opensea Gulf of Riga,Gulf of Riga,Opensea Gulf of Riga,8674.48923994,954770.496399,30193177349.7,23.9167|57.85
24.315,57.7467,2008-03-17T12:40:00Z,2.1,17,LAT-004,Latvia,Gulf of Riga,"Gulf of Riga stony coast, waterbodies D&F",,"Gulf of Riga stony coast, waterbodies D&F",308.69830546,436367.284109,1064792248.48,24.315|57.7467
24.1167,57.6,2008-03-17T14:30:00Z,3.7,21,SEA-011,Opensea,Gulf of Riga,Opensea Gulf of Riga,Gulf of Riga,Opensea Gulf of Riga,8674.48923994,954770.496399,30193177349.7,24.1167|57.6
23.7667,57.4167,2008-03-17T18:00:00Z,3.9,9,SEA-011,Opensea,Gulf of Riga,Opensea Gulf of Riga,Gulf of Riga,Opensea Gulf of Riga,8674.48923994,954770.496399,30193177349.7,23.7667|57.4167
22.41,57.8433,2008-05-01T19:50:00Z,3.6,15,SEA-011,Opensea,Gulf of Riga,Opensea Gulf of Riga,Gulf of Riga,Opensea Gulf of Riga,8674.48923994,954770.496399,30193177349.7,22.41|57.8433
22.8833,57.7976,2008-05-02T07:00:00Z,3.1,15,SEA-011,Opensea,Gulf of Riga,Opensea Gulf of Riga,Gulf of Riga,Opensea Gulf of Riga,8674.48923994,954770.496399,30193177349.7,22.8833|57.7976
22.6167,57.7333,2008-05-02T09:40:00Z,4.2,11,LAT-003,Latvia,Gulf of Riga,"Gulf of Riga sandy coast, waterbodies C&E",,"Gulf of Riga sandy coast, waterbodies C&E",387.080162999,296440.220511,1327844259.75,22.6167|57.7333
22.8167,57.5333,2008-05-02T11:50:00Z,3,13,LAT-003,Latvia,Gulf of Riga,"Gulf of Riga sandy coast, waterbodies C&E",,"Gulf of Riga sandy coast, waterbodies C&E",387.080162999,296440.220511,1327844259.75,22.8167|57.5333
22.9833,57.5667,2008-05-02T13:10:00Z,2.1,19,SEA-011,Opensea,Gulf of Riga,Opensea Gulf of Riga,Gulf of Riga,Opensea Gulf of Riga,8674.48923994,954770.496399,30193177349.7,22.9833|57.5667
23.6167,57.6167,2008-05-02T16:20:00Z,1.7,17,SEA-011,Opensea,Gulf of Riga,Opensea Gulf of Riga,Gulf of Riga,Opensea Gulf of Riga,8674.48923994,954770.496399,30193177349.7,23.6167|57.6167
23.4833,57.4,2008-05-02T20:30:00Z,1.8,19,SEA-011,Opensea,Gulf of Riga,Opensea Gulf of Riga,Gulf of Riga,Opensea Gulf of Riga,8674.48923994,954770.496399,30193177349.7,23.4833|57.4
23.07,57.3967,2008-05-03T07:00:00Z,2.8,15,LAT-004,Latvia,Gulf of Riga,"Gulf of Riga stony coast, waterbodies D&F",,"Gulf of Riga stony coast, waterbodies D&F",308.69830546,436367.284109,1064792248.48,23.07|57.3967
23.254,57.1667,2008-05-03T10:25:00Z,3.2,13,LAT-003,Latvia,Gulf of Riga,"Gulf of Riga sandy coast, waterbodies C&E",,"Gulf of Riga sandy coast, waterbodies C&E",387.080162999,296440.220511,1327844259.75,23.254|57.1667
23.6667,57.1667,2008-05-03T12:45:00Z,2.1,19,SEA-011,Opensea,Gulf of Riga,Opensea Gulf of Riga,Gulf of Riga,Opensea Gulf of Riga,8674.48923994,954770.496399,30193177349.7,23.6667|57.1667
23.4867,57.0467,2008-05-03T15:15:00Z,3.2,13,LAT-003,Latvia,Gulf of Riga,"Gulf of Riga sandy coast, waterbodies C&E",,"Gulf of Riga sandy coast, waterbodies C&E",387.080162999,296440.220511,1327844259.75,23.4867|57.0467
23.7433,56.98,2008-05-03T17:15:00Z,3.1,15,LAT-005,Latvia,Gulf of Riga,Gulf of Riga transitional waters,,Gulf of Riga transitional waters,855.811191767,243360.758113,2896144600.07,23.7433|56.98
23.8883,57.055,2008-05-03T19:05:00Z,2,21,LAT-005,Latvia,Gulf of Riga,Gulf of Riga transitional waters,,Gulf of Riga transitional waters,855.811191767,243360.758113,2896144600.07,23.8883|57.055
23.92,57.025,2008-05-03T20:05:00Z,2.9,19,LAT-005,Latvia,Gulf of Riga,Gulf of Riga transitional waters,,Gulf of Riga transitional waters,855.811191767,243360.758113,2896144600.07,23.92|57.025
24.0017,57.0833,2008-05-04T08:05:00Z,1.5,21,LAT-005,Latvia,Gulf of Riga,Gulf of Riga transitional waters,,Gulf of Riga transitional waters,855.811191767,243360.758113,2896144600.07,24.0017|57.0833
24.0017,57.0833,2008-05-14T11:10:00Z,1.4,21,LAT-005,Latvia,Gulf of Riga,Gulf of Riga transitional waters,,Gulf of Riga transitional waters,855.811191767,243360.758113,2896144600.07,24.0017|57.0833
23.9833,57.1,2008-05-14T12:00:00Z,1.6,21,LAT-005,Latvia,Gulf of Riga,Gulf of Riga transitional waters,,Gulf of Riga transitional waters,855.811191767,243360.758113,2896144600.07,23.9833|57.1
23.9565,57.1243,2008-05-14T13:50:00Z,1.8,19,LAT-005,Latvia,Gulf of Riga,Gulf of Riga transitional waters,,Gulf of Riga transitional waters,855.811191767,243360.758113,2896144600.07,23.9565|57.1243
23.9333,57.1667,2008-05-14T15:00:00Z,2.7,15,LAT-005,Latvia,Gulf of Riga,Gulf of Riga transitional waters,,Gulf of Riga transitional waters,855.811191767,243360.758113,2896144600.07,23.9333|57.1667
24.25,57.1683,2008-05-14T16:30:00Z,1.4,19,LAT-005,Latvia,Gulf of Riga,Gulf of Riga transitional waters,,Gulf of Riga transitional waters,855.811191767,243360.758113,2896144600.07,24.25|57.1683
24.2167,57.1833,2008-05-14T17:25:00Z,1.9,19,LAT-005,Latvia,Gulf of Riga,Gulf of Riga transitional waters,,Gulf of Riga transitional waters,855.811191767,243360.758113,2896144600.07,24.2167|57.1833
23.85,57.3,2008-05-14T19:40:00Z,3,15,SEA-011,Opensea,Gulf of Riga,Opensea Gulf of Riga,Gulf of Riga,Opensea Gulf of Riga,8674.48923994,954770.496399,30193177349.7,23.85|57.3
23.9167,57.85,2008-05-15T07:00:00Z,3.9,13,SEA-011,Opensea,Gulf of Riga,Opensea Gulf of Riga,Gulf of Riga,Opensea Gulf of Riga,8674.48923994,954770.496399,30193177349.7,23.9167|57.85
24.2433,57.88,2008-05-15T09:45:00Z,3,13,SEA-011,Opensea,Gulf of Riga,Opensea Gulf of Riga,Gulf of Riga,Opensea Gulf of Riga,8674.48923994,954770.496399,30193177349.7,24.2433|57.88
24.315,57.7467,2008-05-15T12:05:00Z,2.2,15,LAT-004,Latvia,Gulf of Riga,"Gulf of Riga stony coast, waterbodies D&F",,"Gulf of Riga stony coast, waterbodies D&F",308.69830546,436367.284109,1064792248.48,24.315|57.7467
24.1167,57.6,2008-05-15T13:30:00Z,2.4,15,SEA-011,Opensea,Gulf of Riga,Opensea Gulf of Riga,Gulf of Riga,Opensea Gulf of Riga,8674.48923994,954770.496399,30193177349.7,24.1167|57.6
24.3367,57.5933,2008-05-15T15:15:00Z,2.5,11,LAT-004,Latvia,Gulf of Riga,"Gulf of Riga stony coast, waterbodies D&F",,"Gulf of Riga stony coast, waterbodies D&F",308.69830546,436367.284109,1064792248.48,24.3367|57.5933
24.3367,57.5933,2008-05-15T15:50:00Z,2,13,LAT-004,Latvia,Gulf of Riga,"Gulf of Riga stony coast, waterbodies D&F",,"Gulf of Riga stony coast, waterbodies D&F",308.69830546,436367.284109,1064792248.48,24.3367|57.5933
24.3533,57.4483,2008-05-15T17:05:00Z,2.8,11,LAT-004,Latvia,Gulf of Riga,"Gulf of Riga stony coast, waterbodies D&F",,"Gulf of Riga stony coast, waterbodies D&F",308.69830546,436367.284109,1064792248.48,24.3533|57.4483
24.3533,57.4483,2008-05-15T17:40:00Z,2,11,LAT-004,Latvia,Gulf of Riga,"Gulf of Riga stony coast, waterbodies D&F",,"Gulf of Riga stony coast, waterbodies D&F",308.69830546,436367.284109,1064792248.48,24.3533|57.4483
24.3733,57.315,2008-05-15T19:05:00Z,2.3,19,LAT-004,Latvia,Gulf of Riga,"Gulf of Riga stony coast, waterbodies D&F",,"Gulf of Riga stony coast, waterbodies D&F",308.69830546,436367.284109,1064792248.48,24.3733|57.315
24.2867,57.3133,2008-05-15T20:10:00Z,2.5,19,SEA-011,Opensea,Gulf of Riga,Opensea Gulf of Riga,Gulf of Riga,Opensea Gulf of Riga,8674.48923994,954770.496399,30193177349.7,24.2867|57.3133
23.7667,57.4167,2008-05-16T06:55:00Z,2.9,13,SEA-011,Opensea,Gulf of Riga,Opensea Gulf of Riga,Gulf of Riga,Opensea Gulf of Riga,8674.48923994,954770.496399,30193177349.7,23.7667|57.4167
24.0017,57.0833,2008-06-05T09:35:00Z,1.8,21,LAT-005,Latvia,Gulf of Riga,Gulf of Riga transitional waters,,Gulf of Riga transitional waters,855.811191767,243360.758113,2896144600.07,24.0017|57.0833
23.9833,57.1,2008-06-05T10:00:00Z,2.2,21,LAT-005,Latvia,Gulf of Riga,Gulf of Riga transitional waters,,Gulf of Riga transitional waters,855.811191767,243360.758113,2896144600.07,23.9833|57.1
24.2167,57.1833,2008-06-05T11:05:00Z,2.5,19,LAT-005,Latvia,Gulf of Riga,Gulf of Riga transitional waters,,Gulf of Riga transitional waters,855.811191767,243360.758113,2896144600.07,24.2167|57.1833
24.3733,57.315,2008-06-05T12:15:00Z,3.1,19,LAT-004,Latvia,Gulf of Riga,"Gulf of Riga stony coast, waterbodies D&F",,"Gulf of Riga stony coast, waterbodies D&F",308.69830546,436367.284109,1064792248.48,24.3733|57.315
23.9333,57.1667,2008-06-05T13:25:00Z,1.7,21,LAT-005,Latvia,Gulf of Riga,Gulf of Riga transitional waters,,Gulf of Riga transitional waters,855.811191767,243360.758113,2896144600.07,23.9333|57.1667
23.7433,56.98,2008-06-05T15:35:00Z,2.4,19,LAT-005,Latvia,Gulf of Riga,Gulf of Riga transitional waters,,Gulf of Riga transitional waters,855.811191767,243360.758113,2896144600.07,23.7433|56.98
23.8883,57.055,2008-06-05T16:45:00Z,2.1,19,LAT-005,Latvia,Gulf of Riga,Gulf of Riga transitional waters,,Gulf of Riga transitional waters,855.811191767,243360.758113,2896144600.07,23.8883|57.055
23.92,57.025,2008-06-05T17:20:00Z,2.6,17,LAT-005,Latvia,Gulf of Riga,Gulf of Riga transitional waters,,Gulf of Riga transitional waters,855.811191767,243360.758113,2896144600.07,23.92|57.025
24.0017,57.0833,2008-07-16T10:25:00Z,2.5,21,LAT-005,Latvia,Gulf of Riga,Gulf of Riga transitional waters,,Gulf of Riga transitional waters,855.811191767,243360.758113,2896144600.07,24.0017|57.0833
23.9833,57.1,2008-07-16T11:00:00Z,3,13,LAT-005,Latvia,Gulf of Riga,Gulf of Riga transitional waters,,Gulf of Riga transitional waters,855.811191767,243360.758113,2896144600.07,23.9833|57.1
23.85,57.3,2008-07-16T13:05:00Z,4,11,SEA-011,Opensea,Gulf of Riga,Opensea Gulf of Riga,Gulf of Riga,Opensea Gulf of Riga,8674.48923994,954770.496399,30193177349.7,23.85|57.3
23.6667,57.1667,2008-07-16T15:40:00Z,3,11,SEA-011,Opensea,Gulf of Riga,Opensea Gulf of Riga,Gulf of Riga,Opensea Gulf of Riga,8674.48923994,954770.496399,30193177349.7,23.6667|57.1667
23.4867,57.0467,2008-07-16T17:10:00Z,2.5,17,LAT-003,Latvia,Gulf of Riga,"Gulf of Riga sandy coast, waterbodies C&E",,"Gulf of Riga sandy coast, waterbodies C&E",387.080162999,296440.220511,1327844259.75,23.4867|57.0467
23.7433,56.98,2008-07-16T18:50:00Z,2.5,9,LAT-005,Latvia,Gulf of Riga,Gulf of Riga transitional waters,,Gulf of Riga transitional waters,855.811191767,243360.758113,2896144600.07,23.7433|56.98
23.8883,57.055,2008-07-16T19:50:00Z,3,9,LAT-005,Latvia,Gulf of Riga,Gulf of Riga transitional waters,,Gulf of Riga transitional waters,855.811191767,243360.758113,2896144600.07,23.8883|57.055
24.3733,57.315,2008-07-18T11:15:00Z,3.2,17,LAT-004,Latvia,Gulf of Riga,"Gulf of Riga stony coast, waterbodies D&F",,"Gulf of Riga stony coast, waterbodies D&F",308.69830546,436367.284109,1064792248.48,24.3733|57.315
24.2167,57.1833,2008-07-18T13:00:00Z,4.6,13,LAT-005,Latvia,Gulf of Riga,Gulf of Riga transitional waters,,Gulf of Riga transitional waters,855.811191767,243360.758113,2896144600.07,24.2167|57.1833
24.25,57.1683,2008-07-18T13:30:00Z,2.9,19,LAT-005,Latvia,Gulf of Riga,Gulf of Riga transitional waters,,Gulf of Riga transitional waters,855.811191767,243360.758113,2896144600.07,24.25|57.1683
23.85,57.3,2008-08-12T10:25:00Z,5.5,13,SEA-011,Opensea,Gulf of Riga,Opensea Gulf of Riga,Gulf of Riga,Opensea Gulf of Riga,8674.48923994,954770.496399,30193177349.7,23.85|57.3
24.0833,57.35,2008-08-12T13:00:00Z,4,13,SEA-011,Opensea,Gulf of Riga,Opensea Gulf of Riga,Gulf of Riga,Opensea Gulf of Riga,8674.48923994,954770.496399,30193177349.7,24.0833|57.35
24.3733,57.315,2008-08-12T14:30:00Z,4,13,LAT-004,Latvia,Gulf of Riga,"Gulf of Riga stony coast, waterbodies D&F",,"Gulf of Riga stony coast, waterbodies D&F",308.69830546,436367.284109,1064792248.48,24.3733|57.315
24.2167,57.1833,2008-08-12T16:30:00Z,3.5,13,LAT-005,Latvia,Gulf of Riga,Gulf of Riga transitional waters,,Gulf of Riga transitional waters,855.811191767,243360.758113,2896144600.07,24.2167|57.1833
24.25,57.1683,2008-08-12T17:10:00Z,2.8,13,LAT-005,Latvia,Gulf of Riga,Gulf of Riga transitional waters,,Gulf of Riga transitional waters,855.811191767,243360.758113,2896144600.07,24.25|57.1683
23.9833,57.1,2008-08-12T18:30:00Z,1.2,15,LAT-005,Latvia,Gulf of Riga,Gulf of Riga transitional waters,,Gulf of Riga transitional waters,855.811191767,243360.758113,2896144600.07,23.9833|57.1
24.0017,57.0833,2008-08-12T19:30:00Z,1.7,17,LAT-005,Latvia,Gulf of Riga,Gulf of Riga transitional waters,,Gulf of Riga transitional waters,855.811191767,243360.758113,2896144600.07,24.0017|57.0833
23.9333,57.1667,2008-08-13T09:50:00Z,4.5,9,LAT-005,Latvia,Gulf of Riga,Gulf of Riga transitional waters,,Gulf of Riga transitional waters,855.811191767,243360.758113,2896144600.07,23.9333|57.1667
23.4867,57.0467,2008-08-13T12:45:00Z,3.5,9,LAT-003,Latvia,Gulf of Riga,"Gulf of Riga sandy coast, waterbodies C&E",,"Gulf of Riga sandy coast, waterbodies C&E",387.080162999,296440.220511,1327844259.75,23.4867|57.0467
23.7433,56.98,2008-08-13T14:10:00Z,3,11,LAT-005,Latvia,Gulf of Riga,Gulf of Riga transitional waters,,Gulf of Riga transitional waters,855.811191767,243360.758113,2896144600.07,23.7433|56.98
23.92,57.025,2008-08-13T15:20:00Z,2.5,15,LAT-005,Latvia,Gulf of Riga,Gulf of Riga transitional waters,,Gulf of Riga transitional waters,855.811191767,243360.758113,2896144600.07,23.92|57.025
23.8883,57.055,2008-08-13T16:10:00Z,2.3,12,LAT-005,Latvia,Gulf of Riga,Gulf of Riga transitional waters,,Gulf of Riga transitional waters,855.811191767,243360.758113,2896144600.07,23.8883|57.055
23.92,57.025,2008-09-02T08:30:00Z,2.7,11,LAT-005,Latvia,Gulf of Riga,Gulf of Riga transitional waters,,Gulf of Riga transitional waters,855.811191767,243360.758113,2896144600.07,23.92|57.025
23.8883,57.055,2008-09-02T10:05:00Z,3.4,11,LAT-005,Latvia,Gulf of Riga,Gulf of Riga transitional waters,,Gulf of Riga transitional waters,855.811191767,243360.758113,2896144600.07,23.8883|57.055
23.9833,57.1,2008-09-02T15:15:00Z,2.8,11,LAT-005,Latvia,Gulf of Riga,Gulf of Riga transitional waters,,Gulf of Riga transitional waters,855.811191767,243360.758113,2896144600.07,23.9833|57.1
24.0017,57.0833,2008-09-02T17:05:00Z,2.1,11,LAT-005,Latvia,Gulf of Riga,Gulf of Riga transitional waters,,Gulf of Riga transitional waters,855.811191767,243360.758113,2896144600.07,24.0017|57.0833
24.2167,57.1833,2008-09-02T19:15:00Z,3,11,LAT-005,Latvia,Gulf of Riga,Gulf of Riga transitional waters,,Gulf of Riga transitional waters,855.811191767,243360.758113,2896144600.07,24.2167|57.1833
23.7433,56.98,2008-09-03T07:05:00Z,3,13,LAT-005,Latvia,Gulf of Riga,Gulf of Riga transitional waters,,Gulf of Riga transitional waters,855.811191767,243360.758113,2896144600.07,23.7433|56.98
23.4867,57.0467,2008-09-03T08:55:00Z,2.7,13,LAT-003,Latvia,Gulf of Riga,"Gulf of Riga sandy coast, waterbodies C&E",,"Gulf of Riga sandy coast, waterbodies C&E",387.080162999,296440.220511,1327844259.75,23.4867|57.0467
23.6667,57.1667,2008-09-03T10:55:00Z,3.5,9,SEA-011,Opensea,Gulf of Riga,Opensea Gulf of Riga,Gulf of Riga,Opensea Gulf of Riga,8674.48923994,954770.496399,30193177349.7,23.6667|57.1667
23.9333,57.1667,2008-09-03T13:10:00Z,3.7,9,LAT-005,Latvia,Gulf of Riga,Gulf of Riga transitional waters,,Gulf of Riga transitional waters,855.811191767,243360.758113,2896144600.07,23.9333|57.1667
23.85,57.3,2008-09-03T14:55:00Z,4.5,9,SEA-011,Opensea,Gulf of Riga,Opensea Gulf of Riga,Gulf of Riga,Opensea Gulf of Riga,8674.48923994,954770.496399,30193177349.7,23.85|57.3
24.0833,57.35,2008-09-03T19:00:00Z,3.8,9,SEA-011,Opensea,Gulf of Riga,Opensea Gulf of Riga,Gulf of Riga,Opensea Gulf of Riga,8674.48923994,954770.496399,30193177349.7,24.0833|57.35
24.3533,57.4483,2008-09-04T07:00:00Z,3.8,11,LAT-004,Latvia,Gulf of Riga,"Gulf of Riga stony coast, waterbodies D&F",,"Gulf of Riga stony coast, waterbodies D&F",308.69830546,436367.284109,1064792248.48,24.3533|57.4483
24.3367,57.5933,2008-09-04T08:35:00Z,1.5,13,LAT-004,Latvia,Gulf of Riga,"Gulf of Riga stony coast, waterbodies D&F",,"Gulf of Riga stony coast, waterbodies D&F",308.69830546,436367.284109,1064792248.48,24.3367|57.5933
24.1167,57.6,2008-09-04T10:00:00Z,3.4,9,SEA-011,Opensea,Gulf of Riga,Opensea Gulf of Riga,Gulf of Riga,Opensea Gulf of Riga,8674.48923994,954770.496399,30193177349.7,24.1167|57.6
24.315,57.7467,2008-09-04T13:25:00Z,1.7,19,LAT-004,Latvia,Gulf of Riga,"Gulf of Riga stony coast, waterbodies D&F",,"Gulf of Riga stony coast, waterbodies D&F",308.69830546,436367.284109,1064792248.48,24.315|57.7467
24.2433,57.88,2008-09-04T15:45:00Z,2.5,11,SEA-011,Opensea,Gulf of Riga,Opensea Gulf of Riga,Gulf of Riga,Opensea Gulf of Riga,8674.48923994,954770.496399,30193177349.7,24.2433|57.88
23.9167,57.85,2008-09-04T17:50:00Z,3.9,9,SEA-011,Opensea,Gulf of Riga,Opensea Gulf of Riga,Gulf of Riga,Opensea Gulf of Riga,8674.48923994,954770.496399,30193177349.7,23.9167|57.85
22.41,57.8433,2008-09-08T15:30:00Z,3.7,9,SEA-011,Opensea,Gulf of Riga,Opensea Gulf of Riga,Gulf of Riga,Opensea Gulf of Riga,8674.48923994,954770.496399,30193177349.7,22.41|57.8433
22.8833,57.7976,2008-09-08T18:35:00Z,5.3,9,SEA-011,Opensea,Gulf of Riga,Opensea Gulf of Riga,Gulf of Riga,Opensea Gulf of Riga,8674.48923994,954770.496399,30193177349.7,22.8833|57.7976
22.6167,57.7333,2008-09-09T07:55:00Z,2.9,11,LAT-003,Latvia,Gulf of Riga,"Gulf of Riga sandy coast, waterbodies C&E",,"Gulf of Riga sandy coast, waterbodies C&E",387.080162999,296440.220511,1327844259.75,22.6167|57.7333
22.8167,57.5333,2008-09-09T10:20:00Z,3.6,11,LAT-003,Latvia,Gulf of Riga,"Gulf of Riga sandy coast, waterbodies C&E",,"Gulf of Riga sandy coast, waterbodies C&E",387.080162999,296440.220511,1327844259.75,22.8167|57.5333
22.9833,57.5667,2008-09-09T13:30:00Z,4.2,11,SEA-011,Opensea,Gulf of Riga,Opensea Gulf of Riga,Gulf of Riga,Opensea Gulf of Riga,8674.48923994,954770.496399,30193177349.7,22.9833|57.5667
23.6167,57.6167,2008-09-09T18:00:00Z,3.8,9,SEA-011,Opensea,Gulf of Riga,Opensea Gulf of Riga,Gulf of Riga,Opensea Gulf of Riga,8674.48923994,954770.496399,30193177349.7,23.6167|57.6167
23.07,57.3967,2008-09-10T08:05:00Z,4,9,LAT-004,Latvia,Gulf of Riga,"Gulf of Riga stony coast, waterbodies D&F",,"Gulf of Riga stony coast, waterbodies D&F",308.69830546,436367.284109,1064792248.48,23.07|57.3967
23.4833,57.4,2008-09-10T10:30:00Z,2.8,11,SEA-011,Opensea,Gulf of Riga,Opensea Gulf of Riga,Gulf of Riga,Opensea Gulf of Riga,8674.48923994,954770.496399,30193177349.7,23.4833|57.4
23.254,57.1667,2008-09-10T13:55:00Z,2.5,11,LAT-003,Latvia,Gulf of Riga,"Gulf of Riga sandy coast, waterbodies C&E",,"Gulf of Riga sandy coast, waterbodies C&E",387.080162999,296440.220511,1327844259.75,23.254|57.1667
23.7667,57.4167,2008-09-10T17:20:00Z,3.9,9,SEA-011,Opensea,Gulf of Riga,Opensea Gulf of Riga,Gulf of Riga,Opensea Gulf of Riga,8674.48923994,954770.496399,30193177349.7,23.7667|57.4167
24.0017,57.0833,2008-11-21T09:00:00Z,1.5,21,LAT-005,Latvia,Gulf of Riga,Gulf of Riga transitional waters,,Gulf of Riga transitional waters,855.811191767,243360.758113,2896144600.07,24.0017|57.0833
23.9833,57.1,2008-11-21T10:00:00Z,1.5,13,LAT-005,Latvia,Gulf of Riga,Gulf of Riga transitional waters,,Gulf of Riga transitional waters,855.811191767,243360.758113,2896144600.07,23.9833|57.1
23.9333,57.1667,2008-11-21T11:30:00Z,2.5,13,LAT-005,Latvia,Gulf of Riga,Gulf of Riga transitional waters,,Gulf of Riga transitional waters,855.811191767,243360.758113,2896144600.07,23.9333|57.1667
23.85,57.3,2008-11-21T14:00:00Z,2.8,11,SEA-011,Opensea,Gulf of Riga,Opensea Gulf of Riga,Gulf of Riga,Opensea Gulf of Riga,8674.48923994,954770.496399,30193177349.7,23.85|57.3
24.0833,57.35,2008-11-21T16:00:00Z,3.5,9,SEA-011,Opensea,Gulf of Riga,Opensea Gulf of Riga,Gulf of Riga,Opensea Gulf of Riga,8674.48923994,954770.496399,30193177349.7,24.0833|57.35
24.25,57.1683,2008-11-22T08:10:00Z,1,21,LAT-005,Latvia,Gulf of Riga,Gulf of Riga transitional waters,,Gulf of Riga transitional waters,855.811191767,243360.758113,2896144600.07,24.25|57.1683
24.3733,57.315,2008-11-22T10:05:00Z,1.5,19,LAT-004,Latvia,Gulf of Riga,"Gulf of Riga stony coast, waterbodies D&F",,"Gulf of Riga stony coast, waterbodies D&F",308.69830546,436367.284109,1064792248.48,24.3733|57.315
24.3533,57.4483,2008-11-22T11:45:00Z,1.5,19,LAT-004,Latvia,Gulf of Riga,"Gulf of Riga stony coast, waterbodies D&F",,"Gulf of Riga stony coast, waterbodies D&F",308.69830546,436367.284109,1064792248.48,24.3533|57.4483
23.92,57.025,2008-11-24T14:30:00Z,1,21,LAT-005,Latvia,Gulf of Riga,Gulf of Riga transitional waters,,Gulf of Riga transitional waters,855.811191767,243360.758113,2896144600.07,23.92|57.025
23.8883,57.055,2008-11-24T15:20:00Z,1,21,LAT-005,Latvia,Gulf of Riga,Gulf of Riga transitional waters,,Gulf of Riga transitional waters,855.811191767,243360.758113,2896144600.07,23.8883|57.055
23.254,57.1667,2008-11-25T08:09:00Z,1.5,21,LAT-003,Latvia,Gulf of Riga,"Gulf of Riga sandy coast, waterbodies C&E",,"Gulf of Riga sandy coast, waterbodies C&E",387.080162999,296440.220511,1327844259.75,23.254|57.1667
23.6667,57.1667,2008-11-25T13:30:00Z,1,21,SEA-011,Opensea,Gulf of Riga,Opensea Gulf of Riga,Gulf of Riga,Opensea Gulf of Riga,8674.48923994,954770.496399,30193177349.7,23.6667|57.1667
23.4833,57.4,2008-11-25T14:15:00Z,1.5,12,SEA-011,Opensea,Gulf of Riga,Opensea Gulf of Riga,Gulf of Riga,Opensea Gulf of Riga,8674.48923994,954770.496399,30193177349.7,23.4833|57.4
24.1167,57.6,2008-11-26T07:50:00Z,1,21,SEA-011,Opensea,Gulf of Riga,Opensea Gulf of Riga,Gulf of Riga,Opensea Gulf of Riga,8674.48923994,954770.496399,30193177349.7,24.1167|57.6
22.9833,57.5667,2008-11-26T13:55:00Z,2,9,SEA-011,Opensea,Gulf of Riga,Opensea Gulf of Riga,Gulf of Riga,Opensea Gulf of Riga,8674.48923994,954770.496399,30193177349.7,22.9833|57.5667
22.8833,57.7976,2008-11-26T16:00:00Z,2,9,SEA-011,Opensea,Gulf of Riga,Opensea Gulf of Riga,Gulf of Riga,Opensea Gulf of Riga,8674.48923994,954770.496399,30193177349.7,22.8833|57.7976
23.7667,57.4167,2008-11-27T08:45:00Z,2.5,9,SEA-011,Opensea,Gulf of Riga,Opensea Gulf of Riga,Gulf of Riga,Opensea Gulf of Riga,8674.48923994,954770.496399,30193177349.7,23.7667|57.4167
22.9833,57.5667,1979-04-27T16:45:00Z,3,17,SEA-011,Opensea,Gulf of Riga,Opensea Gulf of Riga,Gulf of Riga,Opensea Gulf of Riga,8674.48923994,954770.496399,30193177349.7,22.9833|57.5667
22.8833,57.7976,1979-04-27T10:45:00Z,4,12,SEA-011,Opensea,Gulf of Riga,Opensea Gulf of Riga,Gulf of Riga,Opensea Gulf of Riga,8674.48923994,954770.496399,30193177349.7,22.8833|57.7976
23.35,57.96,1979-04-28T11:55:00Z,3.5,15,EST-019,Estonia,Gulf of Riga,Central part of the Gulf of Riga CWB,,EE_19,1960.16337669,379661.151667,6969951504.02,23.35|57.96
22.41,57.8433,1979-05-04T14:50:00Z,2.5,14,SEA-011,Opensea,Gulf of Riga,Opensea Gulf of Riga,Gulf of Riga,Opensea Gulf of Riga,8674.48923994,954770.496399,30193177349.7,22.41|57.8433
23.9833,57.1,1979-05-05T11:00:00Z,1.2,20,LAT-005,Latvia,Gulf of Riga,Gulf of Riga transitional waters,,Gulf of Riga transitional waters,855.811191767,243360.758113,2896144600.07,23.9833|57.1
23.85,57.3,1979-05-05T13:25:00Z,2,14,SEA-011,Opensea,Gulf of Riga,Opensea Gulf of Riga,Gulf of Riga,Opensea Gulf of Riga,8674.48923994,954770.496399,30193177349.7,23.85|57.3
23.7667,57.4167,1979-05-05T14:45:00Z,2.5,15,SEA-011,Opensea,Gulf of Riga,Opensea Gulf of Riga,Gulf of Riga,Opensea Gulf of Riga,8674.48923994,954770.496399,30193177349.7,23.7667|57.4167
23.4833,57.4,1979-05-05T16:50:00Z,2.5,15,SEA-011,Opensea,Gulf of Riga,Opensea Gulf of Riga,Gulf of Riga,Opensea Gulf of Riga,8674.48923994,954770.496399,30193177349.7,23.4833|57.4
23.6167,57.6167,1979-05-06T15:45:00Z,2.5,16,SEA-011,Opensea,Gulf of Riga,Opensea Gulf of Riga,Gulf of Riga,Opensea Gulf of Riga,8674.48923994,954770.496399,30193177349.7,23.6167|57.6167
24.1167,57.6,1979-05-06T12:50:00Z,2.5,16,SEA-011,Opensea,Gulf of Riga,Opensea Gulf of Riga,Gulf of Riga,Opensea Gulf of Riga,8674.48923994,954770.496399,30193177349.7,24.1167|57.6
23.4,58.2,1979-05-08T12:00:00Z,3,11,EST-019,Estonia,Gulf of Riga,Central part of the Gulf of Riga CWB,,EE_19,1960.16337669,379661.151667,6969951504.02,23.4|58.2
23.35,57.96,1979-05-08T15:05:00Z,3,13,EST-019,Estonia,Gulf of Riga,Central part of the Gulf of Riga CWB,,EE_19,1960.16337669,379661.151667,6969951504.02,23.35|57.96
23.6167,57.6167,1979-05-22T13:45:00Z,4.5,11,SEA-011,Opensea,Gulf of Riga,Opensea Gulf of Riga,Gulf of Riga,Opensea Gulf of Riga,8674.48923994,954770.496399,30193177349.7,23.6167|57.6167
22.9833,57.5667,1979-05-22T17:30:00Z,3.5,12,SEA-011,Opensea,Gulf of Riga,Opensea Gulf of Riga,Gulf of Riga,Opensea Gulf of Riga,8674.48923994,954770.496399,30193177349.7,22.9833|57.5667
24.1167,57.6,1979-05-22T09:40:00Z,3.5,13,SEA-011,Opensea,Gulf of Riga,Opensea Gulf of Riga,Gulf of Riga,Opensea Gulf of Riga,8674.48923994,954770.496399,30193177349.7,24.1167|57.6
22.8833,57.7976,1979-05-23T06:20:00Z,4,12,SEA-011,Opensea,Gulf of Riga,Opensea Gulf of Riga,Gulf of Riga,Opensea Gulf of Riga,8674.48923994,954770.496399,30193177349.7,22.8833|57.7976
23.85,57.3,1979-06-08T05:00:00Z,5,11,SEA-011,Opensea,Gulf of Riga,Opensea Gulf of Riga,Gulf of Riga,Opensea Gulf of Riga,8674.48923994,954770.496399,30193177349.7,23.85|57.3
23.7667,57.4167,1979-06-08T08:40:00Z,6,10,SEA-011,Opensea,Gulf of Riga,Opensea Gulf of Riga,Gulf of Riga,Opensea Gulf of Riga,8674.48923994,954770.496399,30193177349.7,23.7667|57.4167
23.4833,57.4,1979-06-08T10:55:00Z,5.5,12,SEA-011,Opensea,Gulf of Riga,Opensea Gulf of Riga,Gulf of Riga,Opensea Gulf of Riga,8674.48923994,954770.496399,30193177349.7,23.4833|57.4
22.9833,57.5667,1979-06-08T20:55:00Z,6,12,SEA-011,Opensea,Gulf of Riga,Opensea Gulf of Riga,Gulf of Riga,Opensea Gulf of Riga,8674.48923994,954770.496399,30193177349.7,22.9833|57.5667
23.6167,57.6167,1979-06-11T11:25:00Z,8.5,9,SEA-011,Opensea,Gulf of Riga,Opensea Gulf of Riga,Gulf of Riga,Opensea Gulf of Riga,8674.48923994,954770.496399,30193177349.7,23.6167|57.6167
24.1167,57.6,1979-07-03T05:45:00Z,4.5,12,SEA-011,Opensea,Gulf of Riga,Opensea Gulf of Riga,Gulf of Riga,Opensea Gulf of Riga,8674.48923994,954770.496399,30193177349.7,24.1167|57.6
23.6167,57.6167,1979-07-03T10:25:00Z,5,12,SEA-011,Opensea,Gulf of Riga,Opensea Gulf of Riga,Gulf of Riga,Opensea Gulf of Riga,8674.48923994,954770.496399,30193177349.7,23.6167|57.6167
22.9833,57.5667,1979-07-03T15:40:00Z,4,13,SEA-011,Opensea,Gulf of Riga,Opensea Gulf of Riga,Gulf of Riga,Opensea Gulf of Riga,8674.48923994,954770.496399,30193177349.7,22.9833|57.5667
23.85,57.3,1979-07-04T07:25:00Z,4.5,12,SEA-011,Opensea,Gulf of Riga,Opensea Gulf of Riga,Gulf of Riga,Opensea Gulf of Riga,8674.48923994,954770.496399,30193177349.7,23.85|57.3
23.7667,57.4167,1979-07-04T09:10:00Z,4.5,12,SEA-011,Opensea,Gulf of Riga,Opensea Gulf of Riga,Gulf of Riga,Opensea Gulf of Riga,8674.48923994,954770.496399,30193177349.7,23.7667|57.4167
23.4833,57.4,1979-07-04T11:15:00Z,4.5,10,SEA-011,Opensea,Gulf of Riga,Opensea Gulf of Riga,Gulf of Riga,Opensea Gulf of Riga,8674.48923994,954770.496399,30193177349.7,23.4833|57.4
22.8833,57.7976,1979-07-06T07:10:00Z,5,10,SEA-011,Opensea,Gulf of Riga,Opensea Gulf of Riga,Gulf of Riga,Opensea Gulf of Riga,8674.48923994,954770.496399,30193177349.7,22.8833|57.7976
23.6167,57.6167,1979-09-15T11:20:00Z,7,10,SEA-011,Opensea,Gulf of Riga,Opensea Gulf of Riga,Gulf of Riga,Opensea Gulf of Riga,8674.48923994,954770.496399,30193177349.7,23.6167|57.6167
23.4833,57.4,1979-09-15T15:30:00Z,5.5,10,SEA-011,Opensea,Gulf of Riga,Opensea Gulf of Riga,Gulf of Riga,Opensea Gulf of Riga,8674.48923994,954770.496399,30193177349.7,23.4833|57.4
22.8833,57.7976,1979-09-13T11:05:00Z,4.5,12,SEA-011,Opensea,Gulf of Riga,Opensea Gulf of Riga,Gulf of Riga,Opensea Gulf of Riga,8674.48923994,954770.496399,30193177349.7,22.8833|57.7976
23.2507,57.5962,1979-04-27T14:10:00Z,3.5,16,SEA-011,Opensea,Gulf of Riga,Opensea Gulf of Riga,Gulf of Riga,Opensea Gulf of Riga,8674.48923994,954770.496399,30193177349.7,23.2507|57.5962
22.8781,57.5354,1979-04-27T18:30:00Z,3,17,SEA-011,Opensea,Gulf of Riga,Opensea Gulf of Riga,Gulf of Riga,Opensea Gulf of Riga,8674.48923994,954770.496399,30193177349.7,22.8781|57.5354
22.71,57.88,1979-05-04T17:30:00Z,2.5,15,SEA-011,Opensea,Gulf of Riga,Opensea Gulf of Riga,Gulf of Riga,Opensea Gulf of Riga,8674.48923994,954770.496399,30193177349.7,22.71|57.88
24.2976,57.5922,1979-05-06T11:45:00Z,2,18,SEA-011,Opensea,Gulf of Riga,Opensea Gulf of Riga,Gulf of Riga,Opensea Gulf of Riga,8674.48923994,954770.496399,30193177349.7,24.2976|57.5922
23.8667,57.6,1979-05-06T14:15:00Z,2.5,16,SEA-011,Opensea,Gulf of Riga,Opensea Gulf of Riga,Gulf of Riga,Opensea Gulf of Riga,8674.48923994,954770.496399,30193177349.7,23.8667|57.6
23.4024,57.6021,1979-05-06T16:55:00Z,2.5,15,SEA-011,Opensea,Gulf of Riga,Opensea Gulf of Riga,Gulf of Riga,Opensea Gulf of Riga,8674.48923994,954770.496399,30193177349.7,23.4024|57.6021
23.2507,57.5962,1979-05-06T17:50:00Z,2.5,16,SEA-011,Opensea,Gulf of Riga,Opensea Gulf of Riga,Gulf of Riga,Opensea Gulf of Riga,8674.48923994,954770.496399,30193177349.7,23.2507|57.5962
24.2976,57.5922,1979-05-22T08:00:00Z,2.5,19,SEA-011,Opensea,Gulf of Riga,Opensea Gulf of Riga,Gulf of Riga,Opensea Gulf of Riga,8674.48923994,954770.496399,30193177349.7,24.2976|57.5922
23.8667,57.6,1979-05-22T11:30:00Z,3.5,13,SEA-011,Opensea,Gulf of Riga,Opensea Gulf of Riga,Gulf of Riga,Opensea Gulf of Riga,8674.48923994,954770.496399,30193177349.7,23.8667|57.6
23.2507,57.5962,1979-05-22T15:55:00Z,3,15,SEA-011,Opensea,Gulf of Riga,Opensea Gulf of Riga,Gulf of Riga,Opensea Gulf of Riga,8674.48923994,954770.496399,30193177349.7,23.2507|57.5962
22.8781,57.5354,1979-05-22T19:30:00Z,2.5,16,SEA-011,Opensea,Gulf of Riga,Opensea Gulf of Riga,Gulf of Riga,Opensea Gulf of Riga,8674.48923994,954770.496399,30193177349.7,22.8781|57.5354
22.71,57.88,1979-05-23T07:45:00Z,3.5,13,SEA-011,Opensea,Gulf of Riga,Opensea Gulf of Riga,Gulf of Riga,Opensea Gulf of Riga,8674.48923994,954770.496399,30193177349.7,22.71|57.88
22.54167,57.95,1979-06-07T05:15:00Z,6,10,SEA-011,Opensea,Gulf of Riga,Opensea Gulf of Riga,Gulf of Riga,Opensea Gulf of Riga,8674.48923994,954770.496399,30193177349.7,22.54167|57.95
22.8781,57.5354,1979-06-07T10:20:00Z,5.5,15,SEA-011,Opensea,Gulf of Riga,Opensea Gulf of Riga,Gulf of Riga,Opensea Gulf of Riga,8674.48923994,954770.496399,30193177349.7,22.8781|57.5354
23.8667,57.6,1979-07-03T07:55:00Z,4.5,12,SEA-011,Opensea,Gulf of Riga,Opensea Gulf of Riga,Gulf of Riga,Opensea Gulf of Riga,8674.48923994,954770.496399,30193177349.7,23.8667|57.6
23.2507,57.5962,1979-07-03T13:10:00Z,4.5,11,SEA-011,Opensea,Gulf of Riga,Opensea Gulf of Riga,Gulf of Riga,Opensea Gulf of Riga,8674.48923994,954770.496399,30193177349.7,23.2507|57.5962
22.8781,57.5354,1979-07-03T16:55:00Z,4,12,SEA-011,Opensea,Gulf of Riga,Opensea Gulf of Riga,Gulf of Riga,Opensea Gulf of Riga,8674.48923994,954770.496399,30193177349.7,22.8781|57.5354
22.9333,57.7,1979-09-13T12:30:00Z,4.5,12,SEA-011,Opensea,Gulf of Riga,Opensea Gulf of Riga,Gulf of Riga,Opensea Gulf of Riga,8674.48923994,954770.496399,30193177349.7,22.9333|57.7
24.37333,57.31564,2022-03-04T11:55:00Z,1.5,21,LAT-004,Latvia,Gulf of Riga,"Gulf of Riga stony coast, waterbodies D&F",,"Gulf of Riga stony coast, waterbodies D&F",308.69830546,436367.284109,1064792248.48,24.37333|57.31564
24.28698,57.31387,2022-03-04T12:28:00Z,1.5,21,SEA-011,Opensea,Gulf of Riga,Opensea Gulf of Riga,Gulf of Riga,Opensea Gulf of Riga,8674.48923994,954770.496399,30193177349.7,24.28698|57.31387
24.08356,57.35093,2022-03-04T13:42:00Z,2.8,17,SEA-011,Opensea,Gulf of Riga,Opensea Gulf of Riga,Gulf of Riga,Opensea Gulf of Riga,8674.48923994,954770.496399,30193177349.7,24.08356|57.35093
24.35075,57.44793,2022-03-04T15:39:00Z,1.7,21,LAT-004,Latvia,Gulf of Riga,"Gulf of Riga stony coast, waterbodies D&F",,"Gulf of Riga stony coast, waterbodies D&F",308.69830546,436367.284109,1064792248.48,24.35075|57.44793
24.29788,57.59233,2022-03-04T16:51:00Z,1.6,21,SEA-011,Opensea,Gulf of Riga,Opensea Gulf of Riga,Gulf of Riga,Opensea Gulf of Riga,8674.48923994,954770.496399,30193177349.7,24.29788|57.59233
22.88629,57.79706,2022-03-07T07:01:00Z,2.6,13,SEA-011,Opensea,Gulf of Riga,Opensea Gulf of Riga,Gulf of Riga,Opensea Gulf of Riga,8674.48923994,954770.496399,30193177349.7,22.88629|57.79706
22.98346,57.5678,2022-03-07T09:12:00Z,2.6,13,SEA-011,Opensea,Gulf of Riga,Opensea Gulf of Riga,Gulf of Riga,Opensea Gulf of Riga,8674.48923994,954770.496399,30193177349.7,22.98346|57.5678
23.23824,57.359,2022-03-07T11:27:00Z,3.5,13,SEA-011,Opensea,Gulf of Riga,Opensea Gulf of Riga,Gulf of Riga,Opensea Gulf of Riga,8674.48923994,954770.496399,30193177349.7,23.23824|57.359
23.48212,57.39971,2022-03-07T12:46:00Z,3.4,13,SEA-011,Opensea,Gulf of Riga,Opensea Gulf of Riga,Gulf of Riga,Opensea Gulf of Riga,8674.48923994,954770.496399,30193177349.7,23.48212|57.39971
23.33307,57.22192,2022-03-07T14:37:00Z,3.2,13,SEA-011,Opensea,Gulf of Riga,Opensea Gulf of Riga,Gulf of Riga,Opensea Gulf of Riga,8674.48923994,954770.496399,30193177349.7,23.33307|57.22192
23.66735,57.16858,2022-03-07T16:18:00Z,1.8,19,SEA-011,Opensea,Gulf of Riga,Opensea Gulf of Riga,Gulf of Riga,Opensea Gulf of Riga,8674.48923994,954770.496399,30193177349.7,23.66735|57.16858
23.48717,57.04767,2022-03-07T17:50:00Z,3,13,LAT-003,Latvia,Gulf of Riga,"Gulf of Riga sandy coast, waterbodies C&E",,"Gulf of Riga sandy coast, waterbodies C&E",387.080162999,296440.220511,1327844259.75,23.48717|57.04767
23.61641,57.61777,2022-03-08T07:02:00Z,3.1,13,SEA-011,Opensea,Gulf of Riga,Opensea Gulf of Riga,Gulf of Riga,Opensea Gulf of Riga,8674.48923994,954770.496399,30193177349.7,23.61641|57.61777
23.76769,57.41807,2022-03-08T08:58:00Z,3.5,13,SEA-011,Opensea,Gulf of Riga,Opensea Gulf of Riga,Gulf of Riga,Opensea Gulf of Riga,8674.48923994,954770.496399,30193177349.7,23.76769|57.41807
23.84872,57.30011,2022-03-08T10:14:00Z,3.5,13,SEA-011,Opensea,Gulf of Riga,Opensea Gulf of Riga,Gulf of Riga,Opensea Gulf of Riga,8674.48923994,954770.496399,30193177349.7,23.84872|57.30011
23.93354,57.1684,2022-03-08T11:30:00Z,1.4,21,LAT-005,Latvia,Gulf of Riga,Gulf of Riga transitional waters,,Gulf of Riga transitional waters,855.811191767,243360.758113,2896144600.07,23.93354|57.1684
24.24969,57.16857,2022-03-08T12:49:00Z,1.1,21,LAT-005,Latvia,Gulf of Riga,Gulf of Riga transitional waters,,Gulf of Riga transitional waters,855.811191767,243360.758113,2896144600.07,24.24969|57.16857
24.21881,57.18227,2022-03-08T13:08:00Z,1.5,21,LAT-005,Latvia,Gulf of Riga,Gulf of Riga transitional waters,,Gulf of Riga transitional waters,855.811191767,243360.758113,2896144600.07,24.21881|57.18227
24.0089,57.08348,2022-05-13T11:45:00Z,1.8,21,LAT-005,Latvia,Gulf of Riga,Gulf of Riga transitional waters,,Gulf of Riga transitional waters,855.811191767,243360.758113,2896144600.07,24.0089|57.08348
23.98368,57.10365,2022-05-13T13:05:00Z,2,21,LAT-005,Latvia,Gulf of Riga,Gulf of Riga transitional waters,,Gulf of Riga transitional waters,855.811191767,243360.758113,2896144600.07,23.98368|57.10365
23.95762,57.12483,2022-05-13T13:03:00Z,2.2,17,LAT-005,Latvia,Gulf of Riga,Gulf of Riga transitional waters,,Gulf of Riga transitional waters,855.811191767,243360.758113,2896144600.07,23.95762|57.12483
23.93393,57.16685,2022-05-13T14:56:00Z,2.2,17,LAT-005,Latvia,Gulf of Riga,Gulf of Riga transitional waters,,Gulf of Riga transitional waters,855.811191767,243360.758113,2896144600.07,23.93393|57.16685
23.85037,57.29998,2022-05-13T16:26:00Z,3,15,SEA-011,Opensea,Gulf of Riga,Opensea Gulf of Riga,Gulf of Riga,Opensea Gulf of Riga,8674.48923994,954770.496399,30193177349.7,23.85037|57.29998
23.66665,57.16692,2022-05-13T18:24:00Z,2.5,15,SEA-011,Opensea,Gulf of Riga,Opensea Gulf of Riga,Gulf of Riga,Opensea Gulf of Riga,8674.48923994,954770.496399,30193177349.7,23.66665|57.16692
23.4856,57.04653,2022-05-13T20:00:00Z,2.5,15,LAT-003,Latvia,Gulf of Riga,"Gulf of Riga sandy coast, waterbodies C&E",,"Gulf of Riga sandy coast, waterbodies C&E",387.080162999,296440.220511,1327844259.75,23.4856|57.04653
23.74355,56.98023,2022-05-13T21:40:00Z,2.5,15,LAT-005,Latvia,Gulf of Riga,Gulf of Riga transitional waters,,Gulf of Riga transitional waters,855.811191767,243360.758113,2896144600.07,23.74355|56.98023
23.06995,57.39717,2022-05-14T10:56:00Z,3,13,LAT-004,Latvia,Gulf of Riga,"Gulf of Riga stony coast, waterbodies D&F",,"Gulf of Riga stony coast, waterbodies D&F",308.69830546,436367.284109,1064792248.48,23.06995|57.39717
22.81633,57.53367,2022-05-14T12:52:00Z,3.5,11,LAT-003,Latvia,Gulf of Riga,"Gulf of Riga sandy coast, waterbodies C&E",,"Gulf of Riga sandy coast, waterbodies C&E",387.080162999,296440.220511,1327844259.75,22.81633|57.53367
22.98368,57.5663,2022-05-14T14:16:00Z,2.8,15,SEA-011,Opensea,Gulf of Riga,Opensea Gulf of Riga,Gulf of Riga,Opensea Gulf of Riga,8674.48923994,954770.496399,30193177349.7,22.98368|57.5663
22.618,57.73352,2022-05-14T17:05:00Z,3.5,11,LAT-003,Latvia,Gulf of Riga,"Gulf of Riga sandy coast, waterbodies C&E",,"Gulf of Riga sandy coast, waterbodies C&E",387.080162999,296440.220511,1327844259.75,22.618|57.73352
22.88395,57.79703,2022-05-14T18:45:00Z,2.8,13,SEA-011,Opensea,Gulf of Riga,Opensea Gulf of Riga,Gulf of Riga,Opensea Gulf of Riga,8674.48923994,954770.496399,30193177349.7,22.88395|57.79703
22.41038,57.84432,2022-05-14T21:19:00Z,3,9,SEA-011,Opensea,Gulf of Riga,Opensea Gulf of Riga,Gulf of Riga,Opensea Gulf of Riga,8674.48923994,954770.496399,30193177349.7,22.41038|57.84432
23.76632,57.41552,2022-05-17T09:20:00Z,2.5,15,SEA-011,Opensea,Gulf of Riga,Opensea Gulf of Riga,Gulf of Riga,Opensea Gulf of Riga,8674.48923994,954770.496399,30193177349.7,23.76632|57.41552
23.61565,57.61565,2022-05-17T11:55:00Z,3,15,SEA-011,Opensea,Gulf of Riga,Opensea Gulf of Riga,Gulf of Riga,Opensea Gulf of Riga,8674.48923994,954770.496399,30193177349.7,23.61565|57.61565
23.91677,57.84937,2022-05-17T15:25:00Z,2.8,15,SEA-011,Opensea,Gulf of Riga,Opensea Gulf of Riga,Gulf of Riga,Opensea Gulf of Riga,8674.48923994,954770.496399,30193177349.7,23.91677|57.84937
24.24238,57.87982,2022-05-17T17:35:00Z,2.2,17,SEA-011,Opensea,Gulf of Riga,Opensea Gulf of Riga,Gulf of Riga,Opensea Gulf of Riga,8674.48923994,954770.496399,30193177349.7,24.24238|57.87982
24.11813,57.59995,2022-05-17T20:05:00Z,2.8,17,SEA-011,Opensea,Gulf of Riga,Opensea Gulf of Riga,Gulf of Riga,Opensea Gulf of Riga,8674.48923994,954770.496399,30193177349.7,24.11813|57.59995
24.30137,57.59132,2022-05-17T21:25:00Z,2.2,17,SEA-011,Opensea,Gulf of Riga,Opensea Gulf of Riga,Gulf of Riga,Opensea Gulf of Riga,8674.48923994,954770.496399,30193177349.7,24.30137|57.59132
24.33702,57.59317,2022-05-17T22:35:00Z,1.8,17,LAT-004,Latvia,Gulf of Riga,"Gulf of Riga stony coast, waterbodies D&F",,"Gulf of Riga stony coast, waterbodies D&F",308.69830546,436367.284109,1064792248.48,24.33702|57.59317
24.08363,57.35023,2022-05-18T08:00:00Z,2.5,17,SEA-011,Opensea,Gulf of Riga,Opensea Gulf of Riga,Gulf of Riga,Opensea Gulf of Riga,8674.48923994,954770.496399,30193177349.7,24.08363|57.35023
24.28657,57.3127,2022-05-18T09:28:00Z,3,17,SEA-011,Opensea,Gulf of Riga,Opensea Gulf of Riga,Gulf of Riga,Opensea Gulf of Riga,8674.48923994,954770.496399,30193177349.7,24.28657|57.3127
24.37483,57.3154,2022-05-18T10:25:00Z,1.8,19,LAT-004,Latvia,Gulf of Riga,"Gulf of Riga stony coast, waterbodies D&F",,"Gulf of Riga stony coast, waterbodies D&F",308.69830546,436367.284109,1064792248.48,24.37483|57.3154
24.25183,57.16742,2022-05-18T11:52:00Z,1.8,19,LAT-005,Latvia,Gulf of Riga,Gulf of Riga transitional waters,,Gulf of Riga transitional waters,855.811191767,243360.758113,2896144600.07,24.25183|57.16742
24.21722,57.18318,2022-05-18T12:33:00Z,1.8,19,LAT-005,Latvia,Gulf of Riga,Gulf of Riga transitional waters,,Gulf of Riga transitional waters,855.811191767,243360.758113,2896144600.07,24.21722|57.18318
22.41021,57.84536,2022-08-17T18:57:00Z,3.2,9,SEA-011,Opensea,Gulf of Riga,Opensea Gulf of Riga,Gulf of Riga,Opensea Gulf of Riga,8674.48923994,954770.496399,30193177349.7,22.41021|57.84536
22.81525,57.53468,2022-08-18T07:12:00Z,3.8,11,LAT-003,Latvia,Gulf of Riga,"Gulf of Riga sandy coast, waterbodies C&E",,"Gulf of Riga sandy coast, waterbodies C&E",387.080162999,296440.220511,1327844259.75,22.81525|57.53468
22.98271,57.56708,2022-08-18T08:02:00Z,3.8,19,SEA-011,Opensea,Gulf of Riga,Opensea Gulf of Riga,Gulf of Riga,Opensea Gulf of Riga,8674.48923994,954770.496399,30193177349.7,22.98271|57.56708
23.0703,57.39865,2022-08-18T09:36:00Z,3,19,LAT-004,Latvia,Gulf of Riga,"Gulf of Riga stony coast, waterbodies D&F",,"Gulf of Riga stony coast, waterbodies D&F",308.69830546,436367.284109,1064792248.48,23.0703|57.39865
23.76478,57.41656,2022-08-18T12:53:00Z,3.4,19,SEA-011,Opensea,Gulf of Riga,Opensea Gulf of Riga,Gulf of Riga,Opensea Gulf of Riga,8674.48923994,954770.496399,30193177349.7,23.76478|57.41656
24.08238,57.35161,2022-08-18T14:25:00Z,3.2,19,SEA-011,Opensea,Gulf of Riga,Opensea Gulf of Riga,Gulf of Riga,Opensea Gulf of Riga,8674.48923994,954770.496399,30193177349.7,24.08238|57.35161
23.84988,57.29995,2022-08-18T15:33:00Z,4,9,SEA-011,Opensea,Gulf of Riga,Opensea Gulf of Riga,Gulf of Riga,Opensea Gulf of Riga,8674.48923994,954770.496399,30193177349.7,23.84988|57.29995
23.93445,57.16665,2022-08-18T17:04:00Z,3.5,19,LAT-005,Latvia,Gulf of Riga,Gulf of Riga transitional waters,,Gulf of Riga transitional waters,855.811191767,243360.758113,2896144600.07,23.93445|57.16665
23.66735,57.1672,2022-08-18T18:15:00Z,3.4,19,SEA-011,Opensea,Gulf of Riga,Opensea Gulf of Riga,Gulf of Riga,Opensea Gulf of Riga,8674.48923994,954770.496399,30193177349.7,23.66735|57.1672
23.253,57.1669,2022-08-18T19:57:00Z,3,19,LAT-003,Latvia,Gulf of Riga,"Gulf of Riga sandy coast, waterbodies C&E",,"Gulf of Riga sandy coast, waterbodies C&E",387.080162999,296440.220511,1327844259.75,23.253|57.1669
23.7413,56.98016,2022-08-19T07:25:00Z,2.8,9,LAT-005,Latvia,Gulf of Riga,Gulf of Riga transitional waters,,Gulf of Riga transitional waters,855.811191767,243360.758113,2896144600.07,23.7413|56.98016
23.91973,57.02528,2022-08-19T08:18:00Z,2.5,13,LAT-005,Latvia,Gulf of Riga,Gulf of Riga transitional waters,,Gulf of Riga transitional waters,855.811191767,243360.758113,2896144600.07,23.91973|57.02528
23.8863,57.05531,2022-08-19T08:43:00Z,2,11,LAT-005,Latvia,Gulf of Riga,Gulf of Riga transitional waters,,Gulf of Riga transitional waters,855.811191767,243360.758113,2896144600.07,23.8863|57.05531
23.99985,57.08328,2022-08-19T09:26:00Z,2,21,LAT-005,Latvia,Gulf of Riga,Gulf of Riga transitional waters,,Gulf of Riga transitional waters,855.811191767,243360.758113,2896144600.07,23.99985|57.08328
23.9823,57.10316,2022-08-19T09:40:00Z,3,11,LAT-005,Latvia,Gulf of Riga,Gulf of Riga transitional waters,,Gulf of Riga transitional waters,855.811191767,243360.758113,2896144600.07,23.9823|57.10316
24.21661,57.18283,2022-08-19T10:56:00Z,3.2,9,LAT-005,Latvia,Gulf of Riga,Gulf of Riga transitional waters,,Gulf of Riga transitional waters,855.811191767,243360.758113,2896144600.07,24.21661|57.18283
24.3742,57.3151,2022-08-19T12:33:00Z,2.3,21,LAT-004,Latvia,Gulf of Riga,"Gulf of Riga stony coast, waterbodies D&F",,"Gulf of Riga stony coast, waterbodies D&F",308.69830546,436367.284109,1064792248.48,24.3742|57.3151
24.3734,57.3144,2022-06-13T14:31:00Z,2.5,19,LAT-004,Latvia,Gulf of Riga,"Gulf of Riga stony coast, waterbodies D&F",,"Gulf of Riga stony coast, waterbodies D&F",308.69830546,436367.284109,1064792248.48,24.3734|57.3144
24.08292,57.34938,2022-06-13T14:50:00Z,2.5,19,SEA-011,Opensea,Gulf of Riga,Opensea Gulf of Riga,Gulf of Riga,Opensea Gulf of Riga,8674.48923994,954770.496399,30193177349.7,24.08292|57.34938
24.21604,57.18391,2022-06-13T16:47:00Z,3,19,LAT-005,Latvia,Gulf of Riga,Gulf of Riga transitional waters,,Gulf of Riga transitional waters,855.811191767,243360.758113,2896144600.07,24.21604|57.18391
24.25153,57.16811,2022-06-13T17:09:00Z,1.5,21,LAT-005,Latvia,Gulf of Riga,Gulf of Riga transitional waters,,Gulf of Riga transitional waters,855.811191767,243360.758113,2896144600.07,24.25153|57.16811
23.932,57.16717,2022-06-13T18:58:00Z,2.5,19,LAT-005,Latvia,Gulf of Riga,Gulf of Riga transitional waters,,Gulf of Riga transitional waters,855.811191767,243360.758113,2896144600.07,23.932|57.16717
23.98257,57.10493,2022-06-13T19:41:00Z,1.5,19,LAT-005,Latvia,Gulf of Riga,Gulf of Riga transitional waters,,Gulf of Riga transitional waters,855.811191767,243360.758113,2896144600.07,23.98257|57.10493
24.00081,57.08345,2022-06-13T20:43:00Z,2,17,LAT-005,Latvia,Gulf of Riga,Gulf of Riga transitional waters,,Gulf of Riga transitional waters,855.811191767,243360.758113,2896144600.07,24.00081|57.08345
23.88822,57.05547,2022-06-13T21:29:00Z,2,17,LAT-005,Latvia,Gulf of Riga,Gulf of Riga transitional waters,,Gulf of Riga transitional waters,855.811191767,243360.758113,2896144600.07,23.88822|57.05547
23.91957,57.02501,2022-06-13T21:55:00Z,1.5,17,LAT-005,Latvia,Gulf of Riga,Gulf of Riga transitional waters,,Gulf of Riga transitional waters,855.811191767,243360.758113,2896144600.07,23.91957|57.02501
23.74191,56.9812,2022-06-13T22:47:00Z,2,17,LAT-005,Latvia,Gulf of Riga,Gulf of Riga transitional waters,,Gulf of Riga transitional waters,855.811191767,243360.758113,2896144600.07,23.74191|56.9812
23.48632,57.04697,2022-06-14T08:33:00Z,2,17,LAT-003,Latvia,Gulf of Riga,"Gulf of Riga sandy coast, waterbodies C&E",,"Gulf of Riga sandy coast, waterbodies C&E",387.080162999,296440.220511,1327844259.75,23.48632|57.04697
23.66767,57.16723,2022-06-14T10:45:00Z,2.5,19,SEA-011,Opensea,Gulf of Riga,Opensea Gulf of Riga,Gulf of Riga,Opensea Gulf of Riga,8674.48923994,954770.496399,30193177349.7,23.66767|57.16723
23.86867,57.30646,2022-06-14T12:59:00Z,3,19,SEA-011,Opensea,Gulf of Riga,Opensea Gulf of Riga,Gulf of Riga,Opensea Gulf of Riga,8674.48923994,954770.496399,30193177349.7,23.86867|57.30646
23.76639,57.4157,2022-06-14T16:32:00Z,3.5,15,SEA-011,Opensea,Gulf of Riga,Opensea Gulf of Riga,Gulf of Riga,Opensea Gulf of Riga,8674.48923994,954770.496399,30193177349.7,23.76639|57.4157
23.48243,57.39984,2022-06-14T18:20:00Z,2.5,15,SEA-011,Opensea,Gulf of Riga,Opensea Gulf of Riga,Gulf of Riga,Opensea Gulf of Riga,8674.48923994,954770.496399,30193177349.7,23.48243|57.39984
23.06995,57.39664,2022-06-14T20:12:00Z,5,19,LAT-004,Latvia,Gulf of Riga,"Gulf of Riga stony coast, waterbodies D&F",,"Gulf of Riga stony coast, waterbodies D&F",308.69830546,436367.284109,1064792248.48,23.06995|57.39664
22.97983,57.56571,2022-06-14T21:42:00Z,3,15,SEA-011,Opensea,Gulf of Riga,Opensea Gulf of Riga,Gulf of Riga,Opensea Gulf of Riga,8674.48923994,954770.496399,30193177349.7,22.97983|57.56571
23.61396,57.61695,2022-06-17T14:58:00Z,3,13,SEA-011,Opensea,Gulf of Riga,Opensea Gulf of Riga,Gulf of Riga,Opensea Gulf of Riga,8674.48923994,954770.496399,30193177349.7,23.61396|57.61695
24.11678,57.59867,2022-06-17T17:29:00Z,2.5,19,SEA-011,Opensea,Gulf of Riga,Opensea Gulf of Riga,Gulf of Riga,Opensea Gulf of Riga,8674.48923994,954770.496399,30193177349.7,24.11678|57.59867
24.35355,57.448383,2022-08-14T15:28:00Z,3.5,13,LAT-004,Latvia,Gulf of Riga,"Gulf of Riga stony coast, waterbodies D&F",,"Gulf of Riga stony coast, waterbodies D&F",308.69830546,436367.284109,1064792248.48,24.35355|57.448383
24.335833,57.59275,2022-08-14T16:41:00Z,4,13,LAT-004,Latvia,Gulf of Riga,"Gulf of Riga stony coast, waterbodies D&F",,"Gulf of Riga stony coast, waterbodies D&F",308.69830546,436367.284109,1064792248.48,24.335833|57.59275
24.234,57.60015,2022-08-14T17:45:00Z,3.7,13,SEA-011,Opensea,Gulf of Riga,Opensea Gulf of Riga,Gulf of Riga,Opensea Gulf of Riga,8674.48923994,954770.496399,30193177349.7,24.234|57.60015
24.314733,57.746783,2022-08-14T19:25:00Z,2.1,19,LAT-004,Latvia,Gulf of Riga,"Gulf of Riga stony coast, waterbodies D&F",,"Gulf of Riga stony coast, waterbodies D&F",308.69830546,436367.284109,1064792248.48,24.314733|57.746783
24.242683,57.8798,2022-08-14T20:30:00Z,2.5,19,SEA-011,Opensea,Gulf of Riga,Opensea Gulf of Riga,Gulf of Riga,Opensea Gulf of Riga,8674.48923994,954770.496399,30193177349.7,24.242683|57.8798
24.3751,57.31584,2022-11-04T10:21:00Z,27,17,LAT-004,Latvia,Gulf of Riga,"Gulf of Riga stony coast, waterbodies D&F",,"Gulf of Riga stony coast, waterbodies D&F",308.69830546,436367.284109,1064792248.48,24.3751|57.31584
24.29001,57.31334,2022-11-04T10:49:00Z,2.8,15,SEA-011,Opensea,Gulf of Riga,Opensea Gulf of Riga,Gulf of Riga,Opensea Gulf of Riga,8674.48923994,954770.496399,30193177349.7,24.29001|57.31334
24.08537,57.34986,2022-11-04T11:57:00Z,3.6,13,SEA-011,Opensea,Gulf of Riga,Opensea Gulf of Riga,Gulf of Riga,Opensea Gulf of Riga,8674.48923994,954770.496399,30193177349.7,24.08537|57.34986
23.76942,57.41651,2022-11-04T13:40:00Z,4.7,13,SEA-011,Opensea,Gulf of Riga,Opensea Gulf of Riga,Gulf of Riga,Opensea Gulf of Riga,8674.48923994,954770.496399,30193177349.7,23.76942|57.41651
23.4852,57.39982,2022-11-04T14:59:00Z,4.5,13,SEA-011,Opensea,Gulf of Riga,Opensea Gulf of Riga,Gulf of Riga,Opensea Gulf of Riga,8674.48923994,954770.496399,30193177349.7,23.4852|57.39982
24.24265,57.88081,2022-11-05T07:59:00Z,2.9,13,SEA-011,Opensea,Gulf of Riga,Opensea Gulf of Riga,Gulf of Riga,Opensea Gulf of Riga,8674.48923994,954770.496399,30193177349.7,24.24265|57.88081
24.3166,57.74802,2022-11-05T09:15:00Z,2.8,13,LAT-004,Latvia,Gulf of Riga,"Gulf of Riga stony coast, waterbodies D&F",,"Gulf of Riga stony coast, waterbodies D&F",308.69830546,436367.284109,1064792248.48,24.3166|57.74802
24.11875,57.6015,2022-11-05T10:46:00Z,3.8,13,SEA-011,Opensea,Gulf of Riga,Opensea Gulf of Riga,Gulf of Riga,Opensea Gulf of Riga,8674.48923994,954770.496399,30193177349.7,24.11875|57.6015
24.2987,57.59271,2022-11-05T11:50:00Z,2.8,13,SEA-011,Opensea,Gulf of Riga,Opensea Gulf of Riga,Gulf of Riga,Opensea Gulf of Riga,8674.48923994,954770.496399,30193177349.7,24.2987|57.59271
24.33716,57.59342,2022-11-05T12:44:00Z,2.9,13,LAT-004,Latvia,Gulf of Riga,"Gulf of Riga stony coast, waterbodies D&F",,"Gulf of Riga stony coast, waterbodies D&F",308.69830546,436367.284109,1064792248.48,24.33716|57.59342
24.35355,57.44897,2022-11-05T13:57:00Z,2.8,13,LAT-004,Latvia,Gulf of Riga,"Gulf of Riga stony coast, waterbodies D&F",,"Gulf of Riga stony coast, waterbodies D&F",308.69830546,436367.284109,1064792248.48,24.35355|57.44897
24.21541,57.18396,2022-11-05T16:05:00Z,2.7,17,LAT-005,Latvia,Gulf of Riga,Gulf of Riga transitional waters,,Gulf of Riga transitional waters,855.811191767,243360.758113,2896144600.07,24.21541|57.18396
23.66644,57.16694,2022-11-06T08:56:00Z,4.7,13,SEA-011,Opensea,Gulf of Riga,Opensea Gulf of Riga,Gulf of Riga,Opensea Gulf of Riga,8674.48923994,954770.496399,30193177349.7,23.66644|57.16694
23.85049,57.30025,2022-11-06T10:29:00Z,4.8,13,SEA-011,Opensea,Gulf of Riga,Opensea Gulf of Riga,Gulf of Riga,Opensea Gulf of Riga,8674.48923994,954770.496399,30193177349.7,23.85049|57.30025
23.33095,57.21976,2022-11-06T13:06:00Z,4.1,13,SEA-011,Opensea,Gulf of Riga,Opensea Gulf of Riga,Gulf of Riga,Opensea Gulf of Riga,8674.48923994,954770.496399,30193177349.7,23.33095|57.21976
23.25326,57.16687,2022-11-06T13:53:00Z,3.7,13,LAT-003,Latvia,Gulf of Riga,"Gulf of Riga sandy coast, waterbodies C&E",,"Gulf of Riga sandy coast, waterbodies C&E",387.080162999,296440.220511,1327844259.75,23.25326|57.16687
23.07094,57.39785,2022-11-06T15:54:00Z,2.1,13,LAT-004,Latvia,Gulf of Riga,"Gulf of Riga stony coast, waterbodies D&F",,"Gulf of Riga stony coast, waterbodies D&F",308.69830546,436367.284109,1064792248.48,23.07094|57.39785
24.1318,57.9683,1973-05-24T16:15:00Z,4.5,13,SEA-011,Opensea,Gulf of Riga,Opensea Gulf of Riga,Gulf of Riga,Opensea Gulf of Riga,8674.48923994,954770.496399,30193177349.7,24.1318|57.9683
24.483,58.325,1973-05-24T08:07:00Z,2.2,18,EST-013,Estonia,Gulf of Riga,Pärnu Bay CWB,,EE_13,220.347836255,135817.528617,796540402.226,24.483|58.325
24.4,58.3,1973-05-24T09:07:00Z,1.5,19,EST-013,Estonia,Gulf of Riga,Pärnu Bay CWB,,EE_13,220.347836255,135817.528617,796540402.226,24.4|58.3
24.358,58.262,1973-05-24T10:50:00Z,3,17,EST-013,Estonia,Gulf of Riga,Pärnu Bay CWB,,EE_13,220.347836255,135817.528617,796540402.226,24.358|58.262
24.233,58.108,1973-05-24T13:17:00Z,3.8,15,EST-018,Estonia,Gulf of Riga,NE part of the Gulf of Riga CWB,,EE_18,1926.65785695,1086062.9138,6931317200.6,24.233|58.108
24.2,58.067,1973-05-24T14:30:00Z,4,13,EST-018,Estonia,Gulf of Riga,NE part of the Gulf of Riga CWB,,EE_18,1926.65785695,1086062.9138,6931317200.6,24.2|58.067
23.9733,58.0667,1973-05-25T08:50:00Z,4,13,SEA-011,Opensea,Gulf of Riga,Opensea Gulf of Riga,Gulf of Riga,Opensea Gulf of Riga,8674.48923994,954770.496399,30193177349.7,23.9733|58.0667
23.905,58.045,1973-05-25T09:35:00Z,4.5,13,EST-019,Estonia,Gulf of Riga,Central part of the Gulf of Riga CWB,,EE_19,1960.16337669,379661.151667,6969951504.02,23.905|58.045
23.875,58.025,1973-05-25T10:30:00Z,0.5,13,SEA-011,Opensea,Gulf of Riga,Opensea Gulf of Riga,Gulf of Riga,Opensea Gulf of Riga,8674.48923994,954770.496399,30193177349.7,23.875|58.025
23.875,58.0117,1973-05-25T11:27:00Z,4.5,13,SEA-011,Opensea,Gulf of Riga,Opensea Gulf of Riga,Gulf of Riga,Opensea Gulf of Riga,8674.48923994,954770.496399,30193177349.7,23.875|58.0117
23.8833,58.0017,1973-05-25T12:30:00Z,4.5,13,SEA-011,Opensea,Gulf of Riga,Opensea Gulf of Riga,Gulf of Riga,Opensea Gulf of Riga,8674.48923994,954770.496399,30193177349.7,23.8833|58.0017
23.8833,57.9833,1973-05-25T13:55:00Z,4.5,13,SEA-011,Opensea,Gulf of Riga,Opensea Gulf of Riga,Gulf of Riga,Opensea Gulf of Riga,8674.48923994,954770.496399,30193177349.7,23.8833|57.9833
23.9167,57.85,1973-05-25T16:40:00Z,5,13,SEA-011,Opensea,Gulf of Riga,Opensea Gulf of Riga,Gulf of Riga,Opensea Gulf of Riga,8674.48923994,954770.496399,30193177349.7,23.9167|57.85
23.915,57.7933,1973-05-25T18:30:00Z,4.5,14,SEA-011,Opensea,Gulf of Riga,Opensea Gulf of Riga,Gulf of Riga,Opensea Gulf of Riga,8674.48923994,954770.496399,30193177349.7,23.915|57.7933
23.9033,57.76,1973-05-25T20:45:00Z,4.5,13,SEA-011,Opensea,Gulf of Riga,Opensea Gulf of Riga,Gulf of Riga,Opensea Gulf of Riga,8674.48923994,954770.496399,30193177349.7,23.9033|57.76
24.2,58.067,1973-06-06T11:19:00Z,3,14,EST-018,Estonia,Gulf of Riga,NE part of the Gulf of Riga CWB,,EE_18,1926.65785695,1086062.9138,6931317200.6,24.2|58.067
24.1318,57.9683,1973-06-06T12:33:00Z,3,14,SEA-011,Opensea,Gulf of Riga,Opensea Gulf of Riga,Gulf of Riga,Opensea Gulf of Riga,8674.48923994,954770.496399,30193177349.7,24.1318|57.9683
23.9033,57.76,1973-06-06T16:25:00Z,3,14,SEA-011,Opensea,Gulf of Riga,Opensea Gulf of Riga,Gulf of Riga,Opensea Gulf of Riga,8674.48923994,954770.496399,30193177349.7,23.9033|57.76
23.915,57.7933,1973-06-06T18:09:00Z,3,14,SEA-011,Opensea,Gulf of Riga,Opensea Gulf of Riga,Gulf of Riga,Opensea Gulf of Riga,8674.48923994,954770.496399,30193177349.7,23.915|57.7933
23.9167,57.85,1973-06-06T19:35:00Z,3,14,SEA-011,Opensea,Gulf of Riga,Opensea Gulf of Riga,Gulf of Riga,Opensea Gulf of Riga,8674.48923994,954770.496399,30193177349.7,23.9167|57.85
23.9733,58.0667,1973-06-07T06:47:00Z,2.5,14,SEA-011,Opensea,Gulf of Riga,Opensea Gulf of Riga,Gulf of Riga,Opensea Gulf of Riga,8674.48923994,954770.496399,30193177349.7,23.9733|58.0667
23.905,58.045,1973-06-07T07:37:00Z,2.5,14,EST-019,Estonia,Gulf of Riga,Central part of the Gulf of Riga CWB,,EE_19,1960.16337669,379661.151667,6969951504.02,23.905|58.045
23.875,58.025,1973-06-07T08:02:00Z,2.5,14,SEA-011,Opensea,Gulf of Riga,Opensea Gulf of Riga,Gulf of Riga,Opensea Gulf of Riga,8674.48923994,954770.496399,30193177349.7,23.875|58.025
23.875,58.0117,1973-06-07T08:37:00Z,2.5,14,SEA-011,Opensea,Gulf of Riga,Opensea Gulf of Riga,Gulf of Riga,Opensea Gulf of Riga,8674.48923994,954770.496399,30193177349.7,23.875|58.0117
23.8833,58.0017,1973-06-07T09:08:00Z,2.5,14,SEA-011,Opensea,Gulf of Riga,Opensea Gulf of Riga,Gulf of Riga,Opensea Gulf of Riga,8674.48923994,954770.496399,30193177349.7,23.8833|58.0017
23.8833,57.9833,1973-06-07T10:10:00Z,2.5,14,SEA-011,Opensea,Gulf of Riga,Opensea Gulf of Riga,Gulf of Riga,Opensea Gulf of Riga,8674.48923994,954770.496399,30193177349.7,23.8833|57.9833
24.233,58.108,1973-06-07T12:25:00Z,2.5,14,EST-018,Estonia,Gulf of Riga,NE part of the Gulf of Riga CWB,,EE_18,1926.65785695,1086062.9138,6931317200.6,24.233|58.108
24.358,58.262,1973-06-07T14:12:00Z,2.5,15,EST-013,Estonia,Gulf of Riga,Pärnu Bay CWB,,EE_13,220.347836255,135817.528617,796540402.226,24.358|58.262
24.4,58.3,1973-06-07T15:25:00Z,1.5,16,EST-013,Estonia,Gulf of Riga,Pärnu Bay CWB,,EE_13,220.347836255,135817.528617,796540402.226,24.4|58.3
24.483,58.325,1973-06-07T15:58:00Z,1,16,EST-013,Estonia,Gulf of Riga,Pärnu Bay CWB,,EE_13,220.347836255,135817.528617,796540402.226,24.483|58.325
22.6167,57.7333,2016-02-03T08:30:00Z,4,13,LAT-003,Latvia,Gulf of Riga,"Gulf of Riga sandy coast, waterbodies C&E",,"Gulf of Riga sandy coast, waterbodies C&E",387.080162999,296440.220511,1327844259.75,22.6167|57.7333
22.9833,57.5667,2016-02-03T10:50:00Z,4,11,SEA-011,Opensea,Gulf of Riga,Opensea Gulf of Riga,Gulf of Riga,Opensea Gulf of Riga,8674.48923994,954770.496399,30193177349.7,22.9833|57.5667
23.07,57.3967,2016-02-03T12:30:00Z,4,11,LAT-004,Latvia,Gulf of Riga,"Gulf of Riga stony coast, waterbodies D&F",,"Gulf of Riga stony coast, waterbodies D&F",308.69830546,436367.284109,1064792248.48,23.07|57.3967
23.4833,57.4,2016-02-03T14:10:00Z,4,11,SEA-011,Opensea,Gulf of Riga,Opensea Gulf of Riga,Gulf of Riga,Opensea Gulf of Riga,8674.48923994,954770.496399,30193177349.7,23.4833|57.4
23.9333,57.1667,2016-02-04T12:15:00Z,4.5,11,LAT-005,Latvia,Gulf of Riga,Gulf of Riga transitional waters,,Gulf of Riga transitional waters,855.811191767,243360.758113,2896144600.07,23.9333|57.1667
23.85,57.3,2016-02-04T13:35:00Z,4.5,11,SEA-011,Opensea,Gulf of Riga,Opensea Gulf of Riga,Gulf of Riga,Opensea Gulf of Riga,8674.48923994,954770.496399,30193177349.7,23.85|57.3
24.25,57.1683,2016-02-04T15:25:00Z,4,11,LAT-005,Latvia,Gulf of Riga,Gulf of Riga transitional waters,,Gulf of Riga transitional waters,855.811191767,243360.758113,2896144600.07,24.25|57.1683
24.0017,57.0833,2016-02-04T16:45:00Z,3,19,LAT-005,Latvia,Gulf of Riga,Gulf of Riga transitional waters,,Gulf of Riga transitional waters,855.811191767,243360.758113,2896144600.07,24.0017|57.0833
23.9833,57.1,2016-03-02T10:55:00Z,5.3,19,LAT-005,Latvia,Gulf of Riga,Gulf of Riga transitional waters,,Gulf of Riga transitional waters,855.811191767,243360.758113,2896144600.07,23.9833|57.1
24.0017,57.0833,2016-03-02T11:15:00Z,3,21,LAT-005,Latvia,Gulf of Riga,Gulf of Riga transitional waters,,Gulf of Riga transitional waters,855.811191767,243360.758113,2896144600.07,24.0017|57.0833
24.0017,57.0833,2016-03-30T10:05:00Z,1.7,21,LAT-005,Latvia,Gulf of Riga,Gulf of Riga transitional waters,,Gulf of Riga transitional waters,855.811191767,243360.758113,2896144600.07,24.0017|57.0833
23.9833,57.1,2016-03-30T10:25:00Z,1.7,21,LAT-005,Latvia,Gulf of Riga,Gulf of Riga transitional waters,,Gulf of Riga transitional waters,855.811191767,243360.758113,2896144600.07,23.9833|57.1
24.0017,57.0833,2016-04-12T10:05:00Z,2,21,LAT-005,Latvia,Gulf of Riga,Gulf of Riga transitional waters,,Gulf of Riga transitional waters,855.811191767,243360.758113,2896144600.07,24.0017|57.0833
23.9833,57.1,2016-04-12T10:25:00Z,2,21,LAT-005,Latvia,Gulf of Riga,Gulf of Riga transitional waters,,Gulf of Riga transitional waters,855.811191767,243360.758113,2896144600.07,23.9833|57.1
23.9833,57.1,2016-04-27T09:55:00Z,1.6,21,LAT-005,Latvia,Gulf of Riga,Gulf of Riga transitional waters,,Gulf of Riga transitional waters,855.811191767,243360.758113,2896144600.07,23.9833|57.1
24.0017,57.0833,2016-04-27T10:15:00Z,1.9,21,LAT-005,Latvia,Gulf of Riga,Gulf of Riga transitional waters,,Gulf of Riga transitional waters,855.811191767,243360.758113,2896144600.07,24.0017|57.0833
23.9833,57.1,2016-10-05T00:00:00Z,1.5,21,LAT-005,Latvia,Gulf of Riga,Gulf of Riga transitional waters,,Gulf of Riga transitional waters,855.811191767,243360.758113,2896144600.07,23.9833|57.1
24.0017,57.0833,2016-10-05T00:00:00Z,1.3,21,LAT-005,Latvia,Gulf of Riga,Gulf of Riga transitional waters,,Gulf of Riga transitional waters,855.811191767,243360.758113,2896144600.07,24.0017|57.0833
24.0017,57.0833,2016-05-16T13:30:00Z,1.8,21,LAT-005,Latvia,Gulf of Riga,Gulf of Riga transitional waters,,Gulf of Riga transitional waters,855.811191767,243360.758113,2896144600.07,24.0017|57.0833
23.9833,57.1,2016-05-16T14:50:00Z,2.2,21,LAT-005,Latvia,Gulf of Riga,Gulf of Riga transitional waters,,Gulf of Riga transitional waters,855.811191767,243360.758113,2896144600.07,23.9833|57.1
22.41,57.8433,2016-05-18T17:35:00Z,4,9,SEA-011,Opensea,Gulf of Riga,Opensea Gulf of Riga,Gulf of Riga,Opensea Gulf of Riga,8674.48923994,954770.496399,30193177349.7,22.41|57.8433
22.8833,57.7976,2016-05-18T21:05:00Z,3.2,11,SEA-011,Opensea,Gulf of Riga,Opensea Gulf of Riga,Gulf of Riga,Opensea Gulf of Riga,8674.48923994,954770.496399,30193177349.7,22.8833|57.7976
22.8167,57.5333,2016-05-19T05:10:00Z,3.5,9,LAT-003,Latvia,Gulf of Riga,"Gulf of Riga sandy coast, waterbodies C&E",,"Gulf of Riga sandy coast, waterbodies C&E",387.080162999,296440.220511,1327844259.75,22.8167|57.5333
22.9833,57.5667,2016-05-19T06:45:00Z,3.5,9,SEA-011,Opensea,Gulf of Riga,Opensea Gulf of Riga,Gulf of Riga,Opensea Gulf of Riga,8674.48923994,954770.496399,30193177349.7,22.9833|57.5667
23.07,57.3967,2016-05-19T10:05:00Z,3,11,LAT-004,Latvia,Gulf of Riga,"Gulf of Riga stony coast, waterbodies D&F",,"Gulf of Riga stony coast, waterbodies D&F",308.69830546,436367.284109,1064792248.48,23.07|57.3967
23.2373,57.3589,2016-05-19T11:30:00Z,3,11,SEA-011,Opensea,Gulf of Riga,Opensea Gulf of Riga,Gulf of Riga,Opensea Gulf of Riga,8674.48923994,954770.496399,30193177349.7,23.2373|57.3589
23.4833,57.4,2016-05-19T13:15:00Z,2.2,13,SEA-011,Opensea,Gulf of Riga,Opensea Gulf of Riga,Gulf of Riga,Opensea Gulf of Riga,8674.48923994,954770.496399,30193177349.7,23.4833|57.4
23.7667,57.4167,2016-05-19T15:40:00Z,2,19,SEA-011,Opensea,Gulf of Riga,Opensea Gulf of Riga,Gulf of Riga,Opensea Gulf of Riga,8674.48923994,954770.496399,30193177349.7,23.7667|57.4167
23.85,57.3,2016-05-19T17:50:00Z,1.8,19,SEA-011,Opensea,Gulf of Riga,Opensea Gulf of Riga,Gulf of Riga,Opensea Gulf of Riga,8674.48923994,954770.496399,30193177349.7,23.85|57.3
24.0833,57.35,2016-05-19T21:10:00Z,2,11,SEA-011,Opensea,Gulf of Riga,Opensea Gulf of Riga,Gulf of Riga,Opensea Gulf of Riga,8674.48923994,954770.496399,30193177349.7,24.0833|57.35
23.6167,57.6167,2016-05-20T05:10:00Z,1.8,11,SEA-011,Opensea,Gulf of Riga,Opensea Gulf of Riga,Gulf of Riga,Opensea Gulf of Riga,8674.48923994,954770.496399,30193177349.7,23.6167|57.6167
23.9167,57.85,2016-05-20T09:10:00Z,2.5,13,SEA-011,Opensea,Gulf of Riga,Opensea Gulf of Riga,Gulf of Riga,Opensea Gulf of Riga,8674.48923994,954770.496399,30193177349.7,23.9167|57.85
23.4867,57.0467,2016-02-04T10:30:00Z,4.5,11,LAT-003,Latvia,Gulf of Riga,"Gulf of Riga sandy coast, waterbodies C&E",,"Gulf of Riga sandy coast, waterbodies C&E",387.080162999,296440.220511,1327844259.75,23.4867|57.0467
23.7433,56.98,2016-02-04T09:15:00Z,3.5,11,LAT-005,Latvia,Gulf of Riga,Gulf of Riga transitional waters,,Gulf of Riga transitional waters,855.811191767,243360.758113,2896144600.07,23.7433|56.98
23.92,57.025,2016-02-04T08:15:00Z,4,11,LAT-005,Latvia,Gulf of Riga,Gulf of Riga transitional waters,,Gulf of Riga transitional waters,855.811191767,243360.758113,2896144600.07,23.92|57.025
24.2433,57.88,2016-05-20T11:45:00Z,2.2,11,SEA-011,Opensea,Gulf of Riga,Opensea Gulf of Riga,Gulf of Riga,Opensea Gulf of Riga,8674.48923994,954770.496399,30193177349.7,24.2433|57.88
24.315,57.7467,2016-05-20T13:40:00Z,2.5,11,LAT-004,Latvia,Gulf of Riga,"Gulf of Riga stony coast, waterbodies D&F",,"Gulf of Riga stony coast, waterbodies D&F",308.69830546,436367.284109,1064792248.48,24.315|57.7467
24.1167,57.6,2016-05-20T15:25:00Z,2,11,SEA-011,Opensea,Gulf of Riga,Opensea Gulf of Riga,Gulf of Riga,Opensea Gulf of Riga,8674.48923994,954770.496399,30193177349.7,24.1167|57.6
24.2976,57.5922,2016-05-20T17:35:00Z,2.2,11,SEA-011,Opensea,Gulf of Riga,Opensea Gulf of Riga,Gulf of Riga,Opensea Gulf of Riga,8674.48923994,954770.496399,30193177349.7,24.2976|57.5922
24.3367,57.5933,2016-05-20T18:40:00Z,2.5,13,LAT-004,Latvia,Gulf of Riga,"Gulf of Riga stony coast, waterbodies D&F",,"Gulf of Riga stony coast, waterbodies D&F",308.69830546,436367.284109,1064792248.48,24.3367|57.5933
24.3533,57.4483,2016-05-20T20:15:00Z,2,11,LAT-004,Latvia,Gulf of Riga,"Gulf of Riga stony coast, waterbodies D&F",,"Gulf of Riga stony coast, waterbodies D&F",308.69830546,436367.284109,1064792248.48,24.3533|57.4483
24.25,57.1683,2016-05-21T04:55:00Z,2,19,LAT-005,Latvia,Gulf of Riga,Gulf of Riga transitional waters,,Gulf of Riga transitional waters,855.811191767,243360.758113,2896144600.07,24.25|57.1683
24.2167,57.1833,2016-05-21T05:50:00Z,2.5,9,LAT-005,Latvia,Gulf of Riga,Gulf of Riga transitional waters,,Gulf of Riga transitional waters,855.811191767,243360.758113,2896144600.07,24.2167|57.1833
23.9333,57.1667,2016-05-21T08:05:00Z,1.5,21,LAT-005,Latvia,Gulf of Riga,Gulf of Riga transitional waters,,Gulf of Riga transitional waters,855.811191767,243360.758113,2896144600.07,23.9333|57.1667
23.9565,57.1243,2016-05-21T08:45:00Z,1.8,19,LAT-005,Latvia,Gulf of Riga,Gulf of Riga transitional waters,,Gulf of Riga transitional waters,855.811191767,243360.758113,2896144600.07,23.9565|57.1243
23.8883,57.055,2016-05-21T10:10:00Z,1.8,19,LAT-005,Latvia,Gulf of Riga,Gulf of Riga transitional waters,,Gulf of Riga transitional waters,855.811191767,243360.758113,2896144600.07,23.8883|57.055
23.92,57.025,2016-05-21T11:35:00Z,1.5,21,LAT-005,Latvia,Gulf of Riga,Gulf of Riga transitional waters,,Gulf of Riga transitional waters,855.811191767,243360.758113,2896144600.07,23.92|57.025
23.7433,56.98,2016-05-21T13:35:00Z,1.5,21,LAT-005,Latvia,Gulf of Riga,Gulf of Riga transitional waters,,Gulf of Riga transitional waters,855.811191767,243360.758113,2896144600.07,23.7433|56.98
23.4867,57.0467,2016-05-21T15:25:00Z,2.1,21,LAT-003,Latvia,Gulf of Riga,"Gulf of Riga sandy coast, waterbodies C&E",,"Gulf of Riga sandy coast, waterbodies C&E",387.080162999,296440.220511,1327844259.75,23.4867|57.0467
23.6667,57.1667,2016-05-21T17:20:00Z,1.5,21,SEA-011,Opensea,Gulf of Riga,Opensea Gulf of Riga,Gulf of Riga,Opensea Gulf of Riga,8674.48923994,954770.496399,30193177349.7,23.6667|57.1667
23.85,57.3,2016-07-06T10:45:00Z,2.2,11,SEA-011,Opensea,Gulf of Riga,Opensea Gulf of Riga,Gulf of Riga,Opensea Gulf of Riga,8674.48923994,954770.496399,30193177349.7,23.85|57.3
24.0017,57.0833,2016-07-06T12:03:00Z,1.5,19,LAT-005,Latvia,Gulf of Riga,Gulf of Riga transitional waters,,Gulf of Riga transitional waters,855.811191767,243360.758113,2896144600.07,24.0017|57.0833
23.9833,57.1,2016-07-06T12:26:00Z,1.8,19,LAT-005,Latvia,Gulf of Riga,Gulf of Riga transitional waters,,Gulf of Riga transitional waters,855.811191767,243360.758113,2896144600.07,23.9833|57.1
23.9833,57.1,2016-06-28T10:10:00Z,1.2,21,LAT-005,Latvia,Gulf of Riga,Gulf of Riga transitional waters,,Gulf of Riga transitional waters,855.811191767,243360.758113,2896144600.07,23.9833|57.1
24.0017,57.0833,2016-06-28T10:22:00Z,1.7,21,LAT-005,Latvia,Gulf of Riga,Gulf of Riga transitional waters,,Gulf of Riga transitional waters,855.811191767,243360.758113,2896144600.07,24.0017|57.0833
23.9833,57.1,2016-07-13T11:20:00Z,3.1,15,LAT-005,Latvia,Gulf of Riga,Gulf of Riga transitional waters,,Gulf of Riga transitional waters,855.811191767,243360.758113,2896144600.07,23.9833|57.1
24.0017,57.0833,2016-07-13T11:35:00Z,1.9,19,LAT-005,Latvia,Gulf of Riga,Gulf of Riga transitional waters,,Gulf of Riga transitional waters,855.811191767,243360.758113,2896144600.07,24.0017|57.0833
23.85,57.3,2016-07-27T11:09:00Z,3,11,SEA-011,Opensea,Gulf of Riga,Opensea Gulf of Riga,Gulf of Riga,Opensea Gulf of Riga,8674.48923994,954770.496399,30193177349.7,23.85|57.3
23.9833,57.1,2016-07-27T13:15:00Z,2,19,LAT-005,Latvia,Gulf of Riga,Gulf of Riga transitional waters,,Gulf of Riga transitional waters,855.811191767,243360.758113,2896144600.07,23.9833|57.1
24.0017,57.0833,2016-07-27T13:40:00Z,1.9,21,LAT-005,Latvia,Gulf of Riga,Gulf of Riga transitional waters,,Gulf of Riga transitional waters,855.811191767,243360.758113,2896144600.07,24.0017|57.0833
23.4,58.2,2016-05-08T05:59:00Z,3.6,9,EST-019,Estonia,Gulf of Riga,Central part of the Gulf of Riga CWB,,EE_19,1960.16337669,379661.151667,6969951504.02,23.4|58.2
23.9167,57.85,2016-05-08T09:33:00Z,3,9,SEA-011,Opensea,Gulf of Riga,Opensea Gulf of Riga,Gulf of Riga,Opensea Gulf of Riga,8674.48923994,954770.496399,30193177349.7,23.9167|57.85
24.2433,57.88,2016-05-08T11:15:00Z,3.5,9,SEA-011,Opensea,Gulf of Riga,Opensea Gulf of Riga,Gulf of Riga,Opensea Gulf of Riga,8674.48923994,954770.496399,30193177349.7,24.2433|57.88
24.315,57.7467,2016-05-08T12:30:00Z,2.7,11,LAT-004,Latvia,Gulf of Riga,"Gulf of Riga stony coast, waterbodies D&F",,"Gulf of Riga stony coast, waterbodies D&F",308.69830546,436367.284109,1064792248.48,24.315|57.7467
24.1167,57.6,2016-05-08T13:55:00Z,3.5,9,SEA-011,Opensea,Gulf of Riga,Opensea Gulf of Riga,Gulf of Riga,Opensea Gulf of Riga,8674.48923994,954770.496399,30193177349.7,24.1167|57.6
24.2976,57.5922,2016-05-08T14:50:00Z,2.5,9,SEA-011,Opensea,Gulf of Riga,Opensea Gulf of Riga,Gulf of Riga,Opensea Gulf of Riga,8674.48923994,954770.496399,30193177349.7,24.2976|57.5922
24.3367,57.5933,2016-05-08T15:31:00Z,3,9,LAT-004,Latvia,Gulf of Riga,"Gulf of Riga stony coast, waterbodies D&F",,"Gulf of Riga stony coast, waterbodies D&F",308.69830546,436367.284109,1064792248.48,24.3367|57.5933
24.3533,57.4483,2016-05-08T18:00:00Z,3,11,LAT-004,Latvia,Gulf of Riga,"Gulf of Riga stony coast, waterbodies D&F",,"Gulf of Riga stony coast, waterbodies D&F",308.69830546,436367.284109,1064792248.48,24.3533|57.4483
24.0833,57.35,2016-05-08T19:21:00Z,3.5,9,SEA-011,Opensea,Gulf of Riga,Opensea Gulf of Riga,Gulf of Riga,Opensea Gulf of Riga,8674.48923994,954770.496399,30193177349.7,24.0833|57.35
24.2867,57.3133,2016-05-08T20:22:00Z,2.5,9,SEA-011,Opensea,Gulf of Riga,Opensea Gulf of Riga,Gulf of Riga,Opensea Gulf of Riga,8674.48923994,954770.496399,30193177349.7,24.2867|57.3133
24.3733,57.315,2016-05-08T21:03:00Z,2.5,19,LAT-004,Latvia,Gulf of Riga,"Gulf of Riga stony coast, waterbodies D&F",,"Gulf of Riga stony coast, waterbodies D&F",308.69830546,436367.284109,1064792248.48,24.3733|57.315
23.6167,57.6167,2016-06-08T06:07:00Z,3.5,9,SEA-011,Opensea,Gulf of Riga,Opensea Gulf of Riga,Gulf of Riga,Opensea Gulf of Riga,8674.48923994,954770.496399,30193177349.7,23.6167|57.6167
23.4833,57.4,2016-06-08T08:50:00Z,3.5,9,SEA-011,Opensea,Gulf of Riga,Opensea Gulf of Riga,Gulf of Riga,Opensea Gulf of Riga,8674.48923994,954770.496399,30193177349.7,23.4833|57.4
23.7667,57.4167,2016-06-08T10:12:00Z,4,9,SEA-011,Opensea,Gulf of Riga,Opensea Gulf of Riga,Gulf of Riga,Opensea Gulf of Riga,8674.48923994,954770.496399,30193177349.7,23.7667|57.4167
23.85,57.3,2016-06-08T11:13:00Z,4,9,SEA-011,Opensea,Gulf of Riga,Opensea Gulf of Riga,Gulf of Riga,Opensea Gulf of Riga,8674.48923994,954770.496399,30193177349.7,23.85|57.3
23.9333,57.1667,2016-06-08T12:35:00Z,4,9,LAT-005,Latvia,Gulf of Riga,Gulf of Riga transitional waters,,Gulf of Riga transitional waters,855.811191767,243360.758113,2896144600.07,23.9333|57.1667
23.9833,57.1,2016-06-08T13:14:00Z,3.5,9,LAT-005,Latvia,Gulf of Riga,Gulf of Riga transitional waters,,Gulf of Riga transitional waters,855.811191767,243360.758113,2896144600.07,23.9833|57.1
24.0017,57.0833,2016-06-08T13:58:00Z,1.5,21,LAT-005,Latvia,Gulf of Riga,Gulf of Riga transitional waters,,Gulf of Riga transitional waters,855.811191767,243360.758113,2896144600.07,24.0017|57.0833
23.92,57.025,2016-06-08T14:52:00Z,1.5,21,LAT-005,Latvia,Gulf of Riga,Gulf of Riga transitional waters,,Gulf of Riga transitional waters,855.811191767,243360.758113,2896144600.07,23.92|57.025
23.8883,57.055,2016-06-08T15:19:00Z,2,21,LAT-005,Latvia,Gulf of Riga,Gulf of Riga transitional waters,,Gulf of Riga transitional waters,855.811191767,243360.758113,2896144600.07,23.8883|57.055
23.7433,56.98,2016-06-08T17:02:00Z,3,19,LAT-005,Latvia,Gulf of Riga,Gulf of Riga transitional waters,,Gulf of Riga transitional waters,855.811191767,243360.758113,2896144600.07,23.7433|56.98
23.6667,57.1667,2016-06-08T18:27:00Z,3,9,SEA-011,Opensea,Gulf of Riga,Opensea Gulf of Riga,Gulf of Riga,Opensea Gulf of Riga,8674.48923994,954770.496399,30193177349.7,23.6667|57.1667
23.4867,57.0467,2016-06-08T19:47:00Z,2.8,11,LAT-003,Latvia,Gulf of Riga,"Gulf of Riga sandy coast, waterbodies C&E",,"Gulf of Riga sandy coast, waterbodies C&E",387.080162999,296440.220511,1327844259.75,23.4867|57.0467
23.254,57.1667,2016-06-08T21:12:00Z,2.5,9,LAT-003,Latvia,Gulf of Riga,"Gulf of Riga sandy coast, waterbodies C&E",,"Gulf of Riga sandy coast, waterbodies C&E",387.080162999,296440.220511,1327844259.75,23.254|57.1667
23.2373,57.3589,2016-07-08T06:05:00Z,3.9,19,SEA-011,Opensea,Gulf of Riga,Opensea Gulf of Riga,Gulf of Riga,Opensea Gulf of Riga,8674.48923994,954770.496399,30193177349.7,23.2373|57.3589
23.07,57.3967,2016-07-08T07:17:00Z,2.5,9,LAT-004,Latvia,Gulf of Riga,"Gulf of Riga stony coast, waterbodies D&F",,"Gulf of Riga stony coast, waterbodies D&F",308.69830546,436367.284109,1064792248.48,23.07|57.3967
22.9833,57.5667,2016-07-08T08:36:00Z,3.5,9,SEA-011,Opensea,Gulf of Riga,Opensea Gulf of Riga,Gulf of Riga,Opensea Gulf of Riga,8674.48923994,954770.496399,30193177349.7,22.9833|57.5667
22.8167,57.5333,2016-07-08T09:41:00Z,3,9,LAT-003,Latvia,Gulf of Riga,"Gulf of Riga sandy coast, waterbodies C&E",,"Gulf of Riga sandy coast, waterbodies C&E",387.080162999,296440.220511,1327844259.75,22.8167|57.5333
22.6167,57.7333,2016-07-08T11:21:00Z,3,9,LAT-003,Latvia,Gulf of Riga,"Gulf of Riga sandy coast, waterbodies C&E",,"Gulf of Riga sandy coast, waterbodies C&E",387.080162999,296440.220511,1327844259.75,22.6167|57.7333
22.8833,57.7976,2016-07-08T12:35:00Z,3,9,SEA-011,Opensea,Gulf of Riga,Opensea Gulf of Riga,Gulf of Riga,Opensea Gulf of Riga,8674.48923994,954770.496399,30193177349.7,22.8833|57.7976
22.41,57.8433,2016-07-08T14:46:00Z,2.2,9,SEA-011,Opensea,Gulf of Riga,Opensea Gulf of Riga,Gulf of Riga,Opensea Gulf of Riga,8674.48923994,954770.496399,30193177349.7,22.41|57.8433
23.85,57.3,2016-09-13T10:31:00Z,2.5,9,SEA-011,Opensea,Gulf of Riga,Opensea Gulf of Riga,Gulf of Riga,Opensea Gulf of Riga,8674.48923994,954770.496399,30193177349.7,23.85|57.3
23.9833,57.1,2016-09-13T11:26:00Z,1.5,19,LAT-005,Latvia,Gulf of Riga,Gulf of Riga transitional waters,,Gulf of Riga transitional waters,855.811191767,243360.758113,2896144600.07,23.9833|57.1
24.0017,57.0833,2016-09-13T11:39:00Z,1.5,21,LAT-005,Latvia,Gulf of Riga,Gulf of Riga transitional waters,,Gulf of Riga transitional waters,855.811191767,243360.758113,2896144600.07,24.0017|57.0833
23.85,57.3,2016-10-18T10:55:00Z,4.8,11,SEA-011,Opensea,Gulf of Riga,Opensea Gulf of Riga,Gulf of Riga,Opensea Gulf of Riga,8674.48923994,954770.496399,30193177349.7,23.85|57.3
23.9833,57.1,2016-10-18T12:00:00Z,3.3,13,LAT-005,Latvia,Gulf of Riga,Gulf of Riga transitional waters,,Gulf of Riga transitional waters,855.811191767,243360.758113,2896144600.07,23.9833|57.1
24.0017,57.0833,2016-10-18T12:25:00Z,2.4,21,LAT-005,Latvia,Gulf of Riga,Gulf of Riga transitional waters,,Gulf of Riga transitional waters,855.811191767,243360.758113,2896144600.07,24.0017|57.0833
24.0017,57.0833,2016-11-04T11:50:00Z,1.2,21,LAT-005,Latvia,Gulf of Riga,Gulf of Riga transitional waters,,Gulf of Riga transitional waters,855.811191767,243360.758113,2896144600.07,24.0017|57.0833
23.9833,57.1,2016-11-04T12:40:00Z,2,21,LAT-005,Latvia,Gulf of Riga,Gulf of Riga transitional waters,,Gulf of Riga transitional waters,855.811191767,243360.758113,2896144600.07,23.9833|57.1
23.9333,57.1667,2016-11-04T14:30:00Z,2,21,LAT-005,Latvia,Gulf of Riga,Gulf of Riga transitional waters,,Gulf of Riga transitional waters,855.811191767,243360.758113,2896144600.07,23.9333|57.1667
23.85,57.3,2016-11-04T16:35:00Z,3,9,SEA-011,Opensea,Gulf of Riga,Opensea Gulf of Riga,Gulf of Riga,Opensea Gulf of Riga,8674.48923994,954770.496399,30193177349.7,23.85|57.3
22.8833,57.7976,2016-11-05T11:00:00Z,3,9,SEA-011,Opensea,Gulf of Riga,Opensea Gulf of Riga,Gulf of Riga,Opensea Gulf of Riga,8674.48923994,954770.496399,30193177349.7,22.8833|57.7976
22.6167,57.7333,2016-11-05T13:30:00Z,3,9,LAT-003,Latvia,Gulf of Riga,"Gulf of Riga sandy coast, waterbodies C&E",,"Gulf of Riga sandy coast, waterbodies C&E",387.080162999,296440.220511,1327844259.75,22.6167|57.7333
22.8167,57.5333,2016-11-05T16:20:00Z,2.8,9,LAT-003,Latvia,Gulf of Riga,"Gulf of Riga sandy coast, waterbodies C&E",,"Gulf of Riga sandy coast, waterbodies C&E",387.080162999,296440.220511,1327844259.75,22.8167|57.5333
24.2433,57.88,2016-11-06T09:30:00Z,2.8,9,SEA-011,Opensea,Gulf of Riga,Opensea Gulf of Riga,Gulf of Riga,Opensea Gulf of Riga,8674.48923994,954770.496399,30193177349.7,24.2433|57.88
24.315,57.7467,2016-11-06T11:35:00Z,3,9,LAT-004,Latvia,Gulf of Riga,"Gulf of Riga stony coast, waterbodies D&F",,"Gulf of Riga stony coast, waterbodies D&F",308.69830546,436367.284109,1064792248.48,24.315|57.7467
24.1167,57.6,2016-11-06T13:15:00Z,4,9,SEA-011,Opensea,Gulf of Riga,Opensea Gulf of Riga,Gulf of Riga,Opensea Gulf of Riga,8674.48923994,954770.496399,30193177349.7,24.1167|57.6
24.2976,57.5922,2016-11-06T15:00:00Z,2.7,9,SEA-011,Opensea,Gulf of Riga,Opensea Gulf of Riga,Gulf of Riga,Opensea Gulf of Riga,8674.48923994,954770.496399,30193177349.7,24.2976|57.5922
24.3367,57.5933,2016-11-06T15:55:00Z,4,9,LAT-004,Latvia,Gulf of Riga,"Gulf of Riga stony coast, waterbodies D&F",,"Gulf of Riga stony coast, waterbodies D&F",308.69830546,436367.284109,1064792248.48,24.3367|57.5933
23.8883,57.055,2016-11-07T10:15:00Z,2.8,9,LAT-005,Latvia,Gulf of Riga,Gulf of Riga transitional waters,,Gulf of Riga transitional waters,855.811191767,243360.758113,2896144600.07,23.8883|57.055
23.92,57.025,2016-11-07T12:35:00Z,2.2,9,LAT-005,Latvia,Gulf of Riga,Gulf of Riga transitional waters,,Gulf of Riga transitional waters,855.811191767,243360.758113,2896144600.07,23.92|57.025
23.7433,56.98,2016-11-07T13:00:00Z,1.7,19,LAT-005,Latvia,Gulf of Riga,Gulf of Riga transitional waters,,Gulf of Riga transitional waters,855.811191767,243360.758113,2896144600.07,23.7433|56.98
23.4867,57.0467,2016-11-07T14:55:00Z,2.5,9,LAT-003,Latvia,Gulf of Riga,"Gulf of Riga sandy coast, waterbodies C&E",,"Gulf of Riga sandy coast, waterbodies C&E",387.080162999,296440.220511,1327844259.75,23.4867|57.0467
23.9833,57.1,1985-05-12T09:15:00Z,2.5,7,LAT-005,Latvia,Gulf of Riga,Gulf of Riga transitional waters,,Gulf of Riga transitional waters,855.811191767,243360.758113,2896144600.07,23.9833|57.1
23.4718,58.4311,1985-05-15T08:10:00Z,9,10,EST-018,Estonia,Gulf of Riga,NE part of the Gulf of Riga CWB,,EE_18,1926.65785695,1086062.9138,6931317200.6,23.4718|58.4311
23.9833,57.1,1985-07-23T08:15:00Z,3,17,LAT-005,Latvia,Gulf of Riga,Gulf of Riga transitional waters,,Gulf of Riga transitional waters,855.811191767,243360.758113,2896144600.07,23.9833|57.1
23.85,57.3,1985-07-23T10:10:00Z,4,14,SEA-011,Opensea,Gulf of Riga,Opensea Gulf of Riga,Gulf of Riga,Opensea Gulf of Riga,8674.48923994,954770.496399,30193177349.7,23.85|57.3
24.0833,57.35,1985-07-23T11:30:00Z,4,14,SEA-011,Opensea,Gulf of Riga,Opensea Gulf of Riga,Gulf of Riga,Opensea Gulf of Riga,8674.48923994,954770.496399,30193177349.7,24.0833|57.35
24.1167,57.6,1985-07-23T13:20:00Z,3.5,15,SEA-011,Opensea,Gulf of Riga,Opensea Gulf of Riga,Gulf of Riga,Opensea Gulf of Riga,8674.48923994,954770.496399,30193177349.7,24.1167|57.6
24.1318,57.9683,1985-07-23T17:15:00Z,4,15,SEA-011,Opensea,Gulf of Riga,Opensea Gulf of Riga,Gulf of Riga,Opensea Gulf of Riga,8674.48923994,954770.496399,30193177349.7,24.1318|57.9683
23.4718,58.4311,1985-07-24T08:15:00Z,4,14,EST-018,Estonia,Gulf of Riga,NE part of the Gulf of Riga CWB,,EE_18,1926.65785695,1086062.9138,6931317200.6,23.4718|58.4311
23.4,58.2,1985-07-24T10:10:00Z,4,14,EST-019,Estonia,Gulf of Riga,Central part of the Gulf of Riga CWB,,EE_19,1960.16337669,379661.151667,6969951504.02,23.4|58.2
23.35,57.96,1985-07-24T12:00:00Z,4,14,EST-019,Estonia,Gulf of Riga,Central part of the Gulf of Riga CWB,,EE_19,1960.16337669,379661.151667,6969951504.02,23.35|57.96
23.4686,57.8333,1985-07-24T13:20:00Z,4,14,SEA-011,Opensea,Gulf of Riga,Opensea Gulf of Riga,Gulf of Riga,Opensea Gulf of Riga,8674.48923994,954770.496399,30193177349.7,23.4686|57.8333
23.6167,57.6167,1985-07-24T15:30:00Z,4,14,SEA-011,Opensea,Gulf of Riga,Opensea Gulf of Riga,Gulf of Riga,Opensea Gulf of Riga,8674.48923994,954770.496399,30193177349.7,23.6167|57.6167
23.8667,57.6,1985-07-24T16:25:00Z,4,14,SEA-011,Opensea,Gulf of Riga,Opensea Gulf of Riga,Gulf of Riga,Opensea Gulf of Riga,8674.48923994,954770.496399,30193177349.7,23.8667|57.6
23.7667,57.4167,1985-07-24T18:10:00Z,4,13,SEA-011,Opensea,Gulf of Riga,Opensea Gulf of Riga,Gulf of Riga,Opensea Gulf of Riga,8674.48923994,954770.496399,30193177349.7,23.7667|57.4167
23.4833,57.4,1985-07-24T19:30:00Z,4,15,SEA-011,Opensea,Gulf of Riga,Opensea Gulf of Riga,Gulf of Riga,Opensea Gulf of Riga,8674.48923994,954770.496399,30193177349.7,23.4833|57.4
22.8833,57.7976,1985-07-25T08:20:00Z,3.5,14,SEA-011,Opensea,Gulf of Riga,Opensea Gulf of Riga,Gulf of Riga,Opensea Gulf of Riga,8674.48923994,954770.496399,30193177349.7,22.8833|57.7976
22.71,57.88,1985-07-25T09:30:00Z,3.5,14,SEA-011,Opensea,Gulf of Riga,Opensea Gulf of Riga,Gulf of Riga,Opensea Gulf of Riga,8674.48923994,954770.496399,30193177349.7,22.71|57.88
22.41,57.8433,1985-07-25T11:15:00Z,4,11,SEA-011,Opensea,Gulf of Riga,Opensea Gulf of Riga,Gulf of Riga,Opensea Gulf of Riga,8674.48923994,954770.496399,30193177349.7,22.41|57.8433
22.8833,57.7976,1985-08-10T14:20:00Z,4,14,SEA-011,Opensea,Gulf of Riga,Opensea Gulf of Riga,Gulf of Riga,Opensea Gulf of Riga,8674.48923994,954770.496399,30193177349.7,22.8833|57.7976
24.0017,57.0833,1999-01-14T11:00:00Z,2,19,LAT-005,Latvia,Gulf of Riga,Gulf of Riga transitional waters,,Gulf of Riga transitional waters,855.811191767,243360.758113,2896144600.07,24.0017|57.0833
23.9833,57.1,1999-01-14T11:50:00Z,2.2,19,LAT-005,Latvia,Gulf of Riga,Gulf of Riga transitional waters,,Gulf of Riga transitional waters,855.811191767,243360.758113,2896144600.07,23.9833|57.1
23.9333,57.1667,1999-01-14T13:00:00Z,4.5,9,LAT-005,Latvia,Gulf of Riga,Gulf of Riga transitional waters,,Gulf of Riga transitional waters,855.811191767,243360.758113,2896144600.07,23.9333|57.1667
23.85,57.3,1999-01-14T14:25:00Z,4.2,9,SEA-011,Opensea,Gulf of Riga,Opensea Gulf of Riga,Gulf of Riga,Opensea Gulf of Riga,8674.48923994,954770.496399,30193177349.7,23.85|57.3
24.0833,57.35,1999-01-14T16:40:00Z,4,9,SEA-011,Opensea,Gulf of Riga,Opensea Gulf of Riga,Gulf of Riga,Opensea Gulf of Riga,8674.48923994,954770.496399,30193177349.7,24.0833|57.35
23.4833,57.4,1999-01-15T10:00:00Z,4,11,SEA-011,Opensea,Gulf of Riga,Opensea Gulf of Riga,Gulf of Riga,Opensea Gulf of Riga,8674.48923994,954770.496399,30193177349.7,23.4833|57.4
23.6667,57.1667,1999-01-15T14:10:00Z,4.2,11,SEA-011,Opensea,Gulf of Riga,Opensea Gulf of Riga,Gulf of Riga,Opensea Gulf of Riga,8674.48923994,954770.496399,30193177349.7,23.6667|57.1667
23.85,57.3,1999-03-12T14:00:00Z,3.8,11,SEA-011,Opensea,Gulf of Riga,Opensea Gulf of Riga,Gulf of Riga,Opensea Gulf of Riga,8674.48923994,954770.496399,30193177349.7,23.85|57.3
24.0017,57.0833,1999-03-12T16:30:00Z,2.9,15,LAT-005,Latvia,Gulf of Riga,Gulf of Riga transitional waters,,Gulf of Riga transitional waters,855.811191767,243360.758113,2896144600.07,24.0017|57.0833
23.9333,57.1667,1999-03-30T11:00:00Z,2,20,LAT-005,Latvia,Gulf of Riga,Gulf of Riga transitional waters,,Gulf of Riga transitional waters,855.811191767,243360.758113,2896144600.07,23.9333|57.1667
23.85,57.3,1999-03-30T13:00:00Z,5,12,SEA-011,Opensea,Gulf of Riga,Opensea Gulf of Riga,Gulf of Riga,Opensea Gulf of Riga,8674.48923994,954770.496399,30193177349.7,23.85|57.3
23.4833,57.4,1999-03-30T15:20:00Z,4.5,12,SEA-011,Opensea,Gulf of Riga,Opensea Gulf of Riga,Gulf of Riga,Opensea Gulf of Riga,8674.48923994,954770.496399,30193177349.7,23.4833|57.4
23.9833,57.1,1999-03-30T18:00:00Z,1.6,20,LAT-005,Latvia,Gulf of Riga,Gulf of Riga transitional waters,,Gulf of Riga transitional waters,855.811191767,243360.758113,2896144600.07,23.9833|57.1
24.0017,57.0833,1999-03-30T18:30:00Z,1.7,18,LAT-005,Latvia,Gulf of Riga,Gulf of Riga transitional waters,,Gulf of Riga transitional waters,855.811191767,243360.758113,2896144600.07,24.0017|57.0833
24.0017,57.0833,1999-04-20T12:45:00Z,1.2,15,LAT-005,Latvia,Gulf of Riga,Gulf of Riga transitional waters,,Gulf of Riga transitional waters,855.811191767,243360.758113,2896144600.07,24.0017|57.0833
23.9792,57.0737,1999-04-20T13:45:00Z,1,15,LAT-005,Latvia,Gulf of Riga,Gulf of Riga transitional waters,,Gulf of Riga transitional waters,855.811191767,243360.758113,2896144600.07,23.9792|57.0737
23.92,57.025,1999-04-20T14:40:00Z,2.2,11,LAT-005,Latvia,Gulf of Riga,Gulf of Riga transitional waters,,Gulf of Riga transitional waters,855.811191767,243360.758113,2896144600.07,23.92|57.025
23.9833,57.1,1999-04-20T15:50:00Z,1.3,19,LAT-005,Latvia,Gulf of Riga,Gulf of Riga transitional waters,,Gulf of Riga transitional waters,855.811191767,243360.758113,2896144600.07,23.9833|57.1
23.9333,57.1667,1999-04-20T16:50:00Z,1.2,19,LAT-005,Latvia,Gulf of Riga,Gulf of Riga transitional waters,,Gulf of Riga transitional waters,855.811191767,243360.758113,2896144600.07,23.9333|57.1667
23.85,57.3,1999-04-20T18:00:00Z,4.8,9,SEA-011,Opensea,Gulf of Riga,Opensea Gulf of Riga,Gulf of Riga,Opensea Gulf of Riga,8674.48923994,954770.496399,30193177349.7,23.85|57.3
24.097,57.0986,1999-04-20T21:30:00Z,1.9,21,LAT-005,Latvia,Gulf of Riga,Gulf of Riga transitional waters,,Gulf of Riga transitional waters,855.811191767,243360.758113,2896144600.07,24.097|57.0986
24.25,57.1683,1999-04-21T06:20:00Z,1.2,17,LAT-005,Latvia,Gulf of Riga,Gulf of Riga transitional waters,,Gulf of Riga transitional waters,855.811191767,243360.758113,2896144600.07,24.25|57.1683
24.3667,57.24,1999-04-21T07:30:00Z,2,19,LAT-005,Latvia,Gulf of Riga,Gulf of Riga transitional waters,,Gulf of Riga transitional waters,855.811191767,243360.758113,2896144600.07,24.3667|57.24
24.3733,57.315,1999-04-21T08:30:00Z,2.1,19,LAT-004,Latvia,Gulf of Riga,"Gulf of Riga stony coast, waterbodies D&F",,"Gulf of Riga stony coast, waterbodies D&F",308.69830546,436367.284109,1064792248.48,24.3733|57.315
24.0833,57.35,1999-04-21T10:10:00Z,2.8,13,SEA-011,Opensea,Gulf of Riga,Opensea Gulf of Riga,Gulf of Riga,Opensea Gulf of Riga,8674.48923994,954770.496399,30193177349.7,24.0833|57.35
23.7667,57.4167,1999-04-21T11:40:00Z,4.4,9,SEA-011,Opensea,Gulf of Riga,Opensea Gulf of Riga,Gulf of Riga,Opensea Gulf of Riga,8674.48923994,954770.496399,30193177349.7,23.7667|57.4167
24.1167,57.6,1999-04-21T14:40:00Z,4.8,9,SEA-011,Opensea,Gulf of Riga,Opensea Gulf of Riga,Gulf of Riga,Opensea Gulf of Riga,8674.48923994,954770.496399,30193177349.7,24.1167|57.6
23.6167,57.6167,1999-04-22T09:00:00Z,4.4,9,SEA-011,Opensea,Gulf of Riga,Opensea Gulf of Riga,Gulf of Riga,Opensea Gulf of Riga,8674.48923994,954770.496399,30193177349.7,23.6167|57.6167
22.9833,57.5667,1999-04-22T12:30:00Z,3.8,9,SEA-011,Opensea,Gulf of Riga,Opensea Gulf of Riga,Gulf of Riga,Opensea Gulf of Riga,8674.48923994,954770.496399,30193177349.7,22.9833|57.5667
23.4833,57.4,1999-04-22T15:40:00Z,4.6,9,SEA-011,Opensea,Gulf of Riga,Opensea Gulf of Riga,Gulf of Riga,Opensea Gulf of Riga,8674.48923994,954770.496399,30193177349.7,23.4833|57.4
23.6667,57.1667,1999-04-22T17:50:00Z,4.4,9,SEA-011,Opensea,Gulf of Riga,Opensea Gulf of Riga,Gulf of Riga,Opensea Gulf of Riga,8674.48923994,954770.496399,30193177349.7,23.6667|57.1667
23.4867,57.0467,1999-04-22T19:30:00Z,2.7,13,LAT-003,Latvia,Gulf of Riga,"Gulf of Riga sandy coast, waterbodies C&E",,"Gulf of Riga sandy coast, waterbodies C&E",387.080162999,296440.220511,1327844259.75,23.4867|57.0467
23.705,56.9767,1999-04-22T20:20:00Z,2.9,9,LAT-005,Latvia,Gulf of Riga,Gulf of Riga transitional waters,,Gulf of Riga transitional waters,855.811191767,243360.758113,2896144600.07,23.705|56.9767
23.7433,56.98,1999-04-23T07:00:00Z,2.8,13,LAT-005,Latvia,Gulf of Riga,Gulf of Riga transitional waters,,Gulf of Riga transitional waters,855.811191767,243360.758113,2896144600.07,23.7433|56.98
24.0017,57.0833,1999-05-03T17:40:00Z,1.5,17,LAT-005,Latvia,Gulf of Riga,Gulf of Riga transitional waters,,Gulf of Riga transitional waters,855.811191767,243360.758113,2896144600.07,24.0017|57.0833
23.9792,57.0737,1999-05-03T18:30:00Z,1.5,17,LAT-005,Latvia,Gulf of Riga,Gulf of Riga transitional waters,,Gulf of Riga transitional waters,855.811191767,243360.758113,2896144600.07,23.9792|57.0737
23.9833,57.1,1999-05-03T19:30:00Z,1.5,17,LAT-005,Latvia,Gulf of Riga,Gulf of Riga transitional waters,,Gulf of Riga transitional waters,855.811191767,243360.758113,2896144600.07,23.9833|57.1
23.9565,57.1243,1999-05-03T20:30:00Z,1.8,17,LAT-005,Latvia,Gulf of Riga,Gulf of Riga transitional waters,,Gulf of Riga transitional waters,855.811191767,243360.758113,2896144600.07,23.9565|57.1243
23.9333,57.1667,1999-05-03T21:10:00Z,3.1,19,LAT-005,Latvia,Gulf of Riga,Gulf of Riga transitional waters,,Gulf of Riga transitional waters,855.811191767,243360.758113,2896144600.07,23.9333|57.1667
23.8129,57.0862,1999-05-03T22:10:00Z,1.7,17,LAT-005,Latvia,Gulf of Riga,Gulf of Riga transitional waters,,Gulf of Riga transitional waters,855.811191767,243360.758113,2896144600.07,23.8129|57.0862
23.8883,57.055,1999-05-03T06:40:00Z,2,17,LAT-005,Latvia,Gulf of Riga,Gulf of Riga transitional waters,,Gulf of Riga transitional waters,855.811191767,243360.758113,2896144600.07,23.8883|57.055
23.9683,57.0433,1999-05-04T07:15:00Z,2.1,17,LAT-005,Latvia,Gulf of Riga,Gulf of Riga transitional waters,,Gulf of Riga transitional waters,855.811191767,243360.758113,2896144600.07,23.9683|57.0433
23.92,57.025,1999-05-04T08:10:00Z,2.2,19,LAT-005,Latvia,Gulf of Riga,Gulf of Riga transitional waters,,Gulf of Riga transitional waters,855.811191767,243360.758113,2896144600.07,23.92|57.025
23.7433,56.98,1999-05-04T09:55:00Z,2,19,LAT-005,Latvia,Gulf of Riga,Gulf of Riga transitional waters,,Gulf of Riga transitional waters,855.811191767,243360.758113,2896144600.07,23.7433|56.98
23.705,56.9767,1999-05-04T11:10:00Z,2.8,19,LAT-005,Latvia,Gulf of Riga,Gulf of Riga transitional waters,,Gulf of Riga transitional waters,855.811191767,243360.758113,2896144600.07,23.705|56.9767
23.4867,57.0467,1999-05-04T12:10:00Z,3.5,9,LAT-003,Latvia,Gulf of Riga,"Gulf of Riga sandy coast, waterbodies C&E",,"Gulf of Riga sandy coast, waterbodies C&E",387.080162999,296440.220511,1327844259.75,23.4867|57.0467
23.2754,57.173,1999-05-04T14:00:00Z,3.5,9,SEA-011,Opensea,Gulf of Riga,Opensea Gulf of Riga,Gulf of Riga,Opensea Gulf of Riga,8674.48923994,954770.496399,30193177349.7,23.2754|57.173
23.6667,57.1667,1999-05-04T15:55:00Z,3.1,9,SEA-011,Opensea,Gulf of Riga,Opensea Gulf of Riga,Gulf of Riga,Opensea Gulf of Riga,8674.48923994,954770.496399,30193177349.7,23.6667|57.1667
23.85,57.3,1999-05-05T14:20:00Z,2.8,11,SEA-011,Opensea,Gulf of Riga,Opensea Gulf of Riga,Gulf of Riga,Opensea Gulf of Riga,8674.48923994,954770.496399,30193177349.7,23.85|57.3
23.7667,57.4167,1999-05-05T17:20:00Z,2.8,9,SEA-011,Opensea,Gulf of Riga,Opensea Gulf of Riga,Gulf of Riga,Opensea Gulf of Riga,8674.48923994,954770.496399,30193177349.7,23.7667|57.4167
23.4833,57.4,1999-05-05T19:00:00Z,3,9,SEA-011,Opensea,Gulf of Riga,Opensea Gulf of Riga,Gulf of Riga,Opensea Gulf of Riga,8674.48923994,954770.496399,30193177349.7,23.4833|57.4
23.2123,57.3275,1999-05-05T20:50:00Z,2.8,9,SEA-011,Opensea,Gulf of Riga,Opensea Gulf of Riga,Gulf of Riga,Opensea Gulf of Riga,8674.48923994,954770.496399,30193177349.7,23.2123|57.3275
22.9833,57.5667,1999-05-06T06:30:00Z,3.2,9,SEA-011,Opensea,Gulf of Riga,Opensea Gulf of Riga,Gulf of Riga,Opensea Gulf of Riga,8674.48923994,954770.496399,30193177349.7,22.9833|57.5667
22.8833,57.7976,1999-05-06T09:00:00Z,3.4,9,SEA-011,Opensea,Gulf of Riga,Opensea Gulf of Riga,Gulf of Riga,Opensea Gulf of Riga,8674.48923994,954770.496399,30193177349.7,22.8833|57.7976
23.35,57.96,1999-05-06T11:40:00Z,3.5,9,EST-019,Estonia,Gulf of Riga,Central part of the Gulf of Riga CWB,,EE_19,1960.16337669,379661.151667,6969951504.02,23.35|57.96
23.6167,57.6167,1999-05-06T15:00:00Z,3.2,9,SEA-011,Opensea,Gulf of Riga,Opensea Gulf of Riga,Gulf of Riga,Opensea Gulf of Riga,8674.48923994,954770.496399,30193177349.7,23.6167|57.6167
23.9167,57.85,1999-05-06T18:50:00Z,2.9,9,SEA-011,Opensea,Gulf of Riga,Opensea Gulf of Riga,Gulf of Riga,Opensea Gulf of Riga,8674.48923994,954770.496399,30193177349.7,23.9167|57.85
24.2433,57.88,1999-05-06T20:40:00Z,2.5,13,SEA-011,Opensea,Gulf of Riga,Opensea Gulf of Riga,Gulf of Riga,Opensea Gulf of Riga,8674.48923994,954770.496399,30193177349.7,24.2433|57.88
24.2518,57.7633,1999-05-06T22:00:00Z,2.4,13,SEA-011,Opensea,Gulf of Riga,Opensea Gulf of Riga,Gulf of Riga,Opensea Gulf of Riga,8674.48923994,954770.496399,30193177349.7,24.2518|57.7633
24.1167,57.6,1999-05-07T06:30:00Z,2.7,13,SEA-011,Opensea,Gulf of Riga,Opensea Gulf of Riga,Gulf of Riga,Opensea Gulf of Riga,8674.48923994,954770.496399,30193177349.7,24.1167|57.6
24.3367,57.5933,1999-05-07T08:00:00Z,2.5,13,LAT-004,Latvia,Gulf of Riga,"Gulf of Riga stony coast, waterbodies D&F",,"Gulf of Riga stony coast, waterbodies D&F",308.69830546,436367.284109,1064792248.48,24.3367|57.5933
24.3533,57.4483,1999-05-07T09:30:00Z,2.6,9,LAT-004,Latvia,Gulf of Riga,"Gulf of Riga stony coast, waterbodies D&F",,"Gulf of Riga stony coast, waterbodies D&F",308.69830546,436367.284109,1064792248.48,24.3533|57.4483
24.0833,57.35,1999-05-07T12:00:00Z,3.1,9,SEA-011,Opensea,Gulf of Riga,Opensea Gulf of Riga,Gulf of Riga,Opensea Gulf of Riga,8674.48923994,954770.496399,30193177349.7,24.0833|57.35
24.3733,57.315,1999-05-07T14:00:00Z,2.4,19,LAT-004,Latvia,Gulf of Riga,"Gulf of Riga stony coast, waterbodies D&F",,"Gulf of Riga stony coast, waterbodies D&F",308.69830546,436367.284109,1064792248.48,24.3733|57.315
24.3667,57.24,1999-05-07T15:10:00Z,2.2,19,LAT-005,Latvia,Gulf of Riga,Gulf of Riga transitional waters,,Gulf of Riga transitional waters,855.811191767,243360.758113,2896144600.07,24.3667|57.24
24.25,57.1683,1999-05-07T16:20:00Z,2.1,19,LAT-005,Latvia,Gulf of Riga,Gulf of Riga transitional waters,,Gulf of Riga transitional waters,855.811191767,243360.758113,2896144600.07,24.25|57.1683
24.2167,57.1833,1999-05-07T17:00:00Z,2.5,19,LAT-005,Latvia,Gulf of Riga,Gulf of Riga transitional waters,,Gulf of Riga transitional waters,855.811191767,243360.758113,2896144600.07,24.2167|57.1833
24.1505,57.2233,1999-05-07T18:00:00Z,2.7,11,LAT-005,Latvia,Gulf of Riga,Gulf of Riga transitional waters,,Gulf of Riga transitional waters,855.811191767,243360.758113,2896144600.07,24.1505|57.2233
24.097,57.0986,1999-05-07T20:00:00Z,1.8,21,LAT-005,Latvia,Gulf of Riga,Gulf of Riga transitional waters,,Gulf of Riga transitional waters,855.811191767,243360.758113,2896144600.07,24.097|57.0986
22.41,57.8433,1999-05-14T15:00:00Z,3.8,9,SEA-011,Opensea,Gulf of Riga,Opensea Gulf of Riga,Gulf of Riga,Opensea Gulf of Riga,8674.48923994,954770.496399,30193177349.7,22.41|57.8433
22.8833,57.7976,1999-05-14T17:20:00Z,2.9,12,SEA-011,Opensea,Gulf of Riga,Opensea Gulf of Riga,Gulf of Riga,Opensea Gulf of Riga,8674.48923994,954770.496399,30193177349.7,22.8833|57.7976
22.9833,57.5667,1999-05-14T19:30:00Z,2.8,12,SEA-011,Opensea,Gulf of Riga,Opensea Gulf of Riga,Gulf of Riga,Opensea Gulf of Riga,8674.48923994,954770.496399,30193177349.7,22.9833|57.5667
23.4833,57.4,1999-05-14T22:15:00Z,2.5,19,SEA-011,Opensea,Gulf of Riga,Opensea Gulf of Riga,Gulf of Riga,Opensea Gulf of Riga,8674.48923994,954770.496399,30193177349.7,23.4833|57.4
23.85,57.3,1999-05-15T06:15:00Z,2.6,19,SEA-011,Opensea,Gulf of Riga,Opensea Gulf of Riga,Gulf of Riga,Opensea Gulf of Riga,8674.48923994,954770.496399,30193177349.7,23.85|57.3
23.9333,57.1667,1999-05-15T08:35:00Z,2.6,19,LAT-005,Latvia,Gulf of Riga,Gulf of Riga transitional waters,,Gulf of Riga transitional waters,855.811191767,243360.758113,2896144600.07,23.9333|57.1667
23.9833,57.1,1999-05-15T09:20:00Z,2.4,19,LAT-005,Latvia,Gulf of Riga,Gulf of Riga transitional waters,,Gulf of Riga transitional waters,855.811191767,243360.758113,2896144600.07,23.9833|57.1
24.0017,57.0833,1999-05-15T09:55:00Z,2.1,19,LAT-005,Latvia,Gulf of Riga,Gulf of Riga transitional waters,,Gulf of Riga transitional waters,855.811191767,243360.758113,2896144600.07,24.0017|57.0833
24.0017,57.0833,1999-05-24T10:35:00Z,2.1,17,LAT-005,Latvia,Gulf of Riga,Gulf of Riga transitional waters,,Gulf of Riga transitional waters,855.811191767,243360.758113,2896144600.07,24.0017|57.0833
23.9792,57.0737,1999-05-24T11:35:00Z,2.5,19,LAT-005,Latvia,Gulf of Riga,Gulf of Riga transitional waters,,Gulf of Riga transitional waters,855.811191767,243360.758113,2896144600.07,23.9792|57.0737
23.9833,57.1,1999-05-24T12:05:00Z,2.5,11,LAT-005,Latvia,Gulf of Riga,Gulf of Riga transitional waters,,Gulf of Riga transitional waters,855.811191767,243360.758113,2896144600.07,23.9833|57.1
23.9333,57.1667,1999-05-24T13:10:00Z,3.4,11,LAT-005,Latvia,Gulf of Riga,Gulf of Riga transitional waters,,Gulf of Riga transitional waters,855.811191767,243360.758113,2896144600.07,23.9333|57.1667
24.097,57.0986,1999-05-24T14:20:00Z,2.7,17,LAT-005,Latvia,Gulf of Riga,Gulf of Riga transitional waters,,Gulf of Riga transitional waters,855.811191767,243360.758113,2896144600.07,24.097|57.0986
24.25,57.1683,1999-05-24T15:30:00Z,2.5,19,LAT-005,Latvia,Gulf of Riga,Gulf of Riga transitional waters,,Gulf of Riga transitional waters,855.811191767,243360.758113,2896144600.07,24.25|57.1683
24.3667,57.24,1999-05-24T16:25:00Z,2.6,19,LAT-005,Latvia,Gulf of Riga,Gulf of Riga transitional waters,,Gulf of Riga transitional waters,855.811191767,243360.758113,2896144600.07,24.3667|57.24
24.3733,57.315,1999-05-24T17:15:00Z,2.3,17,LAT-004,Latvia,Gulf of Riga,"Gulf of Riga stony coast, waterbodies D&F",,"Gulf of Riga stony coast, waterbodies D&F",308.69830546,436367.284109,1064792248.48,24.3733|57.315
24.0833,57.35,1999-05-24T18:40:00Z,3.6,9,SEA-011,Opensea,Gulf of Riga,Opensea Gulf of Riga,Gulf of Riga,Opensea Gulf of Riga,8674.48923994,954770.496399,30193177349.7,24.0833|57.35
23.85,57.3,1999-05-24T20:10:00Z,2.7,19,SEA-011,Opensea,Gulf of Riga,Opensea Gulf of Riga,Gulf of Riga,Opensea Gulf of Riga,8674.48923994,954770.496399,30193177349.7,23.85|57.3
23.7667,57.4167,1999-05-24T22:10:00Z,2.6,19,SEA-011,Opensea,Gulf of Riga,Opensea Gulf of Riga,Gulf of Riga,Opensea Gulf of Riga,8674.48923994,954770.496399,30193177349.7,23.7667|57.4167
24.1167,57.6,1999-05-24T06:15:00Z,3.1,13,SEA-011,Opensea,Gulf of Riga,Opensea Gulf of Riga,Gulf of Riga,Opensea Gulf of Riga,8674.48923994,954770.496399,30193177349.7,24.1167|57.6
23.6167,57.6167,1999-05-25T08:35:00Z,3.2,13,SEA-011,Opensea,Gulf of Riga,Opensea Gulf of Riga,Gulf of Riga,Opensea Gulf of Riga,8674.48923994,954770.496399,30193177349.7,23.6167|57.6167
22.9833,57.5667,1999-05-25T23:50:00Z,3.7,13,SEA-011,Opensea,Gulf of Riga,Opensea Gulf of Riga,Gulf of Riga,Opensea Gulf of Riga,8674.48923994,954770.496399,30193177349.7,22.9833|57.5667
23.4833,57.4,1999-05-25T14:25:00Z,2.9,11,SEA-011,Opensea,Gulf of Riga,Opensea Gulf of Riga,Gulf of Riga,Opensea Gulf of Riga,8674.48923994,954770.496399,30193177349.7,23.4833|57.4
23.6667,57.1667,1999-05-25T16:45:00Z,2.5,19,SEA-011,Opensea,Gulf of Riga,Opensea Gulf of Riga,Gulf of Riga,Opensea Gulf of Riga,8674.48923994,954770.496399,30193177349.7,23.6667|57.1667
23.4867,57.0467,1999-05-25T18:15:00Z,2.9,13,LAT-003,Latvia,Gulf of Riga,"Gulf of Riga sandy coast, waterbodies C&E",,"Gulf of Riga sandy coast, waterbodies C&E",387.080162999,296440.220511,1327844259.75,23.4867|57.0467
23.705,56.9767,1999-05-25T19:10:00Z,2.7,13,LAT-005,Latvia,Gulf of Riga,Gulf of Riga transitional waters,,Gulf of Riga transitional waters,855.811191767,243360.758113,2896144600.07,23.705|56.9767
23.7433,56.98,1999-05-25T20:10:00Z,2.7,13,LAT-005,Latvia,Gulf of Riga,Gulf of Riga transitional waters,,Gulf of Riga transitional waters,855.811191767,243360.758113,2896144600.07,23.7433|56.98
23.92,57.025,1999-05-26T06:40:00Z,2.5,19,LAT-005,Latvia,Gulf of Riga,Gulf of Riga transitional waters,,Gulf of Riga transitional waters,855.811191767,243360.758113,2896144600.07,23.92|57.025
23.9683,57.0433,1999-05-26T07:15:00Z,2.5,19,LAT-005,Latvia,Gulf of Riga,Gulf of Riga transitional waters,,Gulf of Riga transitional waters,855.811191767,243360.758113,2896144600.07,23.9683|57.0433
24.0017,57.0833,1999-06-08T11:25:00Z,2.7,19,LAT-005,Latvia,Gulf of Riga,Gulf of Riga transitional waters,,Gulf of Riga transitional waters,855.811191767,243360.758113,2896144600.07,24.0017|57.0833
23.9792,57.0737,1999-06-08T00:40:00Z,2.5,17,LAT-005,Latvia,Gulf of Riga,Gulf of Riga transitional waters,,Gulf of Riga transitional waters,855.811191767,243360.758113,2896144600.07,23.9792|57.0737
23.9833,57.1,1999-06-08T13:15:00Z,2.5,19,LAT-005,Latvia,Gulf of Riga,Gulf of Riga transitional waters,,Gulf of Riga transitional waters,855.811191767,243360.758113,2896144600.07,23.9833|57.1
23.9333,57.1667,1999-06-08T14:25:00Z,3.7,13,LAT-005,Latvia,Gulf of Riga,Gulf of Riga transitional waters,,Gulf of Riga transitional waters,855.811191767,243360.758113,2896144600.07,23.9333|57.1667
24.097,57.0986,1999-06-08T15:30:00Z,2.8,19,LAT-005,Latvia,Gulf of Riga,Gulf of Riga transitional waters,,Gulf of Riga transitional waters,855.811191767,243360.758113,2896144600.07,24.097|57.0986
24.25,57.1683,1999-06-08T16:40:00Z,2.5,15,LAT-005,Latvia,Gulf of Riga,Gulf of Riga transitional waters,,Gulf of Riga transitional waters,855.811191767,243360.758113,2896144600.07,24.25|57.1683
24.3667,57.24,1999-06-08T17:55:00Z,2.6,19,LAT-005,Latvia,Gulf of Riga,Gulf of Riga transitional waters,,Gulf of Riga transitional waters,855.811191767,243360.758113,2896144600.07,24.3667|57.24
24.3733,57.315,1999-06-08T18:50:00Z,2.8,13,LAT-004,Latvia,Gulf of Riga,"Gulf of Riga stony coast, waterbodies D&F",,"Gulf of Riga stony coast, waterbodies D&F",308.69830546,436367.284109,1064792248.48,24.3733|57.315
24.0833,57.35,1999-06-08T20:20:00Z,4.3,9,SEA-011,Opensea,Gulf of Riga,Opensea Gulf of Riga,Gulf of Riga,Opensea Gulf of Riga,8674.48923994,954770.496399,30193177349.7,24.0833|57.35
23.85,57.3,1999-06-08T21:45:00Z,4.1,9,SEA-011,Opensea,Gulf of Riga,Opensea Gulf of Riga,Gulf of Riga,Opensea Gulf of Riga,8674.48923994,954770.496399,30193177349.7,23.85|57.3
23.7667,57.4167,1999-06-09T06:20:00Z,3.8,13,SEA-011,Opensea,Gulf of Riga,Opensea Gulf of Riga,Gulf of Riga,Opensea Gulf of Riga,8674.48923994,954770.496399,30193177349.7,23.7667|57.4167
24.1167,57.6,1999-06-09T08:45:00Z,4.2,9,SEA-011,Opensea,Gulf of Riga,Opensea Gulf of Riga,Gulf of Riga,Opensea Gulf of Riga,8674.48923994,954770.496399,30193177349.7,24.1167|57.6
23.6167,57.6167,1999-06-09T11:00:00Z,4.2,9,SEA-011,Opensea,Gulf of Riga,Opensea Gulf of Riga,Gulf of Riga,Opensea Gulf of Riga,8674.48923994,954770.496399,30193177349.7,23.6167|57.6167
22.9833,57.5667,1999-06-09T14:15:00Z,3.9,9,SEA-011,Opensea,Gulf of Riga,Opensea Gulf of Riga,Gulf of Riga,Opensea Gulf of Riga,8674.48923994,954770.496399,30193177349.7,22.9833|57.5667
23.4833,57.4,1999-06-09T16:50:00Z,4,9,SEA-011,Opensea,Gulf of Riga,Opensea Gulf of Riga,Gulf of Riga,Opensea Gulf of Riga,8674.48923994,954770.496399,30193177349.7,23.4833|57.4
23.6667,57.1667,1999-06-09T19:10:00Z,4.1,13,SEA-011,Opensea,Gulf of Riga,Opensea Gulf of Riga,Gulf of Riga,Opensea Gulf of Riga,8674.48923994,954770.496399,30193177349.7,23.6667|57.1667
23.4867,57.0467,1999-06-09T20:55:00Z,3.7,13,LAT-003,Latvia,Gulf of Riga,"Gulf of Riga sandy coast, waterbodies C&E",,"Gulf of Riga sandy coast, waterbodies C&E",387.080162999,296440.220511,1327844259.75,23.4867|57.0467
23.705,56.9767,1999-06-09T21:55:00Z,2.9,9,LAT-005,Latvia,Gulf of Riga,Gulf of Riga transitional waters,,Gulf of Riga transitional waters,855.811191767,243360.758113,2896144600.07,23.705|56.9767
23.7433,56.98,1999-06-10T06:15:00Z,3,13,LAT-005,Latvia,Gulf of Riga,Gulf of Riga transitional waters,,Gulf of Riga transitional waters,855.811191767,243360.758113,2896144600.07,23.7433|56.98
23.92,57.025,1999-06-10T07:15:00Z,2.8,11,LAT-005,Latvia,Gulf of Riga,Gulf of Riga transitional waters,,Gulf of Riga transitional waters,855.811191767,243360.758113,2896144600.07,23.92|57.025
23.9683,57.0433,1999-06-10T07:55:00Z,2.7,11,LAT-005,Latvia,Gulf of Riga,Gulf of Riga transitional waters,,Gulf of Riga transitional waters,855.811191767,243360.758113,2896144600.07,23.9683|57.0433
23.85,57.3,1999-06-29T13:45:00Z,3.8,9,SEA-011,Opensea,Gulf of Riga,Opensea Gulf of Riga,Gulf of Riga,Opensea Gulf of Riga,8674.48923994,954770.496399,30193177349.7,23.85|57.3
23.9333,57.1667,1999-06-29T16:05:00Z,3.2,9,LAT-005,Latvia,Gulf of Riga,Gulf of Riga transitional waters,,Gulf of Riga transitional waters,855.811191767,243360.758113,2896144600.07,23.9333|57.1667
23.9833,57.1,1999-06-29T17:00:00Z,2.8,13,LAT-005,Latvia,Gulf of Riga,Gulf of Riga transitional waters,,Gulf of Riga transitional waters,855.811191767,243360.758113,2896144600.07,23.9833|57.1
24.0017,57.0833,1999-06-29T17:30:00Z,2.3,15,LAT-005,Latvia,Gulf of Riga,Gulf of Riga transitional waters,,Gulf of Riga transitional waters,855.811191767,243360.758113,2896144600.07,24.0017|57.0833
23.9437,57.0907,1999-06-30T11:30:00Z,3,9,LAT-005,Latvia,Gulf of Riga,Gulf of Riga transitional waters,,Gulf of Riga transitional waters,855.811191767,243360.758113,2896144600.07,23.9437|57.0907
23.9518,57.0853,1999-06-30T00:00:00Z,2.8,13,LAT-005,Latvia,Gulf of Riga,Gulf of Riga transitional waters,,Gulf of Riga transitional waters,855.811191767,243360.758113,2896144600.07,23.9518|57.0853
24.0017,57.0833,1999-07-07T11:40:00Z,2.8,13,LAT-005,Latvia,Gulf of Riga,Gulf of Riga transitional waters,,Gulf of Riga transitional waters,855.811191767,243360.758113,2896144600.07,24.0017|57.0833
23.9792,57.0737,1999-07-07T00:40:00Z,2.7,17,LAT-005,Latvia,Gulf of Riga,Gulf of Riga transitional waters,,Gulf of Riga transitional waters,855.811191767,243360.758113,2896144600.07,23.9792|57.0737
23.9833,57.1,1999-07-07T13:15:00Z,3.6,12,LAT-005,Latvia,Gulf of Riga,Gulf of Riga transitional waters,,Gulf of Riga transitional waters,855.811191767,243360.758113,2896144600.07,23.9833|57.1
23.9333,57.1667,1999-07-07T14:25:00Z,3.8,9,LAT-005,Latvia,Gulf of Riga,Gulf of Riga transitional waters,,Gulf of Riga transitional waters,855.811191767,243360.758113,2896144600.07,23.9333|57.1667
24.097,57.0986,1999-07-07T15:40:00Z,2.8,13,LAT-005,Latvia,Gulf of Riga,Gulf of Riga transitional waters,,Gulf of Riga transitional waters,855.811191767,243360.758113,2896144600.07,24.097|57.0986
24.25,57.1683,1999-07-07T17:00:00Z,2.7,13,LAT-005,Latvia,Gulf of Riga,Gulf of Riga transitional waters,,Gulf of Riga transitional waters,855.811191767,243360.758113,2896144600.07,24.25|57.1683
24.3667,57.24,1999-07-07T18:20:00Z,2.7,13,LAT-005,Latvia,Gulf of Riga,Gulf of Riga transitional waters,,Gulf of Riga transitional waters,855.811191767,243360.758113,2896144600.07,24.3667|57.24
24.3733,57.315,1999-07-07T19:20:00Z,2.7,9,LAT-004,Latvia,Gulf of Riga,"Gulf of Riga stony coast, waterbodies D&F",,"Gulf of Riga stony coast, waterbodies D&F",308.69830546,436367.284109,1064792248.48,24.3733|57.315
24.0833,57.35,1999-07-07T21:00:00Z,3.6,9,SEA-011,Opensea,Gulf of Riga,Opensea Gulf of Riga,Gulf of Riga,Opensea Gulf of Riga,8674.48923994,954770.496399,30193177349.7,24.0833|57.35
23.7667,57.4167,1999-07-07T22:50:00Z,3.8,9,SEA-011,Opensea,Gulf of Riga,Opensea Gulf of Riga,Gulf of Riga,Opensea Gulf of Riga,8674.48923994,954770.496399,30193177349.7,23.7667|57.4167
24.1167,57.6,1999-07-08T06:35:00Z,3.8,9,SEA-011,Opensea,Gulf of Riga,Opensea Gulf of Riga,Gulf of Riga,Opensea Gulf of Riga,8674.48923994,954770.496399,30193177349.7,24.1167|57.6
23.6167,57.6167,1999-07-08T09:20:00Z,4.3,9,SEA-011,Opensea,Gulf of Riga,Opensea Gulf of Riga,Gulf of Riga,Opensea Gulf of Riga,8674.48923994,954770.496399,30193177349.7,23.6167|57.6167
22.9833,57.5667,1999-07-08T14:05:00Z,4.6,9,SEA-011,Opensea,Gulf of Riga,Opensea Gulf of Riga,Gulf of Riga,Opensea Gulf of Riga,8674.48923994,954770.496399,30193177349.7,22.9833|57.5667
23.4833,57.4,1999-07-08T17:30:00Z,4.2,9,SEA-011,Opensea,Gulf of Riga,Opensea Gulf of Riga,Gulf of Riga,Opensea Gulf of Riga,8674.48923994,954770.496399,30193177349.7,23.4833|57.4
23.6667,57.1667,1999-07-08T20:30:00Z,4,9,SEA-011,Opensea,Gulf of Riga,Opensea Gulf of Riga,Gulf of Riga,Opensea Gulf of Riga,8674.48923994,954770.496399,30193177349.7,23.6667|57.1667
23.85,57.3,1999-07-09T06:30:00Z,4.2,9,SEA-011,Opensea,Gulf of Riga,Opensea Gulf of Riga,Gulf of Riga,Opensea Gulf of Riga,8674.48923994,954770.496399,30193177349.7,23.85|57.3
23.4867,57.0467,1999-07-09T11:00:00Z,2.7,13,LAT-003,Latvia,Gulf of Riga,"Gulf of Riga sandy coast, waterbodies C&E",,"Gulf of Riga sandy coast, waterbodies C&E",387.080162999,296440.220511,1327844259.75,23.4867|57.0467
23.705,56.9767,1999-07-09T00:05:00Z,2.8,13,LAT-005,Latvia,Gulf of Riga,Gulf of Riga transitional waters,,Gulf of Riga transitional waters,855.811191767,243360.758113,2896144600.07,23.705|56.9767
23.7433,56.98,1999-07-09T13:10:00Z,2.6,13,LAT-005,Latvia,Gulf of Riga,Gulf of Riga transitional waters,,Gulf of Riga transitional waters,855.811191767,243360.758113,2896144600.07,23.7433|56.98
23.92,57.025,1999-07-09T14:10:00Z,2.5,13,LAT-005,Latvia,Gulf of Riga,Gulf of Riga transitional waters,,Gulf of Riga transitional waters,855.811191767,243360.758113,2896144600.07,23.92|57.025
23.9683,57.0433,1999-07-09T14:55:00Z,2.6,13,LAT-005,Latvia,Gulf of Riga,Gulf of Riga transitional waters,,Gulf of Riga transitional waters,855.811191767,243360.758113,2896144600.07,23.9683|57.0433
23.85,57.3,1999-07-27T12:35:00Z,4.4,11,SEA-011,Opensea,Gulf of Riga,Opensea Gulf of Riga,Gulf of Riga,Opensea Gulf of Riga,8674.48923994,954770.496399,30193177349.7,23.85|57.3
23.9333,57.1667,1999-07-27T15:00:00Z,2.9,11,LAT-005,Latvia,Gulf of Riga,Gulf of Riga transitional waters,,Gulf of Riga transitional waters,855.811191767,243360.758113,2896144600.07,23.9333|57.1667
23.9833,57.1,1999-07-27T15:55:00Z,2.9,11,LAT-005,Latvia,Gulf of Riga,Gulf of Riga transitional waters,,Gulf of Riga transitional waters,855.811191767,243360.758113,2896144600.07,23.9833|57.1
24.0017,57.0833,1999-07-27T16:25:00Z,2.4,11,LAT-005,Latvia,Gulf of Riga,Gulf of Riga transitional waters,,Gulf of Riga transitional waters,855.811191767,243360.758113,2896144600.07,24.0017|57.0833
24.0017,57.0833,1999-08-10T12:05:00Z,2.5,19,LAT-005,Latvia,Gulf of Riga,Gulf of Riga transitional waters,,Gulf of Riga transitional waters,855.811191767,243360.758113,2896144600.07,24.0017|57.0833
23.9792,57.0737,1999-08-10T13:25:00Z,3.8,9,LAT-005,Latvia,Gulf of Riga,Gulf of Riga transitional waters,,Gulf of Riga transitional waters,855.811191767,243360.758113,2896144600.07,23.9792|57.0737
23.9833,57.1,1999-08-10T14:07:00Z,4.1,9,LAT-005,Latvia,Gulf of Riga,Gulf of Riga transitional waters,,Gulf of Riga transitional waters,855.811191767,243360.758113,2896144600.07,23.9833|57.1
24.097,57.0986,1999-08-10T15:23:00Z,3.2,13,LAT-005,Latvia,Gulf of Riga,Gulf of Riga transitional waters,,Gulf of Riga transitional waters,855.811191767,243360.758113,2896144600.07,24.097|57.0986
23.9565,57.1243,1999-08-10T16:30:00Z,3.8,13,LAT-005,Latvia,Gulf of Riga,Gulf of Riga transitional waters,,Gulf of Riga transitional waters,855.811191767,243360.758113,2896144600.07,23.9565|57.1243
23.9333,57.1667,1999-08-10T17:30:00Z,3.8,9,LAT-005,Latvia,Gulf of Riga,Gulf of Riga transitional waters,,Gulf of Riga transitional waters,855.811191767,243360.758113,2896144600.07,23.9333|57.1667
24.1505,57.2233,1999-08-10T19:30:00Z,4,13,LAT-005,Latvia,Gulf of Riga,Gulf of Riga transitional waters,,Gulf of Riga transitional waters,855.811191767,243360.758113,2896144600.07,24.1505|57.2233
24.2167,57.1833,1999-08-10T20:30:00Z,3.2,13,LAT-005,Latvia,Gulf of Riga,Gulf of Riga transitional waters,,Gulf of Riga transitional waters,855.811191767,243360.758113,2896144600.07,24.2167|57.1833
24.25,57.1683,1999-08-10T21:10:00Z,3.2,9,LAT-005,Latvia,Gulf of Riga,Gulf of Riga transitional waters,,Gulf of Riga transitional waters,855.811191767,243360.758113,2896144600.07,24.25|57.1683
24.3667,57.24,1999-08-11T06:15:00Z,3.8,13,LAT-005,Latvia,Gulf of Riga,Gulf of Riga transitional waters,,Gulf of Riga transitional waters,855.811191767,243360.758113,2896144600.07,24.3667|57.24
24.3733,57.315,1999-08-11T07:23:00Z,3,9,LAT-004,Latvia,Gulf of Riga,"Gulf of Riga stony coast, waterbodies D&F",,"Gulf of Riga stony coast, waterbodies D&F",308.69830546,436367.284109,1064792248.48,24.3733|57.315
24.0833,57.35,1999-08-11T09:10:00Z,3.8,9,SEA-011,Opensea,Gulf of Riga,Opensea Gulf of Riga,Gulf of Riga,Opensea Gulf of Riga,8674.48923994,954770.496399,30193177349.7,24.0833|57.35
24.3533,57.4483,1999-08-11T11:40:00Z,3.4,13,LAT-004,Latvia,Gulf of Riga,"Gulf of Riga stony coast, waterbodies D&F",,"Gulf of Riga stony coast, waterbodies D&F",308.69830546,436367.284109,1064792248.48,24.3533|57.4483
24.3367,57.5933,1999-08-11T13:00:00Z,3.4,9,LAT-004,Latvia,Gulf of Riga,"Gulf of Riga stony coast, waterbodies D&F",,"Gulf of Riga stony coast, waterbodies D&F",308.69830546,436367.284109,1064792248.48,24.3367|57.5933
24.1167,57.6,1999-08-11T14:10:00Z,4,13,SEA-011,Opensea,Gulf of Riga,Opensea Gulf of Riga,Gulf of Riga,Opensea Gulf of Riga,8674.48923994,954770.496399,30193177349.7,24.1167|57.6
24.2518,57.7633,1999-08-11T16:55:00Z,3.8,9,SEA-011,Opensea,Gulf of Riga,Opensea Gulf of Riga,Gulf of Riga,Opensea Gulf of Riga,8674.48923994,954770.496399,30193177349.7,24.2518|57.7633
24.2433,57.88,1999-08-11T18:20:00Z,3.5,9,SEA-011,Opensea,Gulf of Riga,Opensea Gulf of Riga,Gulf of Riga,Opensea Gulf of Riga,8674.48923994,954770.496399,30193177349.7,24.2433|57.88
23.9167,57.85,1999-08-11T19:55:00Z,4.2,9,SEA-011,Opensea,Gulf of Riga,Opensea Gulf of Riga,Gulf of Riga,Opensea Gulf of Riga,8674.48923994,954770.496399,30193177349.7,23.9167|57.85
23.6167,57.6167,1999-08-12T06:00:00Z,4.3,9,SEA-011,Opensea,Gulf of Riga,Opensea Gulf of Riga,Gulf of Riga,Opensea Gulf of Riga,8674.48923994,954770.496399,30193177349.7,23.6167|57.6167
23.35,57.96,1999-08-12T11:55:00Z,5,9,EST-019,Estonia,Gulf of Riga,Central part of the Gulf of Riga CWB,,EE_19,1960.16337669,379661.151667,6969951504.02,23.35|57.96
23.4,58.2,1999-08-12T14:25:00Z,4.2,13,EST-019,Estonia,Gulf of Riga,Central part of the Gulf of Riga CWB,,EE_19,1960.16337669,379661.151667,6969951504.02,23.4|58.2
22.8833,57.7976,1999-08-12T18:35:00Z,4,13,SEA-011,Opensea,Gulf of Riga,Opensea Gulf of Riga,Gulf of Riga,Opensea Gulf of Riga,8674.48923994,954770.496399,30193177349.7,22.8833|57.7976
22.6167,57.7333,1999-08-12T20:25:00Z,3.5,13,LAT-003,Latvia,Gulf of Riga,"Gulf of Riga sandy coast, waterbodies C&E",,"Gulf of Riga sandy coast, waterbodies C&E",387.080162999,296440.220511,1327844259.75,22.6167|57.7333
22.9833,57.5667,1999-08-13T06:00:00Z,4.5,9,SEA-011,Opensea,Gulf of Riga,Opensea Gulf of Riga,Gulf of Riga,Opensea Gulf of Riga,8674.48923994,954770.496399,30193177349.7,22.9833|57.5667
22.8167,57.5333,1999-08-13T07:45:00Z,3.7,13,LAT-003,Latvia,Gulf of Riga,"Gulf of Riga sandy coast, waterbodies C&E",,"Gulf of Riga sandy coast, waterbodies C&E",387.080162999,296440.220511,1327844259.75,22.8167|57.5333
23.2128,57.4572,1999-08-13T09:57:00Z,4.7,11,SEA-011,Opensea,Gulf of Riga,Opensea Gulf of Riga,Gulf of Riga,Opensea Gulf of Riga,8674.48923994,954770.496399,30193177349.7,23.2128|57.4572
23.07,57.3967,1999-08-13T11:40:00Z,3.8,13,LAT-004,Latvia,Gulf of Riga,"Gulf of Riga stony coast, waterbodies D&F",,"Gulf of Riga stony coast, waterbodies D&F",308.69830546,436367.284109,1064792248.48,23.07|57.3967
23.2123,57.3275,1999-08-13T12:45:00Z,3.5,13,SEA-011,Opensea,Gulf of Riga,Opensea Gulf of Riga,Gulf of Riga,Opensea Gulf of Riga,8674.48923994,954770.496399,30193177349.7,23.2123|57.3275
23.4833,57.4,1999-08-13T14:15:00Z,4.6,13,SEA-011,Opensea,Gulf of Riga,Opensea Gulf of Riga,Gulf of Riga,Opensea Gulf of Riga,8674.48923994,954770.496399,30193177349.7,23.4833|57.4
23.7667,57.4167,1999-08-13T16:30:00Z,4.1,13,SEA-011,Opensea,Gulf of Riga,Opensea Gulf of Riga,Gulf of Riga,Opensea Gulf of Riga,8674.48923994,954770.496399,30193177349.7,23.7667|57.4167
23.85,57.3,1999-08-13T18:20:00Z,4.4,11,SEA-011,Opensea,Gulf of Riga,Opensea Gulf of Riga,Gulf of Riga,Opensea Gulf of Riga,8674.48923994,954770.496399,30193177349.7,23.85|57.3
23.2754,57.173,1999-08-14T06:00:00Z,4,13,SEA-011,Opensea,Gulf of Riga,Opensea Gulf of Riga,Gulf of Riga,Opensea Gulf of Riga,8674.48923994,954770.496399,30193177349.7,23.2754|57.173
23.4867,57.0467,1999-08-14T07:28:00Z,3.8,13,LAT-003,Latvia,Gulf of Riga,"Gulf of Riga sandy coast, waterbodies C&E",,"Gulf of Riga sandy coast, waterbodies C&E",387.080162999,296440.220511,1327844259.75,23.4867|57.0467
23.705,56.9767,1999-08-14T08:30:00Z,3.6,9,LAT-005,Latvia,Gulf of Riga,Gulf of Riga transitional waters,,Gulf of Riga transitional waters,855.811191767,243360.758113,2896144600.07,23.705|56.9767
23.7433,56.98,1999-08-14T09:39:00Z,2.8,11,LAT-005,Latvia,Gulf of Riga,Gulf of Riga transitional waters,,Gulf of Riga transitional waters,855.811191767,243360.758113,2896144600.07,23.7433|56.98
23.749,57.0833,1999-08-14T10:50:00Z,4.5,9,LAT-005,Latvia,Gulf of Riga,Gulf of Riga transitional waters,,Gulf of Riga transitional waters,855.811191767,243360.758113,2896144600.07,23.749|57.0833
23.8129,57.0862,1999-08-14T11:50:00Z,4.2,11,LAT-005,Latvia,Gulf of Riga,Gulf of Riga transitional waters,,Gulf of Riga transitional waters,855.811191767,243360.758113,2896144600.07,23.8129|57.0862
23.8883,57.055,1999-08-14T12:40:00Z,3.7,11,LAT-005,Latvia,Gulf of Riga,Gulf of Riga transitional waters,,Gulf of Riga transitional waters,855.811191767,243360.758113,2896144600.07,23.8883|57.055
23.92,57.025,1999-08-14T13:28:00Z,2.2,13,LAT-005,Latvia,Gulf of Riga,Gulf of Riga transitional waters,,Gulf of Riga transitional waters,855.811191767,243360.758113,2896144600.07,23.92|57.025
23.9683,57.0433,1999-08-14T15:00:00Z,2.8,17,LAT-005,Latvia,Gulf of Riga,Gulf of Riga transitional waters,,Gulf of Riga transitional waters,855.811191767,243360.758113,2896144600.07,23.9683|57.0433
23.85,57.3,1999-08-28T05:50:00Z,4,9,SEA-011,Opensea,Gulf of Riga,Opensea Gulf of Riga,Gulf of Riga,Opensea Gulf of Riga,8674.48923994,954770.496399,30193177349.7,23.85|57.3
24.0017,57.0833,1999-08-28T08:55:00Z,2.5,15,LAT-005,Latvia,Gulf of Riga,Gulf of Riga transitional waters,,Gulf of Riga transitional waters,855.811191767,243360.758113,2896144600.07,24.0017|57.0833
24.0017,57.0833,1999-09-07T11:25:00Z,2.7,11,LAT-005,Latvia,Gulf of Riga,Gulf of Riga transitional waters,,Gulf of Riga transitional waters,855.811191767,243360.758113,2896144600.07,24.0017|57.0833
23.9792,57.0737,1999-09-07T12:20:00Z,2.1,19,LAT-005,Latvia,Gulf of Riga,Gulf of Riga transitional waters,,Gulf of Riga transitional waters,855.811191767,243360.758113,2896144600.07,23.9792|57.0737
23.9833,57.1,1999-09-07T12:47:00Z,2.9,11,LAT-005,Latvia,Gulf of Riga,Gulf of Riga transitional waters,,Gulf of Riga transitional waters,855.811191767,243360.758113,2896144600.07,23.9833|57.1
23.9333,57.1667,1999-09-07T13:47:00Z,4.2,13,LAT-005,Latvia,Gulf of Riga,Gulf of Riga transitional waters,,Gulf of Riga transitional waters,855.811191767,243360.758113,2896144600.07,23.9333|57.1667
24.097,57.0986,1999-09-07T14:53:00Z,2.5,9,LAT-005,Latvia,Gulf of Riga,Gulf of Riga transitional waters,,Gulf of Riga transitional waters,855.811191767,243360.758113,2896144600.07,24.097|57.0986
24.25,57.1683,1999-09-07T16:10:00Z,2.8,9,LAT-005,Latvia,Gulf of Riga,Gulf of Riga transitional waters,,Gulf of Riga transitional waters,855.811191767,243360.758113,2896144600.07,24.25|57.1683
24.3667,57.24,1999-09-07T17:15:00Z,2.9,11,LAT-005,Latvia,Gulf of Riga,Gulf of Riga transitional waters,,Gulf of Riga transitional waters,855.811191767,243360.758113,2896144600.07,24.3667|57.24
24.3733,57.315,1999-09-07T18:05:00Z,2,11,LAT-004,Latvia,Gulf of Riga,"Gulf of Riga stony coast, waterbodies D&F",,"Gulf of Riga stony coast, waterbodies D&F",308.69830546,436367.284109,1064792248.48,24.3733|57.315
24.0833,57.35,1999-09-07T19:37:00Z,4.3,9,SEA-011,Opensea,Gulf of Riga,Opensea Gulf of Riga,Gulf of Riga,Opensea Gulf of Riga,8674.48923994,954770.496399,30193177349.7,24.0833|57.35
23.85,57.3,1999-09-08T06:05:00Z,3.75,9,SEA-011,Opensea,Gulf of Riga,Opensea Gulf of Riga,Gulf of Riga,Opensea Gulf of Riga,8674.48923994,954770.496399,30193177349.7,23.85|57.3
23.7667,57.4167,1999-09-08T08:30:00Z,4.8,9,SEA-011,Opensea,Gulf of Riga,Opensea Gulf of Riga,Gulf of Riga,Opensea Gulf of Riga,8674.48923994,954770.496399,30193177349.7,23.7667|57.4167
24.1167,57.6,1999-09-08T10:45:00Z,5.3,9,SEA-011,Opensea,Gulf of Riga,Opensea Gulf of Riga,Gulf of Riga,Opensea Gulf of Riga,8674.48923994,954770.496399,30193177349.7,24.1167|57.6
23.6167,57.6167,1999-09-08T13:05:00Z,4.9,9,SEA-011,Opensea,Gulf of Riga,Opensea Gulf of Riga,Gulf of Riga,Opensea Gulf of Riga,8674.48923994,954770.496399,30193177349.7,23.6167|57.6167
22.9833,57.5667,1999-09-08T16:20:00Z,4.3,9,SEA-011,Opensea,Gulf of Riga,Opensea Gulf of Riga,Gulf of Riga,Opensea Gulf of Riga,8674.48923994,954770.496399,30193177349.7,22.9833|57.5667
23.4833,57.4,1999-09-08T19:00:00Z,3.8,9,SEA-011,Opensea,Gulf of Riga,Opensea Gulf of Riga,Gulf of Riga,Opensea Gulf of Riga,8674.48923994,954770.496399,30193177349.7,23.4833|57.4
23.2123,57.3275,1999-09-08T20:25:00Z,3.2,9,SEA-011,Opensea,Gulf of Riga,Opensea Gulf of Riga,Gulf of Riga,Opensea Gulf of Riga,8674.48923994,954770.496399,30193177349.7,23.2123|57.3275
23.2754,57.173,1999-09-09T07:45:00Z,3.2,9,SEA-011,Opensea,Gulf of Riga,Opensea Gulf of Riga,Gulf of Riga,Opensea Gulf of Riga,8674.48923994,954770.496399,30193177349.7,23.2754|57.173
23.6667,57.1667,1999-09-09T09:30:00Z,4,9,SEA-011,Opensea,Gulf of Riga,Opensea Gulf of Riga,Gulf of Riga,Opensea Gulf of Riga,8674.48923994,954770.496399,30193177349.7,23.6667|57.1667
23.4867,57.0467,1999-09-09T11:00:00Z,3.2,9,LAT-003,Latvia,Gulf of Riga,"Gulf of Riga sandy coast, waterbodies C&E",,"Gulf of Riga sandy coast, waterbodies C&E",387.080162999,296440.220511,1327844259.75,23.4867|57.0467
23.705,56.9767,1999-09-09T12:05:00Z,2.9,11,LAT-005,Latvia,Gulf of Riga,Gulf of Riga transitional waters,,Gulf of Riga transitional waters,855.811191767,243360.758113,2896144600.07,23.705|56.9767
23.7433,56.98,1999-09-09T13:00:00Z,2.3,11,LAT-005,Latvia,Gulf of Riga,Gulf of Riga transitional waters,,Gulf of Riga transitional waters,855.811191767,243360.758113,2896144600.07,23.7433|56.98
23.92,57.025,1999-09-09T14:00:00Z,2.1,13,LAT-005,Latvia,Gulf of Riga,Gulf of Riga transitional waters,,Gulf of Riga transitional waters,855.811191767,243360.758113,2896144600.07,23.92|57.025
23.9683,57.0433,1999-09-09T14:45:00Z,1.9,17,LAT-005,Latvia,Gulf of Riga,Gulf of Riga transitional waters,,Gulf of Riga transitional waters,855.811191767,243360.758113,2896144600.07,23.9683|57.0433
23.9833,57.1,1999-09-21T11:10:00Z,4.3,13,LAT-005,Latvia,Gulf of Riga,Gulf of Riga transitional waters,,Gulf of Riga transitional waters,855.811191767,243360.758113,2896144600.07,23.9833|57.1
23.85,57.3,1999-09-22T08:00:00Z,3.5,9,SEA-011,Opensea,Gulf of Riga,Opensea Gulf of Riga,Gulf of Riga,Opensea Gulf of Riga,8674.48923994,954770.496399,30193177349.7,23.85|57.3
24.3733,57.315,1999-09-22T10:50:00Z,3.2,11,LAT-004,Latvia,Gulf of Riga,"Gulf of Riga stony coast, waterbodies D&F",,"Gulf of Riga stony coast, waterbodies D&F",308.69830546,436367.284109,1064792248.48,24.3733|57.315
24.3667,57.24,1999-09-22T11:45:00Z,3.5,11,LAT-005,Latvia,Gulf of Riga,Gulf of Riga transitional waters,,Gulf of Riga transitional waters,855.811191767,243360.758113,2896144600.07,24.3667|57.24
24.25,57.1683,1999-09-22T12:40:00Z,3,13,LAT-005,Latvia,Gulf of Riga,Gulf of Riga transitional waters,,Gulf of Riga transitional waters,855.811191767,243360.758113,2896144600.07,24.25|57.1683
23.9333,57.1667,1999-09-22T15:10:00Z,4,9,LAT-005,Latvia,Gulf of Riga,Gulf of Riga transitional waters,,Gulf of Riga transitional waters,855.811191767,243360.758113,2896144600.07,23.9333|57.1667
23.9833,57.1,1999-09-22T16:25:00Z,3,11,LAT-005,Latvia,Gulf of Riga,Gulf of Riga transitional waters,,Gulf of Riga transitional waters,855.811191767,243360.758113,2896144600.07,23.9833|57.1
24.0017,57.0833,1999-09-22T17:05:00Z,3.2,11,LAT-005,Latvia,Gulf of Riga,Gulf of Riga transitional waters,,Gulf of Riga transitional waters,855.811191767,243360.758113,2896144600.07,24.0017|57.0833
23.85,57.3,1999-10-06T12:57:00Z,3.8,9,SEA-011,Opensea,Gulf of Riga,Opensea Gulf of Riga,Gulf of Riga,Opensea Gulf of Riga,8674.48923994,954770.496399,30193177349.7,23.85|57.3
23.9333,57.1667,1999-10-06T16:05:00Z,3.5,9,LAT-005,Latvia,Gulf of Riga,Gulf of Riga transitional waters,,Gulf of Riga transitional waters,855.811191767,243360.758113,2896144600.07,23.9333|57.1667
23.9833,57.1,1999-10-06T17:00:00Z,3,11,LAT-005,Latvia,Gulf of Riga,Gulf of Riga transitional waters,,Gulf of Riga transitional waters,855.811191767,243360.758113,2896144600.07,23.9833|57.1
24.0017,57.0833,1999-10-06T17:32:00Z,2.5,11,LAT-005,Latvia,Gulf of Riga,Gulf of Riga transitional waters,,Gulf of Riga transitional waters,855.811191767,243360.758113,2896144600.07,24.0017|57.0833
23.9792,57.0737,1999-10-20T12:10:00Z,2.5,9,LAT-005,Latvia,Gulf of Riga,Gulf of Riga transitional waters,,Gulf of Riga transitional waters,855.811191767,243360.758113,2896144600.07,23.9792|57.0737
23.92,57.025,1999-10-20T13:10:00Z,2.6,9,LAT-005,Latvia,Gulf of Riga,Gulf of Riga transitional waters,,Gulf of Riga transitional waters,855.811191767,243360.758113,2896144600.07,23.92|57.025
23.6667,57.1667,1999-10-20T15:00:00Z,3.1,9,SEA-011,Opensea,Gulf of Riga,Opensea Gulf of Riga,Gulf of Riga,Opensea Gulf of Riga,8674.48923994,954770.496399,30193177349.7,23.6667|57.1667
23.4867,57.0467,1999-10-20T16:40:00Z,2.8,9,LAT-003,Latvia,Gulf of Riga,"Gulf of Riga sandy coast, waterbodies C&E",,"Gulf of Riga sandy coast, waterbodies C&E",387.080162999,296440.220511,1327844259.75,23.4867|57.0467
23.2123,57.3275,1999-10-20T19:15:00Z,2.9,9,SEA-011,Opensea,Gulf of Riga,Opensea Gulf of Riga,Gulf of Riga,Opensea Gulf of Riga,8674.48923994,954770.496399,30193177349.7,23.2123|57.3275
23.4833,57.4,1999-10-21T07:30:00Z,3.2,9,SEA-011,Opensea,Gulf of Riga,Opensea Gulf of Riga,Gulf of Riga,Opensea Gulf of Riga,8674.48923994,954770.496399,30193177349.7,23.4833|57.4
22.9833,57.5667,1999-10-21T10:20:00Z,3.8,9,SEA-011,Opensea,Gulf of Riga,Opensea Gulf of Riga,Gulf of Riga,Opensea Gulf of Riga,8674.48923994,954770.496399,30193177349.7,22.9833|57.5667
23.6167,57.6167,1999-10-21T13:20:00Z,4.2,9,SEA-011,Opensea,Gulf of Riga,Opensea Gulf of Riga,Gulf of Riga,Opensea Gulf of Riga,8674.48923994,954770.496399,30193177349.7,23.6167|57.6167
24.1167,57.6,1999-10-21T16:15:00Z,3.7,9,SEA-011,Opensea,Gulf of Riga,Opensea Gulf of Riga,Gulf of Riga,Opensea Gulf of Riga,8674.48923994,954770.496399,30193177349.7,24.1167|57.6
24.0833,57.35,1999-10-21T18:20:00Z,3.8,9,SEA-011,Opensea,Gulf of Riga,Opensea Gulf of Riga,Gulf of Riga,Opensea Gulf of Riga,8674.48923994,954770.496399,30193177349.7,24.0833|57.35
24.3733,57.315,1999-10-21T20:05:00Z,2.7,12,LAT-004,Latvia,Gulf of Riga,"Gulf of Riga stony coast, waterbodies D&F",,"Gulf of Riga stony coast, waterbodies D&F",308.69830546,436367.284109,1064792248.48,24.3733|57.315
24.25,57.1683,1999-10-22T09:05:00Z,2.6,9,LAT-005,Latvia,Gulf of Riga,Gulf of Riga transitional waters,,Gulf of Riga transitional waters,855.811191767,243360.758113,2896144600.07,24.25|57.1683
23.85,57.3,1999-10-22T12:40:00Z,3.9,9,SEA-011,Opensea,Gulf of Riga,Opensea Gulf of Riga,Gulf of Riga,Opensea Gulf of Riga,8674.48923994,954770.496399,30193177349.7,23.85|57.3
24.0017,57.0833,1999-11-04T11:05:00Z,2.6,12,LAT-005,Latvia,Gulf of Riga,Gulf of Riga transitional waters,,Gulf of Riga transitional waters,855.811191767,243360.758113,2896144600.07,24.0017|57.0833
23.9833,57.1,1999-11-04T12:05:00Z,3.1,9,LAT-005,Latvia,Gulf of Riga,Gulf of Riga transitional waters,,Gulf of Riga transitional waters,855.811191767,243360.758113,2896144600.07,23.9833|57.1
23.9333,57.1667,1999-11-04T13:30:00Z,3.9,9,LAT-005,Latvia,Gulf of Riga,Gulf of Riga transitional waters,,Gulf of Riga transitional waters,855.811191767,243360.758113,2896144600.07,23.9333|57.1667
23.6667,57.1667,1999-11-04T15:05:00Z,4.1,9,SEA-011,Opensea,Gulf of Riga,Opensea Gulf of Riga,Gulf of Riga,Opensea Gulf of Riga,8674.48923994,954770.496399,30193177349.7,23.6667|57.1667
22.9833,57.5667,1999-11-05T07:30:00Z,4,9,SEA-011,Opensea,Gulf of Riga,Opensea Gulf of Riga,Gulf of Riga,Opensea Gulf of Riga,8674.48923994,954770.496399,30193177349.7,22.9833|57.5667
22.8833,57.7976,1999-11-05T09:50:00Z,4,9,SEA-011,Opensea,Gulf of Riga,Opensea Gulf of Riga,Gulf of Riga,Opensea Gulf of Riga,8674.48923994,954770.496399,30193177349.7,22.8833|57.7976
23.6167,57.6167,1999-11-05T13:30:00Z,4.4,9,SEA-011,Opensea,Gulf of Riga,Opensea Gulf of Riga,Gulf of Riga,Opensea Gulf of Riga,8674.48923994,954770.496399,30193177349.7,23.6167|57.6167
23.9167,57.85,1999-11-05T16:35:00Z,2.9,9,SEA-011,Opensea,Gulf of Riga,Opensea Gulf of Riga,Gulf of Riga,Opensea Gulf of Riga,8674.48923994,954770.496399,30193177349.7,23.9167|57.85
24.0833,57.35,1999-11-06T07:35:00Z,3.9,9,SEA-011,Opensea,Gulf of Riga,Opensea Gulf of Riga,Gulf of Riga,Opensea Gulf of Riga,8674.48923994,954770.496399,30193177349.7,24.0833|57.35
23.7667,57.4167,1999-11-06T09:40:00Z,3.9,9,SEA-011,Opensea,Gulf of Riga,Opensea Gulf of Riga,Gulf of Riga,Opensea Gulf of Riga,8674.48923994,954770.496399,30193177349.7,23.7667|57.4167
23.85,57.3,1999-11-06T11:15:00Z,3.8,9,SEA-011,Opensea,Gulf of Riga,Opensea Gulf of Riga,Gulf of Riga,Opensea Gulf of Riga,8674.48923994,954770.496399,30193177349.7,23.85|57.3
23.85,57.3,1999-11-25T12:05:00Z,3.9,9,SEA-011,Opensea,Gulf of Riga,Opensea Gulf of Riga,Gulf of Riga,Opensea Gulf of Riga,8674.48923994,954770.496399,30193177349.7,23.85|57.3
23.9833,57.1,1999-11-25T16:05:00Z,3.4,9,LAT-005,Latvia,Gulf of Riga,Gulf of Riga transitional waters,,Gulf of Riga transitional waters,855.811191767,243360.758113,2896144600.07,23.9833|57.1
24.0017,57.0833,1999-12-15T10:50:00Z,2.4,15,LAT-005,Latvia,Gulf of Riga,Gulf of Riga transitional waters,,Gulf of Riga transitional waters,855.811191767,243360.758113,2896144600.07,24.0017|57.0833
23.9833,57.1,1999-12-15T11:45:00Z,2.5,15,LAT-005,Latvia,Gulf of Riga,Gulf of Riga transitional waters,,Gulf of Riga transitional waters,855.811191767,243360.758113,2896144600.07,23.9833|57.1
23.6667,57.1667,1999-12-15T13:10:00Z,3.6,9,SEA-011,Opensea,Gulf of Riga,Opensea Gulf of Riga,Gulf of Riga,Opensea Gulf of Riga,8674.48923994,954770.496399,30193177349.7,23.6667|57.1667
23.85,57.3,1999-12-15T15:45:00Z,3.6,9,SEA-011,Opensea,Gulf of Riga,Opensea Gulf of Riga,Gulf of Riga,Opensea Gulf of Riga,8674.48923994,954770.496399,30193177349.7,23.85|57.3
23.6167,57.6167,1999-12-16T08:55:00Z,3.7,9,SEA-011,Opensea,Gulf of Riga,Opensea Gulf of Riga,Gulf of Riga,Opensea Gulf of Riga,8674.48923994,954770.496399,30193177349.7,23.6167|57.6167
23.4833,57.4,1999-12-16T12:00:00Z,3.3,9,SEA-011,Opensea,Gulf of Riga,Opensea Gulf of Riga,Gulf of Riga,Opensea Gulf of Riga,8674.48923994,954770.496399,30193177349.7,23.4833|57.4
23.85,57.3,1993-01-08T09:40:00Z,4,14,SEA-011,Opensea,Gulf of Riga,Opensea Gulf of Riga,Gulf of Riga,Opensea Gulf of Riga,8674.48923994,954770.496399,30193177349.7,23.85|57.3
23.9833,57.1,1993-01-08T11:20:00Z,2.8,16,LAT-005,Latvia,Gulf of Riga,Gulf of Riga transitional waters,,Gulf of Riga transitional waters,855.811191767,243360.758113,2896144600.07,23.9833|57.1
23.85,57.3,1993-01-20T09:10:00Z,4,14,SEA-011,Opensea,Gulf of Riga,Opensea Gulf of Riga,Gulf of Riga,Opensea Gulf of Riga,8674.48923994,954770.496399,30193177349.7,23.85|57.3
23.85,57.3,1993-02-08T08:55:00Z,3,15,SEA-011,Opensea,Gulf of Riga,Opensea Gulf of Riga,Gulf of Riga,Opensea Gulf of Riga,8674.48923994,954770.496399,30193177349.7,23.85|57.3
24.3533,57.4483,1993-03-01T06:20:00Z,2,18,LAT-004,Latvia,Gulf of Riga,"Gulf of Riga stony coast, waterbodies D&F",,"Gulf of Riga stony coast, waterbodies D&F",308.69830546,436367.284109,1064792248.48,24.3533|57.4483
24.3367,57.5933,1993-03-01T08:45:00Z,3,17,LAT-004,Latvia,Gulf of Riga,"Gulf of Riga stony coast, waterbodies D&F",,"Gulf of Riga stony coast, waterbodies D&F",308.69830546,436367.284109,1064792248.48,24.3367|57.5933
24.1167,57.6,1993-03-01T10:40:00Z,3,17,SEA-011,Opensea,Gulf of Riga,Opensea Gulf of Riga,Gulf of Riga,Opensea Gulf of Riga,8674.48923994,954770.496399,30193177349.7,24.1167|57.6
24.2518,57.7633,1993-03-01T13:15:00Z,2,18,SEA-011,Opensea,Gulf of Riga,Opensea Gulf of Riga,Gulf of Riga,Opensea Gulf of Riga,8674.48923994,954770.496399,30193177349.7,24.2518|57.7633
23.9683,57.0433,1993-03-02T06:00:00Z,3,16,LAT-005,Latvia,Gulf of Riga,Gulf of Riga transitional waters,,Gulf of Riga transitional waters,855.811191767,243360.758113,2896144600.07,23.9683|57.0433
23.92,57.025,1993-03-02T07:15:00Z,3,16,LAT-005,Latvia,Gulf of Riga,Gulf of Riga transitional waters,,Gulf of Riga transitional waters,855.811191767,243360.758113,2896144600.07,23.92|57.025
23.7433,56.98,1993-03-02T08:55:00Z,3,16,LAT-005,Latvia,Gulf of Riga,Gulf of Riga transitional waters,,Gulf of Riga transitional waters,855.811191767,243360.758113,2896144600.07,23.7433|56.98
23.705,56.9767,1993-03-02T10:05:00Z,3,16,LAT-005,Latvia,Gulf of Riga,Gulf of Riga transitional waters,,Gulf of Riga transitional waters,855.811191767,243360.758113,2896144600.07,23.705|56.9767
23.4867,57.0467,1993-03-02T12:00:00Z,3,16,LAT-003,Latvia,Gulf of Riga,"Gulf of Riga sandy coast, waterbodies C&E",,"Gulf of Riga sandy coast, waterbodies C&E",387.080162999,296440.220511,1327844259.75,23.4867|57.0467
22.41,57.8433,1993-03-03T09:55:00Z,3,14,SEA-011,Opensea,Gulf of Riga,Opensea Gulf of Riga,Gulf of Riga,Opensea Gulf of Riga,8674.48923994,954770.496399,30193177349.7,22.41|57.8433
23.85,57.3,1993-03-16T08:50:00Z,5.5,14,SEA-011,Opensea,Gulf of Riga,Opensea Gulf of Riga,Gulf of Riga,Opensea Gulf of Riga,8674.48923994,954770.496399,30193177349.7,23.85|57.3
23.85,57.3,1993-03-30T09:15:00Z,4.5,14,SEA-011,Opensea,Gulf of Riga,Opensea Gulf of Riga,Gulf of Riga,Opensea Gulf of Riga,8674.48923994,954770.496399,30193177349.7,23.85|57.3
24.3733,57.315,1993-04-05T09:00:00Z,4.8,13,LAT-004,Latvia,Gulf of Riga,"Gulf of Riga stony coast, waterbodies D&F",,"Gulf of Riga stony coast, waterbodies D&F",308.69830546,436367.284109,1064792248.48,24.3733|57.315
24.0017,57.0833,1993-04-05T12:45:00Z,10,18,LAT-005,Latvia,Gulf of Riga,Gulf of Riga transitional waters,,Gulf of Riga transitional waters,855.811191767,243360.758113,2896144600.07,24.0017|57.0833
24.097,57.0986,1993-04-05T13:55:00Z,11,18,LAT-005,Latvia,Gulf of Riga,Gulf of Riga transitional waters,,Gulf of Riga transitional waters,855.811191767,243360.758113,2896144600.07,24.097|57.0986
23.705,56.9767,1993-04-06T08:30:00Z,4,14,LAT-005,Latvia,Gulf of Riga,Gulf of Riga transitional waters,,Gulf of Riga transitional waters,855.811191767,243360.758113,2896144600.07,23.705|56.9767
23.7433,56.98,1993-04-06T09:40:00Z,5,14,LAT-005,Latvia,Gulf of Riga,Gulf of Riga transitional waters,,Gulf of Riga transitional waters,855.811191767,243360.758113,2896144600.07,23.7433|56.98
23.9833,57.1,1993-04-07T11:25:00Z,1.3,20,LAT-005,Latvia,Gulf of Riga,Gulf of Riga transitional waters,,Gulf of Riga transitional waters,855.811191767,243360.758113,2896144600.07,23.9833|57.1
23.85,57.3,1993-04-15T07:50:00Z,3,17,SEA-011,Opensea,Gulf of Riga,Opensea Gulf of Riga,Gulf of Riga,Opensea Gulf of Riga,8674.48923994,954770.496399,30193177349.7,23.85|57.3
23.9833,57.1,1993-04-15T09:25:00Z,1.6,19,LAT-005,Latvia,Gulf of Riga,Gulf of Riga transitional waters,,Gulf of Riga transitional waters,855.811191767,243360.758113,2896144600.07,23.9833|57.1
24.0833,57.35,1993-04-26T08:30:00Z,2.2,17,SEA-011,Opensea,Gulf of Riga,Opensea Gulf of Riga,Gulf of Riga,Opensea Gulf of Riga,8674.48923994,954770.496399,30193177349.7,24.0833|57.35
24.3733,57.315,1993-04-26T10:00:00Z,2,17,LAT-004,Latvia,Gulf of Riga,"Gulf of Riga stony coast, waterbodies D&F",,"Gulf of Riga stony coast, waterbodies D&F",308.69830546,436367.284109,1064792248.48,24.3733|57.315
24.25,57.1683,1993-04-26T11:20:00Z,1.9,18,LAT-005,Latvia,Gulf of Riga,Gulf of Riga transitional waters,,Gulf of Riga transitional waters,855.811191767,243360.758113,2896144600.07,24.25|57.1683
24.097,57.0986,1993-04-26T12:40:00Z,2.1,19,LAT-005,Latvia,Gulf of Riga,Gulf of Riga transitional waters,,Gulf of Riga transitional waters,855.811191767,243360.758113,2896144600.07,24.097|57.0986
24.0017,57.0833,1993-04-26T13:20:00Z,1.6,19,LAT-005,Latvia,Gulf of Riga,Gulf of Riga transitional waters,,Gulf of Riga transitional waters,855.811191767,243360.758113,2896144600.07,24.0017|57.0833
23.4867,57.0467,1993-04-27T09:15:00Z,4.2,14,LAT-003,Latvia,Gulf of Riga,"Gulf of Riga sandy coast, waterbodies C&E",,"Gulf of Riga sandy coast, waterbodies C&E",387.080162999,296440.220511,1327844259.75,23.4867|57.0467
23.705,56.9767,1993-04-27T10:20:00Z,3.8,14,LAT-005,Latvia,Gulf of Riga,Gulf of Riga transitional waters,,Gulf of Riga transitional waters,855.811191767,243360.758113,2896144600.07,23.705|56.9767
23.7433,56.98,1993-04-27T11:20:00Z,3.5,14,LAT-005,Latvia,Gulf of Riga,Gulf of Riga transitional waters,,Gulf of Riga transitional waters,855.811191767,243360.758113,2896144600.07,23.7433|56.98
23.92,57.025,1993-04-27T12:20:00Z,2.8,19,LAT-005,Latvia,Gulf of Riga,Gulf of Riga transitional waters,,Gulf of Riga transitional waters,855.811191767,243360.758113,2896144600.07,23.92|57.025
23.9683,57.0433,1993-04-27T13:05:00Z,3,18,LAT-005,Latvia,Gulf of Riga,Gulf of Riga transitional waters,,Gulf of Riga transitional waters,855.811191767,243360.758113,2896144600.07,23.9683|57.0433
23.6667,57.1667,1993-04-28T08:05:00Z,4.8,13,SEA-011,Opensea,Gulf of Riga,Opensea Gulf of Riga,Gulf of Riga,Opensea Gulf of Riga,8674.48923994,954770.496399,30193177349.7,23.6667|57.1667
23.85,57.3,1993-04-28T09:20:00Z,2.1,18,SEA-011,Opensea,Gulf of Riga,Opensea Gulf of Riga,Gulf of Riga,Opensea Gulf of Riga,8674.48923994,954770.496399,30193177349.7,23.85|57.3
23.9333,57.1667,1993-04-28T10:45:00Z,2.1,19,LAT-005,Latvia,Gulf of Riga,Gulf of Riga transitional waters,,Gulf of Riga transitional waters,855.811191767,243360.758113,2896144600.07,23.9333|57.1667
23.9833,57.1,1993-04-28T11:35:00Z,1.6,20,LAT-005,Latvia,Gulf of Riga,Gulf of Riga transitional waters,,Gulf of Riga transitional waters,855.811191767,243360.758113,2896144600.07,23.9833|57.1
22.41,57.8433,1993-05-08T06:00:00Z,4,15,SEA-011,Opensea,Gulf of Riga,Opensea Gulf of Riga,Gulf of Riga,Opensea Gulf of Riga,8674.48923994,954770.496399,30193177349.7,22.41|57.8433
22.6167,57.7333,1993-05-08T08:45:00Z,4,16,LAT-003,Latvia,Gulf of Riga,"Gulf of Riga sandy coast, waterbodies C&E",,"Gulf of Riga sandy coast, waterbodies C&E",387.080162999,296440.220511,1327844259.75,22.6167|57.7333
22.8833,57.7976,1993-05-08T10:35:00Z,4,15,SEA-011,Opensea,Gulf of Riga,Opensea Gulf of Riga,Gulf of Riga,Opensea Gulf of Riga,8674.48923994,954770.496399,30193177349.7,22.8833|57.7976
23.35,57.96,1993-05-08T13:20:00Z,3,16,EST-019,Estonia,Gulf of Riga,Central part of the Gulf of Riga CWB,,EE_19,1960.16337669,379661.151667,6969951504.02,23.35|57.96
23.4,58.2,1993-05-08T15:25:00Z,2,16,EST-019,Estonia,Gulf of Riga,Central part of the Gulf of Riga CWB,,EE_19,1960.16337669,379661.151667,6969951504.02,23.4|58.2
23.6167,57.6167,1993-05-09T05:32:00Z,2,18,SEA-011,Opensea,Gulf of Riga,Opensea Gulf of Riga,Gulf of Riga,Opensea Gulf of Riga,8674.48923994,954770.496399,30193177349.7,23.6167|57.6167
22.9833,57.5667,1993-05-09T08:30:00Z,3,16,SEA-011,Opensea,Gulf of Riga,Opensea Gulf of Riga,Gulf of Riga,Opensea Gulf of Riga,8674.48923994,954770.496399,30193177349.7,22.9833|57.5667
23.07,57.3967,1993-05-09T12:05:00Z,3,16,LAT-004,Latvia,Gulf of Riga,"Gulf of Riga stony coast, waterbodies D&F",,"Gulf of Riga stony coast, waterbodies D&F",308.69830546,436367.284109,1064792248.48,23.07|57.3967
23.4833,57.4,1993-05-09T14:15:00Z,2,18,SEA-011,Opensea,Gulf of Riga,Opensea Gulf of Riga,Gulf of Riga,Opensea Gulf of Riga,8674.48923994,954770.496399,30193177349.7,23.4833|57.4
24.3533,57.4483,1993-05-10T05:30:00Z,2,18,LAT-004,Latvia,Gulf of Riga,"Gulf of Riga stony coast, waterbodies D&F",,"Gulf of Riga stony coast, waterbodies D&F",308.69830546,436367.284109,1064792248.48,24.3533|57.4483
24.3733,57.315,1993-05-10T07:00:00Z,2,18,LAT-004,Latvia,Gulf of Riga,"Gulf of Riga stony coast, waterbodies D&F",,"Gulf of Riga stony coast, waterbodies D&F",308.69830546,436367.284109,1064792248.48,24.3733|57.315
24.097,57.0986,1993-05-10T10:10:00Z,2,19,LAT-005,Latvia,Gulf of Riga,Gulf of Riga transitional waters,,Gulf of Riga transitional waters,855.811191767,243360.758113,2896144600.07,24.097|57.0986
24.0017,57.0833,1993-05-10T11:30:00Z,2,19,LAT-005,Latvia,Gulf of Riga,Gulf of Riga transitional waters,,Gulf of Riga transitional waters,855.811191767,243360.758113,2896144600.07,24.0017|57.0833
23.9833,57.1,1993-05-10T12:25:00Z,2,20,LAT-005,Latvia,Gulf of Riga,Gulf of Riga transitional waters,,Gulf of Riga transitional waters,855.811191767,243360.758113,2896144600.07,23.9833|57.1
23.9683,57.0433,1993-05-10T14:00:00Z,3,18,LAT-005,Latvia,Gulf of Riga,Gulf of Riga transitional waters,,Gulf of Riga transitional waters,855.811191767,243360.758113,2896144600.07,23.9683|57.0433
23.92,57.025,1993-05-10T15:05:00Z,3,18,LAT-005,Latvia,Gulf of Riga,Gulf of Riga transitional waters,,Gulf of Riga transitional waters,855.811191767,243360.758113,2896144600.07,23.92|57.025
23.7433,56.98,1993-05-10T17:10:00Z,3,18,LAT-005,Latvia,Gulf of Riga,Gulf of Riga transitional waters,,Gulf of Riga transitional waters,855.811191767,243360.758113,2896144600.07,23.7433|56.98
23.85,57.3,1993-05-19T08:00:00Z,4,15,SEA-011,Opensea,Gulf of Riga,Opensea Gulf of Riga,Gulf of Riga,Opensea Gulf of Riga,8674.48923994,954770.496399,30193177349.7,23.85|57.3
23.85,57.3,1993-05-26T08:15:00Z,4.5,14,SEA-011,Opensea,Gulf of Riga,Opensea Gulf of Riga,Gulf of Riga,Opensea Gulf of Riga,8674.48923994,954770.496399,30193177349.7,23.85|57.3
24.3733,57.315,1993-06-02T08:50:00Z,3,15,LAT-004,Latvia,Gulf of Riga,"Gulf of Riga stony coast, waterbodies D&F",,"Gulf of Riga stony coast, waterbodies D&F",308.69830546,436367.284109,1064792248.48,24.3733|57.315
24.25,57.1683,1993-06-02T11:10:00Z,2.1,17,LAT-005,Latvia,Gulf of Riga,Gulf of Riga transitional waters,,Gulf of Riga transitional waters,855.811191767,243360.758113,2896144600.07,24.25|57.1683
24.097,57.0986,1993-06-02T12:20:00Z,2.2,17,LAT-005,Latvia,Gulf of Riga,Gulf of Riga transitional waters,,Gulf of Riga transitional waters,855.811191767,243360.758113,2896144600.07,24.097|57.0986
24.0017,57.0833,1993-06-02T13:05:00Z,2.8,17,LAT-005,Latvia,Gulf of Riga,Gulf of Riga transitional waters,,Gulf of Riga transitional waters,855.811191767,243360.758113,2896144600.07,24.0017|57.0833
23.705,56.9767,1993-06-03T08:15:00Z,4,15,LAT-005,Latvia,Gulf of Riga,Gulf of Riga transitional waters,,Gulf of Riga transitional waters,855.811191767,243360.758113,2896144600.07,23.705|56.9767
23.7433,56.98,1993-06-03T09:20:00Z,4,15,LAT-005,Latvia,Gulf of Riga,Gulf of Riga transitional waters,,Gulf of Riga transitional waters,855.811191767,243360.758113,2896144600.07,23.7433|56.98
23.92,57.025,1993-06-03T10:30:00Z,4.7,14,LAT-005,Latvia,Gulf of Riga,Gulf of Riga transitional waters,,Gulf of Riga transitional waters,855.811191767,243360.758113,2896144600.07,23.92|57.025
23.9683,57.0433,1993-06-03T11:10:00Z,3.5,15,LAT-005,Latvia,Gulf of Riga,Gulf of Riga transitional waters,,Gulf of Riga transitional waters,855.811191767,243360.758113,2896144600.07,23.9683|57.0433
23.85,57.3,1993-06-04T08:10:00Z,5.2,14,SEA-011,Opensea,Gulf of Riga,Opensea Gulf of Riga,Gulf of Riga,Opensea Gulf of Riga,8674.48923994,954770.496399,30193177349.7,23.85|57.3
23.9333,57.1667,1993-06-04T09:25:00Z,5.2,14,LAT-005,Latvia,Gulf of Riga,Gulf of Riga transitional waters,,Gulf of Riga transitional waters,855.811191767,243360.758113,2896144600.07,23.9333|57.1667
23.9833,57.1,1993-06-04T10:15:00Z,3.8,15,LAT-005,Latvia,Gulf of Riga,Gulf of Riga transitional waters,,Gulf of Riga transitional waters,855.811191767,243360.758113,2896144600.07,23.9833|57.1
23.85,57.3,1993-06-16T08:10:00Z,4,14,SEA-011,Opensea,Gulf of Riga,Opensea Gulf of Riga,Gulf of Riga,Opensea Gulf of Riga,8674.48923994,954770.496399,30193177349.7,23.85|57.3
23.85,57.3,1993-06-29T07:55:00Z,3.8,15,SEA-011,Opensea,Gulf of Riga,Opensea Gulf of Riga,Gulf of Riga,Opensea Gulf of Riga,8674.48923994,954770.496399,30193177349.7,23.85|57.3
23.9833,57.1,1993-06-29T09:30:00Z,2.2,15,LAT-005,Latvia,Gulf of Riga,Gulf of Riga transitional waters,,Gulf of Riga transitional waters,855.811191767,243360.758113,2896144600.07,23.9833|57.1
23.705,56.9767,1993-07-07T08:15:00Z,2.9,14,LAT-005,Latvia,Gulf of Riga,Gulf of Riga transitional waters,,Gulf of Riga transitional waters,855.811191767,243360.758113,2896144600.07,23.705|56.9767
23.7433,56.98,1993-07-07T09:25:00Z,3,14,LAT-005,Latvia,Gulf of Riga,Gulf of Riga transitional waters,,Gulf of Riga transitional waters,855.811191767,243360.758113,2896144600.07,23.7433|56.98
23.92,57.025,1993-07-07T10:55:00Z,2.5,15,LAT-005,Latvia,Gulf of Riga,Gulf of Riga transitional waters,,Gulf of Riga transitional waters,855.811191767,243360.758113,2896144600.07,23.92|57.025
23.9683,57.0433,1993-07-07T11:10:00Z,2.5,15,LAT-005,Latvia,Gulf of Riga,Gulf of Riga transitional waters,,Gulf of Riga transitional waters,855.811191767,243360.758113,2896144600.07,23.9683|57.0433
23.9333,57.1667,1993-07-08T07:30:00Z,3.5,14,LAT-005,Latvia,Gulf of Riga,Gulf of Riga transitional waters,,Gulf of Riga transitional waters,855.811191767,243360.758113,2896144600.07,23.9333|57.1667
23.9833,57.1,1993-07-08T08:35:00Z,3.2,15,LAT-005,Latvia,Gulf of Riga,Gulf of Riga transitional waters,,Gulf of Riga transitional waters,855.811191767,243360.758113,2896144600.07,23.9833|57.1
24.0017,57.0833,1993-07-08T09:15:00Z,2.5,17,LAT-005,Latvia,Gulf of Riga,Gulf of Riga transitional waters,,Gulf of Riga transitional waters,855.811191767,243360.758113,2896144600.07,24.0017|57.0833
24.3733,57.315,1993-07-09T08:35:00Z,2.2,15,LAT-004,Latvia,Gulf of Riga,"Gulf of Riga stony coast, waterbodies D&F",,"Gulf of Riga stony coast, waterbodies D&F",308.69830546,436367.284109,1064792248.48,24.3733|57.315
24.25,57.1683,1993-07-09T10:10:00Z,2.2,15,LAT-005,Latvia,Gulf of Riga,Gulf of Riga transitional waters,,Gulf of Riga transitional waters,855.811191767,243360.758113,2896144600.07,24.25|57.1683
24.097,57.0986,1993-07-09T11:35:00Z,2.2,15,LAT-005,Latvia,Gulf of Riga,Gulf of Riga transitional waters,,Gulf of Riga transitional waters,855.811191767,243360.758113,2896144600.07,24.097|57.0986
23.85,57.3,1993-07-16T08:10:00Z,3.2,14,SEA-011,Opensea,Gulf of Riga,Opensea Gulf of Riga,Gulf of Riga,Opensea Gulf of Riga,8674.48923994,954770.496399,30193177349.7,23.85|57.3
23.9833,57.1,1993-07-16T10:10:00Z,2.3,14,LAT-005,Latvia,Gulf of Riga,Gulf of Riga transitional waters,,Gulf of Riga transitional waters,855.811191767,243360.758113,2896144600.07,23.9833|57.1
23.85,57.3,1993-07-31T12:50:00Z,2.5,13,SEA-011,Opensea,Gulf of Riga,Opensea Gulf of Riga,Gulf of Riga,Opensea Gulf of Riga,8674.48923994,954770.496399,30193177349.7,23.85|57.3
23.9833,57.1,1993-07-31T16:00:00Z,2,13,LAT-005,Latvia,Gulf of Riga,Gulf of Riga transitional waters,,Gulf of Riga transitional waters,855.811191767,243360.758113,2896144600.07,23.9833|57.1
23.9333,57.1667,1993-08-04T08:15:00Z,3,13,LAT-005,Latvia,Gulf of Riga,Gulf of Riga transitional waters,,Gulf of Riga transitional waters,855.811191767,243360.758113,2896144600.07,23.9333|57.1667
23.85,57.3,1993-08-04T09:40:00Z,3,12,SEA-011,Opensea,Gulf of Riga,Opensea Gulf of Riga,Gulf of Riga,Opensea Gulf of Riga,8674.48923994,954770.496399,30193177349.7,23.85|57.3
24.2867,57.3133,1993-08-04T12:20:00Z,1.3,17,SEA-011,Opensea,Gulf of Riga,Opensea Gulf of Riga,Gulf of Riga,Opensea Gulf of Riga,8674.48923994,954770.496399,30193177349.7,24.2867|57.3133
24.3733,57.315,1993-08-04T13:00:00Z,2.8,15,LAT-004,Latvia,Gulf of Riga,"Gulf of Riga stony coast, waterbodies D&F",,"Gulf of Riga stony coast, waterbodies D&F",308.69830546,436367.284109,1064792248.48,24.3733|57.315
24.25,57.1683,1993-08-04T14:40:00Z,2.4,15,LAT-005,Latvia,Gulf of Riga,Gulf of Riga transitional waters,,Gulf of Riga transitional waters,855.811191767,243360.758113,2896144600.07,24.25|57.1683
24.097,57.0986,1993-08-04T16:00:00Z,2.8,14,LAT-005,Latvia,Gulf of Riga,Gulf of Riga transitional waters,,Gulf of Riga transitional waters,855.811191767,243360.758113,2896144600.07,24.097|57.0986
22.8833,57.7976,1993-08-12T10:45:00Z,3,17,SEA-011,Opensea,Gulf of Riga,Opensea Gulf of Riga,Gulf of Riga,Opensea Gulf of Riga,8674.48923994,954770.496399,30193177349.7,22.8833|57.7976
23.705,56.9767,1993-08-14T13:50:00Z,3,16,LAT-005,Latvia,Gulf of Riga,Gulf of Riga transitional waters,,Gulf of Riga transitional waters,855.811191767,243360.758113,2896144600.07,23.705|56.9767
23.4867,57.0467,1993-08-14T15:20:00Z,3,16,LAT-003,Latvia,Gulf of Riga,"Gulf of Riga sandy coast, waterbodies C&E",,"Gulf of Riga sandy coast, waterbodies C&E",387.080162999,296440.220511,1327844259.75,23.4867|57.0467
22.6167,57.7333,1993-08-15T06:10:00Z,3,17,LAT-003,Latvia,Gulf of Riga,"Gulf of Riga sandy coast, waterbodies C&E",,"Gulf of Riga sandy coast, waterbodies C&E",387.080162999,296440.220511,1327844259.75,22.6167|57.7333
23.85,57.3,1993-08-28T04:30:00Z,4,14,SEA-011,Opensea,Gulf of Riga,Opensea Gulf of Riga,Gulf of Riga,Opensea Gulf of Riga,8674.48923994,954770.496399,30193177349.7,23.85|57.3
23.85,57.3,1993-09-08T09:10:00Z,5.5,12,SEA-011,Opensea,Gulf of Riga,Opensea Gulf of Riga,Gulf of Riga,Opensea Gulf of Riga,8674.48923994,954770.496399,30193177349.7,23.85|57.3
23.9333,57.1667,1993-09-08T11:00:00Z,5.5,12,LAT-005,Latvia,Gulf of Riga,Gulf of Riga transitional waters,,Gulf of Riga transitional waters,855.811191767,243360.758113,2896144600.07,23.9333|57.1667
23.9833,57.1,1993-09-08T12:00:00Z,2.2,18,LAT-005,Latvia,Gulf of Riga,Gulf of Riga transitional waters,,Gulf of Riga transitional waters,855.811191767,243360.758113,2896144600.07,23.9833|57.1
24.0017,57.0833,1993-09-08T12:40:00Z,2.2,18,LAT-005,Latvia,Gulf of Riga,Gulf of Riga transitional waters,,Gulf of Riga transitional waters,855.811191767,243360.758113,2896144600.07,24.0017|57.0833
23.705,56.9767,1993-09-09T08:15:00Z,2.2,17,LAT-005,Latvia,Gulf of Riga,Gulf of Riga transitional waters,,Gulf of Riga transitional waters,855.811191767,243360.758113,2896144600.07,23.705|56.9767
23.7433,56.98,1993-09-09T09:30:00Z,2.9,16,LAT-005,Latvia,Gulf of Riga,Gulf of Riga transitional waters,,Gulf of Riga transitional waters,855.811191767,243360.758113,2896144600.07,23.7433|56.98
23.92,57.025,1993-09-09T10:45:00Z,2,18,LAT-005,Latvia,Gulf of Riga,Gulf of Riga transitional waters,,Gulf of Riga transitional waters,855.811191767,243360.758113,2896144600.07,23.92|57.025
23.9683,57.0433,1993-09-09T11:20:00Z,2,18,LAT-005,Latvia,Gulf of Riga,Gulf of Riga transitional waters,,Gulf of Riga transitional waters,855.811191767,243360.758113,2896144600.07,23.9683|57.0433
24.3733,57.315,1993-09-10T08:35:00Z,2,18,LAT-004,Latvia,Gulf of Riga,"Gulf of Riga stony coast, waterbodies D&F",,"Gulf of Riga stony coast, waterbodies D&F",308.69830546,436367.284109,1064792248.48,24.3733|57.315
24.25,57.1683,1993-09-10T10:35:00Z,1.7,20,LAT-005,Latvia,Gulf of Riga,Gulf of Riga transitional waters,,Gulf of Riga transitional waters,855.811191767,243360.758113,2896144600.07,24.25|57.1683
24.097,57.0986,1993-09-10T11:50:00Z,1.8,20,LAT-005,Latvia,Gulf of Riga,Gulf of Riga transitional waters,,Gulf of Riga transitional waters,855.811191767,243360.758113,2896144600.07,24.097|57.0986
23.85,57.3,1993-12-10T09:10:00Z,4,12,SEA-011,Opensea,Gulf of Riga,Opensea Gulf of Riga,Gulf of Riga,Opensea Gulf of Riga,8674.48923994,954770.496399,30193177349.7,23.85|57.3
23.9333,57.1667,1993-12-10T10:30:00Z,3.5,14,LAT-005,Latvia,Gulf of Riga,Gulf of Riga transitional waters,,Gulf of Riga transitional waters,855.811191767,243360.758113,2896144600.07,23.9333|57.1667
23.85,57.3,1993-12-22T09:10:00Z,4,15,SEA-011,Opensea,Gulf of Riga,Opensea Gulf of Riga,Gulf of Riga,Opensea Gulf of Riga,8674.48923994,954770.496399,30193177349.7,23.85|57.3
23.9833,57.1,1993-12-22T10:10:00Z,2,17,LAT-005,Latvia,Gulf of Riga,Gulf of Riga transitional waters,,Gulf of Riga transitional waters,855.811191767,243360.758113,2896144600.07,23.9833|57.1
24.1318,57.9683,1982-06-12T17:40:00Z,6,11,SEA-011,Opensea,Gulf of Riga,Opensea Gulf of Riga,Gulf of Riga,Opensea Gulf of Riga,8674.48923994,954770.496399,30193177349.7,24.1318|57.9683
23.4,58.2,1982-06-12T21:20:00Z,6.5,10,EST-019,Estonia,Gulf of Riga,Central part of the Gulf of Riga CWB,,EE_19,1960.16337669,379661.151667,6969951504.02,23.4|58.2
22.9833,57.5667,1982-06-13T08:00:00Z,6,12,SEA-011,Opensea,Gulf of Riga,Opensea Gulf of Riga,Gulf of Riga,Opensea Gulf of Riga,8674.48923994,954770.496399,30193177349.7,22.9833|57.5667
23.85,57.3,1982-06-13T11:55:00Z,6,13,SEA-011,Opensea,Gulf of Riga,Opensea Gulf of Riga,Gulf of Riga,Opensea Gulf of Riga,8674.48923994,954770.496399,30193177349.7,23.85|57.3
24.1167,57.6,1982-06-13T15:05:00Z,4.5,15,SEA-011,Opensea,Gulf of Riga,Opensea Gulf of Riga,Gulf of Riga,Opensea Gulf of Riga,8674.48923994,954770.496399,30193177349.7,24.1167|57.6
24.0017,57.0833,2005-02-17T12:10:00Z,1.5,20,LAT-005,Latvia,Gulf of Riga,Gulf of Riga transitional waters,,Gulf of Riga transitional waters,855.811191767,243360.758113,2896144600.07,24.0017|57.0833
23.9833,57.1,2005-02-17T13:00:00Z,2.4,10,LAT-005,Latvia,Gulf of Riga,Gulf of Riga transitional waters,,Gulf of Riga transitional waters,855.811191767,243360.758113,2896144600.07,23.9833|57.1
24.097,57.0986,2005-02-17T14:05:00Z,2.3,10,LAT-005,Latvia,Gulf of Riga,Gulf of Riga transitional waters,,Gulf of Riga transitional waters,855.811191767,243360.758113,2896144600.07,24.097|57.0986
24.25,57.1683,2005-02-17T15:25:00Z,2.2,10,LAT-005,Latvia,Gulf of Riga,Gulf of Riga transitional waters,,Gulf of Riga transitional waters,855.811191767,243360.758113,2896144600.07,24.25|57.1683
24.3733,57.315,2005-02-17T17:05:00Z,2.5,11,LAT-004,Latvia,Gulf of Riga,"Gulf of Riga stony coast, waterbodies D&F",,"Gulf of Riga stony coast, waterbodies D&F",308.69830546,436367.284109,1064792248.48,24.3733|57.315
23.6167,57.6167,2005-02-18T08:25:00Z,2.7,12,SEA-011,Opensea,Gulf of Riga,Opensea Gulf of Riga,Gulf of Riga,Opensea Gulf of Riga,8674.48923994,954770.496399,30193177349.7,23.6167|57.6167
22.8833,57.7976,2005-02-18T12:15:00Z,2,12,SEA-011,Opensea,Gulf of Riga,Opensea Gulf of Riga,Gulf of Riga,Opensea Gulf of Riga,8674.48923994,954770.496399,30193177349.7,22.8833|57.7976
22.6167,57.7333,2005-02-18T13:50:00Z,1.7,12,LAT-003,Latvia,Gulf of Riga,"Gulf of Riga sandy coast, waterbodies C&E",,"Gulf of Riga sandy coast, waterbodies C&E",387.080162999,296440.220511,1327844259.75,22.6167|57.7333
22.8167,57.5333,2005-02-18T15:55:00Z,1.5,11,LAT-003,Latvia,Gulf of Riga,"Gulf of Riga sandy coast, waterbodies C&E",,"Gulf of Riga sandy coast, waterbodies C&E",387.080162999,296440.220511,1327844259.75,22.8167|57.5333
22.9833,57.5667,2005-02-18T17:00:00Z,2,12,SEA-011,Opensea,Gulf of Riga,Opensea Gulf of Riga,Gulf of Riga,Opensea Gulf of Riga,8674.48923994,954770.496399,30193177349.7,22.9833|57.5667
23.85,57.3,2005-02-19T07:50:00Z,2.2,13,SEA-011,Opensea,Gulf of Riga,Opensea Gulf of Riga,Gulf of Riga,Opensea Gulf of Riga,8674.48923994,954770.496399,30193177349.7,23.85|57.3
23.9333,57.1667,2005-02-19T10:00:00Z,2.5,14,LAT-005,Latvia,Gulf of Riga,Gulf of Riga transitional waters,,Gulf of Riga transitional waters,855.811191767,243360.758113,2896144600.07,23.9333|57.1667
23.6667,57.1667,2005-02-19T11:45:00Z,2.4,15,SEA-011,Opensea,Gulf of Riga,Opensea Gulf of Riga,Gulf of Riga,Opensea Gulf of Riga,8674.48923994,954770.496399,30193177349.7,23.6667|57.1667
23.4867,57.0467,2005-02-19T14:10:00Z,2.1,15,LAT-003,Latvia,Gulf of Riga,"Gulf of Riga sandy coast, waterbodies C&E",,"Gulf of Riga sandy coast, waterbodies C&E",387.080162999,296440.220511,1327844259.75,23.4867|57.0467
23.92,57.025,2005-02-19T16:25:00Z,1.8,17,LAT-005,Latvia,Gulf of Riga,Gulf of Riga transitional waters,,Gulf of Riga transitional waters,855.811191767,243360.758113,2896144600.07,23.92|57.025
23.9683,57.0433,2005-02-19T17:00:00Z,2,17,LAT-005,Latvia,Gulf of Riga,Gulf of Riga transitional waters,,Gulf of Riga transitional waters,855.811191767,243360.758113,2896144600.07,23.9683|57.0433
24.0017,57.0833,2005-04-23T12:40:00Z,1.1,20,LAT-005,Latvia,Gulf of Riga,Gulf of Riga transitional waters,,Gulf of Riga transitional waters,855.811191767,243360.758113,2896144600.07,24.0017|57.0833
23.9833,57.1,2005-04-23T14:05:00Z,1.3,20,LAT-005,Latvia,Gulf of Riga,Gulf of Riga transitional waters,,Gulf of Riga transitional waters,855.811191767,243360.758113,2896144600.07,23.9833|57.1
23.9792,57.0737,2005-04-23T15:15:00Z,1.2,20,LAT-005,Latvia,Gulf of Riga,Gulf of Riga transitional waters,,Gulf of Riga transitional waters,855.811191767,243360.758113,2896144600.07,23.9792|57.0737
23.9683,57.0433,2005-04-23T16:10:00Z,1.6,19,LAT-005,Latvia,Gulf of Riga,Gulf of Riga transitional waters,,Gulf of Riga transitional waters,855.811191767,243360.758113,2896144600.07,23.9683|57.0433
23.92,57.025,2005-04-23T16:55:00Z,1.7,19,LAT-005,Latvia,Gulf of Riga,Gulf of Riga transitional waters,,Gulf of Riga transitional waters,855.811191767,243360.758113,2896144600.07,23.92|57.025
23.7433,56.98,2005-04-23T18:35:00Z,1.7,18,LAT-005,Latvia,Gulf of Riga,Gulf of Riga transitional waters,,Gulf of Riga transitional waters,855.811191767,243360.758113,2896144600.07,23.7433|56.98
23.705,56.9767,2005-04-23T19:35:00Z,2,17,LAT-005,Latvia,Gulf of Riga,Gulf of Riga transitional waters,,Gulf of Riga transitional waters,855.811191767,243360.758113,2896144600.07,23.705|56.9767
23.4867,57.0467,2005-04-23T20:35:00Z,2,17,LAT-003,Latvia,Gulf of Riga,"Gulf of Riga sandy coast, waterbodies C&E",,"Gulf of Riga sandy coast, waterbodies C&E",387.080162999,296440.220511,1327844259.75,23.4867|57.0467
23.6667,57.1667,2005-04-24T06:20:00Z,2.2,16,SEA-011,Opensea,Gulf of Riga,Opensea Gulf of Riga,Gulf of Riga,Opensea Gulf of Riga,8674.48923994,954770.496399,30193177349.7,23.6667|57.1667
23.254,57.1667,2005-04-24T08:40:00Z,2,17,LAT-003,Latvia,Gulf of Riga,"Gulf of Riga sandy coast, waterbodies C&E",,"Gulf of Riga sandy coast, waterbodies C&E",387.080162999,296440.220511,1327844259.75,23.254|57.1667
23.1765,57.3268,2005-04-24T10:25:00Z,2.3,15,LAT-004,Latvia,Gulf of Riga,"Gulf of Riga stony coast, waterbodies D&F",,"Gulf of Riga stony coast, waterbodies D&F",308.69830546,436367.284109,1064792248.48,23.1765|57.3268
23.4833,57.4,2005-04-24T12:10:00Z,2.4,15,SEA-011,Opensea,Gulf of Riga,Opensea Gulf of Riga,Gulf of Riga,Opensea Gulf of Riga,8674.48923994,954770.496399,30193177349.7,23.4833|57.4
23.07,57.3967,2005-04-24T14:40:00Z,2.2,15,LAT-004,Latvia,Gulf of Riga,"Gulf of Riga stony coast, waterbodies D&F",,"Gulf of Riga stony coast, waterbodies D&F",308.69830546,436367.284109,1064792248.48,23.07|57.3967
22.9833,57.5667,2005-04-24T16:20:00Z,3.2,14,SEA-011,Opensea,Gulf of Riga,Opensea Gulf of Riga,Gulf of Riga,Opensea Gulf of Riga,8674.48923994,954770.496399,30193177349.7,22.9833|57.5667
22.8167,57.5333,2005-04-24T18:10:00Z,2.4,14,LAT-003,Latvia,Gulf of Riga,"Gulf of Riga sandy coast, waterbodies C&E",,"Gulf of Riga sandy coast, waterbodies C&E",387.080162999,296440.220511,1327844259.75,22.8167|57.5333
22.6167,57.7333,2005-04-24T20:20:00Z,2.3,14,LAT-003,Latvia,Gulf of Riga,"Gulf of Riga sandy coast, waterbodies C&E",,"Gulf of Riga sandy coast, waterbodies C&E",387.080162999,296440.220511,1327844259.75,22.6167|57.7333
23.6167,57.6167,2005-04-25T06:40:00Z,2.8,15,SEA-011,Opensea,Gulf of Riga,Opensea Gulf of Riga,Gulf of Riga,Opensea Gulf of Riga,8674.48923994,954770.496399,30193177349.7,23.6167|57.6167
23.9167,57.85,2005-04-25T09:45:00Z,2,16,SEA-011,Opensea,Gulf of Riga,Opensea Gulf of Riga,Gulf of Riga,Opensea Gulf of Riga,8674.48923994,954770.496399,30193177349.7,23.9167|57.85
24.0665,57.8827,2005-04-25T11:20:00Z,2,16,SEA-011,Opensea,Gulf of Riga,Opensea Gulf of Riga,Gulf of Riga,Opensea Gulf of Riga,8674.48923994,954770.496399,30193177349.7,24.0665|57.8827
24.2433,57.88,2005-04-25T12:30:00Z,1.8,17,SEA-011,Opensea,Gulf of Riga,Opensea Gulf of Riga,Gulf of Riga,Opensea Gulf of Riga,8674.48923994,954770.496399,30193177349.7,24.2433|57.88
24.3085,57.856,2005-04-25T14:05:00Z,1.6,17,LAT-004,Latvia,Gulf of Riga,"Gulf of Riga stony coast, waterbodies D&F",,"Gulf of Riga stony coast, waterbodies D&F",308.69830546,436367.284109,1064792248.48,24.3085|57.856
24.315,57.7467,2005-04-25T15:30:00Z,1.6,17,LAT-004,Latvia,Gulf of Riga,"Gulf of Riga stony coast, waterbodies D&F",,"Gulf of Riga stony coast, waterbodies D&F",308.69830546,436367.284109,1064792248.48,24.315|57.7467
24.3367,57.5933,2005-04-25T17:05:00Z,2.1,15,LAT-004,Latvia,Gulf of Riga,"Gulf of Riga stony coast, waterbodies D&F",,"Gulf of Riga stony coast, waterbodies D&F",308.69830546,436367.284109,1064792248.48,24.3367|57.5933
24.1167,57.6,2005-04-25T18:20:00Z,3.5,13,SEA-011,Opensea,Gulf of Riga,Opensea Gulf of Riga,Gulf of Riga,Opensea Gulf of Riga,8674.48923994,954770.496399,30193177349.7,24.1167|57.6
23.7667,57.4167,2005-04-25T21:10:00Z,2.8,14,SEA-011,Opensea,Gulf of Riga,Opensea Gulf of Riga,Gulf of Riga,Opensea Gulf of Riga,8674.48923994,954770.496399,30193177349.7,23.7667|57.4167
23.85,57.3,2005-04-26T06:30:00Z,3,14,SEA-011,Opensea,Gulf of Riga,Opensea Gulf of Riga,Gulf of Riga,Opensea Gulf of Riga,8674.48923994,954770.496399,30193177349.7,23.85|57.3
24.0833,57.35,2005-04-26T08:40:00Z,3.2,12,SEA-011,Opensea,Gulf of Riga,Opensea Gulf of Riga,Gulf of Riga,Opensea Gulf of Riga,8674.48923994,954770.496399,30193177349.7,24.0833|57.35
24.3533,57.4483,2005-04-26T10:45:00Z,1.5,19,LAT-004,Latvia,Gulf of Riga,"Gulf of Riga stony coast, waterbodies D&F",,"Gulf of Riga stony coast, waterbodies D&F",308.69830546,436367.284109,1064792248.48,24.3533|57.4483
24.3733,57.315,2005-04-26T12:10:00Z,1.4,19,LAT-004,Latvia,Gulf of Riga,"Gulf of Riga stony coast, waterbodies D&F",,"Gulf of Riga stony coast, waterbodies D&F",308.69830546,436367.284109,1064792248.48,24.3733|57.315
24.3667,57.24,2005-04-26T13:20:00Z,1.3,19,LAT-005,Latvia,Gulf of Riga,Gulf of Riga transitional waters,,Gulf of Riga transitional waters,855.811191767,243360.758113,2896144600.07,24.3667|57.24
24.25,57.1683,2005-04-26T14:25:00Z,1.1,20,LAT-005,Latvia,Gulf of Riga,Gulf of Riga transitional waters,,Gulf of Riga transitional waters,855.811191767,243360.758113,2896144600.07,24.25|57.1683
23.9333,57.1667,2005-04-26T16:20:00Z,1.8,18,LAT-005,Latvia,Gulf of Riga,Gulf of Riga transitional waters,,Gulf of Riga transitional waters,855.811191767,243360.758113,2896144600.07,23.9333|57.1667
24.097,57.0986,2005-04-26T18:15:00Z,1.2,20,LAT-005,Latvia,Gulf of Riga,Gulf of Riga transitional waters,,Gulf of Riga transitional waters,855.811191767,243360.758113,2896144600.07,24.097|57.0986
24.0017,57.0833,2005-05-25T20:40:00Z,1,21,LAT-005,Latvia,Gulf of Riga,Gulf of Riga transitional waters,,Gulf of Riga transitional waters,855.811191767,243360.758113,2896144600.07,24.0017|57.0833
23.9833,57.1,2005-05-25T22:25:00Z,1.1,21,LAT-005,Latvia,Gulf of Riga,Gulf of Riga transitional waters,,Gulf of Riga transitional waters,855.811191767,243360.758113,2896144600.07,23.9833|57.1
23.8129,57.0862,2005-05-26T05:50:00Z,1.2,20,LAT-005,Latvia,Gulf of Riga,Gulf of Riga transitional waters,,Gulf of Riga transitional waters,855.811191767,243360.758113,2896144600.07,23.8129|57.0862
23.6667,57.1667,2005-05-26T07:50:00Z,1.5,19,SEA-011,Opensea,Gulf of Riga,Opensea Gulf of Riga,Gulf of Riga,Opensea Gulf of Riga,8674.48923994,954770.496399,30193177349.7,23.6667|57.1667
23.85,57.3,2005-05-26T10:40:00Z,4.2,12,SEA-011,Opensea,Gulf of Riga,Opensea Gulf of Riga,Gulf of Riga,Opensea Gulf of Riga,8674.48923994,954770.496399,30193177349.7,23.85|57.3
23.7667,57.4167,2005-05-26T13:30:00Z,3.6,13,SEA-011,Opensea,Gulf of Riga,Opensea Gulf of Riga,Gulf of Riga,Opensea Gulf of Riga,8674.48923994,954770.496399,30193177349.7,23.7667|57.4167
23.4833,57.4,2005-05-26T16:10:00Z,3.2,13,SEA-011,Opensea,Gulf of Riga,Opensea Gulf of Riga,Gulf of Riga,Opensea Gulf of Riga,8674.48923994,954770.496399,30193177349.7,23.4833|57.4
23.6167,57.6167,2005-05-26T19:30:00Z,4,12,SEA-011,Opensea,Gulf of Riga,Opensea Gulf of Riga,Gulf of Riga,Opensea Gulf of Riga,8674.48923994,954770.496399,30193177349.7,23.6167|57.6167
22.6167,57.7333,2005-05-27T06:55:00Z,3.5,13,LAT-003,Latvia,Gulf of Riga,"Gulf of Riga sandy coast, waterbodies C&E",,"Gulf of Riga sandy coast, waterbodies C&E",387.080162999,296440.220511,1327844259.75,22.6167|57.7333
22.8167,57.5333,2005-05-27T08:55:00Z,3.2,14,LAT-003,Latvia,Gulf of Riga,"Gulf of Riga sandy coast, waterbodies C&E",,"Gulf of Riga sandy coast, waterbodies C&E",387.080162999,296440.220511,1327844259.75,22.8167|57.5333
22.9833,57.5667,2005-05-27T10:10:00Z,3.1,15,SEA-011,Opensea,Gulf of Riga,Opensea Gulf of Riga,Gulf of Riga,Opensea Gulf of Riga,8674.48923994,954770.496399,30193177349.7,22.9833|57.5667
23.07,57.3967,2005-05-27T13:25:00Z,2.8,15,LAT-004,Latvia,Gulf of Riga,"Gulf of Riga stony coast, waterbodies D&F",,"Gulf of Riga stony coast, waterbodies D&F",308.69830546,436367.284109,1064792248.48,23.07|57.3967
23.2508,57.3331,2005-05-27T15:25:00Z,3,15,SEA-011,Opensea,Gulf of Riga,Opensea Gulf of Riga,Gulf of Riga,Opensea Gulf of Riga,8674.48923994,954770.496399,30193177349.7,23.2508|57.3331
23.1765,57.3268,2005-05-27T17:25:00Z,2.8,15,LAT-004,Latvia,Gulf of Riga,"Gulf of Riga stony coast, waterbodies D&F",,"Gulf of Riga stony coast, waterbodies D&F",308.69830546,436367.284109,1064792248.48,23.1765|57.3268
23.3267,57.1682,2005-05-27T20:00:00Z,2.3,16,SEA-011,Opensea,Gulf of Riga,Opensea Gulf of Riga,Gulf of Riga,Opensea Gulf of Riga,8674.48923994,954770.496399,30193177349.7,23.3267|57.1682
23.4867,57.0467,2005-05-27T22:25:00Z,1.9,17,LAT-003,Latvia,Gulf of Riga,"Gulf of Riga sandy coast, waterbodies C&E",,"Gulf of Riga sandy coast, waterbodies C&E",387.080162999,296440.220511,1327844259.75,23.4867|57.0467
23.705,56.9767,2005-05-28T06:00:00Z,1.9,18,LAT-005,Latvia,Gulf of Riga,Gulf of Riga transitional waters,,Gulf of Riga transitional waters,855.811191767,243360.758113,2896144600.07,23.705|56.9767
23.7433,56.98,2005-05-28T07:10:00Z,1.3,18,LAT-005,Latvia,Gulf of Riga,Gulf of Riga transitional waters,,Gulf of Riga transitional waters,855.811191767,243360.758113,2896144600.07,23.7433|56.98
23.92,57.025,2005-05-28T09:10:00Z,1.1,19,LAT-005,Latvia,Gulf of Riga,Gulf of Riga transitional waters,,Gulf of Riga transitional waters,855.811191767,243360.758113,2896144600.07,23.92|57.025
23.9683,57.0433,2005-05-28T10:30:00Z,1.2,19,LAT-005,Latvia,Gulf of Riga,Gulf of Riga transitional waters,,Gulf of Riga transitional waters,855.811191767,243360.758113,2896144600.07,23.9683|57.0433
23.8883,57.055,2005-05-28T12:10:00Z,1.2,19,LAT-005,Latvia,Gulf of Riga,Gulf of Riga transitional waters,,Gulf of Riga transitional waters,855.811191767,243360.758113,2896144600.07,23.8883|57.055
23.9792,57.0737,2005-05-28T13:40:00Z,0.8,20,LAT-005,Latvia,Gulf of Riga,Gulf of Riga transitional waters,,Gulf of Riga transitional waters,855.811191767,243360.758113,2896144600.07,23.9792|57.0737
23.9565,57.1243,2005-05-28T14:25:00Z,1.4,20,LAT-005,Latvia,Gulf of Riga,Gulf of Riga transitional waters,,Gulf of Riga transitional waters,855.811191767,243360.758113,2896144600.07,23.9565|57.1243
24.0833,57.35,2005-06-02T13:05:00Z,3.7,14,SEA-011,Opensea,Gulf of Riga,Opensea Gulf of Riga,Gulf of Riga,Opensea Gulf of Riga,8674.48923994,954770.496399,30193177349.7,24.0833|57.35
24.3367,57.5933,2005-06-02T17:05:00Z,1.6,17,LAT-004,Latvia,Gulf of Riga,"Gulf of Riga stony coast, waterbodies D&F",,"Gulf of Riga stony coast, waterbodies D&F",308.69830546,436367.284109,1064792248.48,24.3367|57.5933
24.2976,57.5922,2005-06-02T17:40:00Z,1.7,17,SEA-011,Opensea,Gulf of Riga,Opensea Gulf of Riga,Gulf of Riga,Opensea Gulf of Riga,8674.48923994,954770.496399,30193177349.7,24.2976|57.5922
24.1167,57.6,2005-06-02T19:35:00Z,2.1,16,SEA-011,Opensea,Gulf of Riga,Opensea Gulf of Riga,Gulf of Riga,Opensea Gulf of Riga,8674.48923994,954770.496399,30193177349.7,24.1167|57.6
24.3733,57.315,2005-06-05T10:25:00Z,1.8,18,LAT-004,Latvia,Gulf of Riga,"Gulf of Riga stony coast, waterbodies D&F",,"Gulf of Riga stony coast, waterbodies D&F",308.69830546,436367.284109,1064792248.48,24.3733|57.315
24.3667,57.24,2005-06-05T11:40:00Z,1.2,19,LAT-005,Latvia,Gulf of Riga,Gulf of Riga transitional waters,,Gulf of Riga transitional waters,855.811191767,243360.758113,2896144600.07,24.3667|57.24
24.1505,57.2233,2005-06-05T13:30:00Z,1.8,19,LAT-005,Latvia,Gulf of Riga,Gulf of Riga transitional waters,,Gulf of Riga transitional waters,855.811191767,243360.758113,2896144600.07,24.1505|57.2233
24.2167,57.1833,2005-06-05T15:15:00Z,2,18,LAT-005,Latvia,Gulf of Riga,Gulf of Riga transitional waters,,Gulf of Riga transitional waters,855.811191767,243360.758113,2896144600.07,24.2167|57.1833
24.25,57.1683,2005-06-05T16:35:00Z,1.5,19,LAT-005,Latvia,Gulf of Riga,Gulf of Riga transitional waters,,Gulf of Riga transitional waters,855.811191767,243360.758113,2896144600.07,24.25|57.1683
24.097,57.0986,2005-06-05T18:55:00Z,1.1,20,LAT-005,Latvia,Gulf of Riga,Gulf of Riga transitional waters,,Gulf of Riga transitional waters,855.811191767,243360.758113,2896144600.07,24.097|57.0986
23.9333,57.1667,2005-06-05T20:45:00Z,2,18,LAT-005,Latvia,Gulf of Riga,Gulf of Riga transitional waters,,Gulf of Riga transitional waters,855.811191767,243360.758113,2896144600.07,23.9333|57.1667
24.0017,57.0833,2005-08-04T16:50:00Z,2.5,17,LAT-005,Latvia,Gulf of Riga,Gulf of Riga transitional waters,,Gulf of Riga transitional waters,855.811191767,243360.758113,2896144600.07,24.0017|57.0833
23.9792,57.0737,2005-08-04T18:15:00Z,1.9,20,LAT-005,Latvia,Gulf of Riga,Gulf of Riga transitional waters,,Gulf of Riga transitional waters,855.811191767,243360.758113,2896144600.07,23.9792|57.0737
23.9833,57.1,2005-08-04T19:20:00Z,2,20,LAT-005,Latvia,Gulf of Riga,Gulf of Riga transitional waters,,Gulf of Riga transitional waters,855.811191767,243360.758113,2896144600.07,23.9833|57.1
22.8833,57.7976,2005-08-06T10:00:00Z,3,13,SEA-011,Opensea,Gulf of Riga,Opensea Gulf of Riga,Gulf of Riga,Opensea Gulf of Riga,8674.48923994,954770.496399,30193177349.7,22.8833|57.7976
22.6167,57.7333,2005-08-06T12:05:00Z,3.1,13,LAT-003,Latvia,Gulf of Riga,"Gulf of Riga sandy coast, waterbodies C&E",,"Gulf of Riga sandy coast, waterbodies C&E",387.080162999,296440.220511,1327844259.75,22.6167|57.7333
22.8167,57.5333,2005-08-06T14:40:00Z,3,14,LAT-003,Latvia,Gulf of Riga,"Gulf of Riga sandy coast, waterbodies C&E",,"Gulf of Riga sandy coast, waterbodies C&E",387.080162999,296440.220511,1327844259.75,22.8167|57.5333
22.9833,57.5667,2005-08-06T16:25:00Z,3.2,13,SEA-011,Opensea,Gulf of Riga,Opensea Gulf of Riga,Gulf of Riga,Opensea Gulf of Riga,8674.48923994,954770.496399,30193177349.7,22.9833|57.5667
23.07,57.3967,2005-08-06T19:10:00Z,2.9,14,LAT-004,Latvia,Gulf of Riga,"Gulf of Riga stony coast, waterbodies D&F",,"Gulf of Riga stony coast, waterbodies D&F",308.69830546,436367.284109,1064792248.48,23.07|57.3967
23.4833,57.4,2005-08-06T21:20:00Z,3,13,SEA-011,Opensea,Gulf of Riga,Opensea Gulf of Riga,Gulf of Riga,Opensea Gulf of Riga,8674.48923994,954770.496399,30193177349.7,23.4833|57.4
23.254,57.1667,2005-08-07T06:20:00Z,3,14,LAT-003,Latvia,Gulf of Riga,"Gulf of Riga sandy coast, waterbodies C&E",,"Gulf of Riga sandy coast, waterbodies C&E",387.080162999,296440.220511,1327844259.75,23.254|57.1667
23.4867,57.0467,2005-08-07T08:10:00Z,3.2,14,LAT-003,Latvia,Gulf of Riga,"Gulf of Riga sandy coast, waterbodies C&E",,"Gulf of Riga sandy coast, waterbodies C&E",387.080162999,296440.220511,1327844259.75,23.4867|57.0467
23.6667,57.1667,2005-08-07T10:15:00Z,3,14,SEA-011,Opensea,Gulf of Riga,Opensea Gulf of Riga,Gulf of Riga,Opensea Gulf of Riga,8674.48923994,954770.496399,30193177349.7,23.6667|57.1667
23.705,56.9767,2005-08-07T13:00:00Z,2.9,14,LAT-005,Latvia,Gulf of Riga,Gulf of Riga transitional waters,,Gulf of Riga transitional waters,855.811191767,243360.758113,2896144600.07,23.705|56.9767
23.7433,56.98,2005-08-07T14:30:00Z,2.6,15,LAT-005,Latvia,Gulf of Riga,Gulf of Riga transitional waters,,Gulf of Riga transitional waters,855.811191767,243360.758113,2896144600.07,23.7433|56.98
23.92,57.025,2005-08-07T15:50:00Z,2.5,16,LAT-005,Latvia,Gulf of Riga,Gulf of Riga transitional waters,,Gulf of Riga transitional waters,855.811191767,243360.758113,2896144600.07,23.92|57.025
23.9683,57.0433,2005-08-07T17:00:00Z,2.6,15,LAT-005,Latvia,Gulf of Riga,Gulf of Riga transitional waters,,Gulf of Riga transitional waters,855.811191767,243360.758113,2896144600.07,23.9683|57.0433
24.097,57.0986,2005-08-07T18:30:00Z,1.6,19,LAT-005,Latvia,Gulf of Riga,Gulf of Riga transitional waters,,Gulf of Riga transitional waters,855.811191767,243360.758113,2896144600.07,24.097|57.0986
24.25,57.1683,2005-08-07T20:05:00Z,2.9,15,LAT-005,Latvia,Gulf of Riga,Gulf of Riga transitional waters,,Gulf of Riga transitional waters,855.811191767,243360.758113,2896144600.07,24.25|57.1683
23.6167,57.6167,2005-08-08T07:15:00Z,3.2,13,SEA-011,Opensea,Gulf of Riga,Opensea Gulf of Riga,Gulf of Riga,Opensea Gulf of Riga,8674.48923994,954770.496399,30193177349.7,23.6167|57.6167
23.9167,57.85,2005-08-08T13:35:00Z,3,13,SEA-011,Opensea,Gulf of Riga,Opensea Gulf of Riga,Gulf of Riga,Opensea Gulf of Riga,8674.48923994,954770.496399,30193177349.7,23.9167|57.85
24.0665,57.8827,2005-08-08T15:10:00Z,3,13,SEA-011,Opensea,Gulf of Riga,Opensea Gulf of Riga,Gulf of Riga,Opensea Gulf of Riga,8674.48923994,954770.496399,30193177349.7,24.0665|57.8827
24.2433,57.88,2005-08-08T16:55:00Z,2.6,15,SEA-011,Opensea,Gulf of Riga,Opensea Gulf of Riga,Gulf of Riga,Opensea Gulf of Riga,8674.48923994,954770.496399,30193177349.7,24.2433|57.88
24.3085,57.856,2005-08-08T17:55:00Z,1.9,17,LAT-004,Latvia,Gulf of Riga,"Gulf of Riga stony coast, waterbodies D&F",,"Gulf of Riga stony coast, waterbodies D&F",308.69830546,436367.284109,1064792248.48,24.3085|57.856
24.315,57.7467,2005-08-08T20:25:00Z,2.2,17,LAT-004,Latvia,Gulf of Riga,"Gulf of Riga stony coast, waterbodies D&F",,"Gulf of Riga stony coast, waterbodies D&F",308.69830546,436367.284109,1064792248.48,24.315|57.7467
24.1167,57.6,2005-08-09T07:00:00Z,3.9,12,SEA-011,Opensea,Gulf of Riga,Opensea Gulf of Riga,Gulf of Riga,Opensea Gulf of Riga,8674.48923994,954770.496399,30193177349.7,24.1167|57.6
24.3367,57.5933,2005-08-09T09:00:00Z,2.6,16,LAT-004,Latvia,Gulf of Riga,"Gulf of Riga stony coast, waterbodies D&F",,"Gulf of Riga stony coast, waterbodies D&F",308.69830546,436367.284109,1064792248.48,24.3367|57.5933
24.3533,57.4483,2005-08-09T10:40:00Z,2.2,17,LAT-004,Latvia,Gulf of Riga,"Gulf of Riga stony coast, waterbodies D&F",,"Gulf of Riga stony coast, waterbodies D&F",308.69830546,436367.284109,1064792248.48,24.3533|57.4483
24.0833,57.35,2005-08-09T12:30:00Z,4.1,14,SEA-011,Opensea,Gulf of Riga,Opensea Gulf of Riga,Gulf of Riga,Opensea Gulf of Riga,8674.48923994,954770.496399,30193177349.7,24.0833|57.35
24.3733,57.315,2005-08-09T14:45:00Z,2.6,15,LAT-004,Latvia,Gulf of Riga,"Gulf of Riga stony coast, waterbodies D&F",,"Gulf of Riga stony coast, waterbodies D&F",308.69830546,436367.284109,1064792248.48,24.3733|57.315
24.3667,57.24,2005-08-09T16:05:00Z,2.7,15,LAT-005,Latvia,Gulf of Riga,Gulf of Riga transitional waters,,Gulf of Riga transitional waters,855.811191767,243360.758113,2896144600.07,24.3667|57.24
23.7667,57.4167,2005-08-09T18:50:00Z,3.7,13,SEA-011,Opensea,Gulf of Riga,Opensea Gulf of Riga,Gulf of Riga,Opensea Gulf of Riga,8674.48923994,954770.496399,30193177349.7,23.7667|57.4167
23.85,57.3,2005-08-10T06:50:00Z,2.9,14,SEA-011,Opensea,Gulf of Riga,Opensea Gulf of Riga,Gulf of Riga,Opensea Gulf of Riga,8674.48923994,954770.496399,30193177349.7,23.85|57.3
23.9333,57.1667,2005-08-10T11:10:00Z,3,16,LAT-005,Latvia,Gulf of Riga,Gulf of Riga transitional waters,,Gulf of Riga transitional waters,855.811191767,243360.758113,2896144600.07,23.9333|57.1667
24.0017,57.0833,2005-11-26T12:00:00Z,3.8,19,LAT-005,Latvia,Gulf of Riga,Gulf of Riga transitional waters,,Gulf of Riga transitional waters,855.811191767,243360.758113,2896144600.07,24.0017|57.0833
23.9792,57.0737,2005-11-26T13:45:00Z,2.7,15,LAT-005,Latvia,Gulf of Riga,Gulf of Riga transitional waters,,Gulf of Riga transitional waters,855.811191767,243360.758113,2896144600.07,23.9792|57.0737
23.9683,57.0433,2005-11-26T14:45:00Z,2.6,15,LAT-005,Latvia,Gulf of Riga,Gulf of Riga transitional waters,,Gulf of Riga transitional waters,855.811191767,243360.758113,2896144600.07,23.9683|57.0433
23.92,57.025,2005-11-26T15:32:00Z,2.5,15,LAT-005,Latvia,Gulf of Riga,Gulf of Riga transitional waters,,Gulf of Riga transitional waters,855.811191767,243360.758113,2896144600.07,23.92|57.025
22.8833,57.7976,2005-11-29T08:05:00Z,1.95,13,SEA-011,Opensea,Gulf of Riga,Opensea Gulf of Riga,Gulf of Riga,Opensea Gulf of Riga,8674.48923994,954770.496399,30193177349.7,22.8833|57.7976
22.6167,57.7333,2005-11-29T10:20:00Z,2.1,9,LAT-003,Latvia,Gulf of Riga,"Gulf of Riga sandy coast, waterbodies C&E",,"Gulf of Riga sandy coast, waterbodies C&E",387.080162999,296440.220511,1327844259.75,22.6167|57.7333
22.8167,57.5333,2005-11-29T12:45:00Z,2.6,11,LAT-003,Latvia,Gulf of Riga,"Gulf of Riga sandy coast, waterbodies C&E",,"Gulf of Riga sandy coast, waterbodies C&E",387.080162999,296440.220511,1327844259.75,22.8167|57.5333
22.9833,57.5667,2005-11-29T13:55:00Z,2.3,11,SEA-011,Opensea,Gulf of Riga,Opensea Gulf of Riga,Gulf of Riga,Opensea Gulf of Riga,8674.48923994,954770.496399,30193177349.7,22.9833|57.5667
23.254,57.1667,2005-11-30T08:05:00Z,1.9,9,LAT-003,Latvia,Gulf of Riga,"Gulf of Riga sandy coast, waterbodies C&E",,"Gulf of Riga sandy coast, waterbodies C&E",387.080162999,296440.220511,1327844259.75,23.254|57.1667
23.4867,57.0467,2005-11-30T09:55:00Z,2.2,9,LAT-003,Latvia,Gulf of Riga,"Gulf of Riga sandy coast, waterbodies C&E",,"Gulf of Riga sandy coast, waterbodies C&E",387.080162999,296440.220511,1327844259.75,23.4867|57.0467
23.705,56.9767,2005-11-30T11:15:00Z,2.3,11,LAT-005,Latvia,Gulf of Riga,Gulf of Riga transitional waters,,Gulf of Riga transitional waters,855.811191767,243360.758113,2896144600.07,23.705|56.9767
23.6667,57.1667,2005-11-30T13:00:00Z,2.2,13,SEA-011,Opensea,Gulf of Riga,Opensea Gulf of Riga,Gulf of Riga,Opensea Gulf of Riga,8674.48923994,954770.496399,30193177349.7,23.6667|57.1667
23.9333,57.1667,2005-11-30T15:05:00Z,1.9,11,LAT-005,Latvia,Gulf of Riga,Gulf of Riga transitional waters,,Gulf of Riga transitional waters,855.811191767,243360.758113,2896144600.07,23.9333|57.1667
24.0665,57.8827,2005-12-01T08:26:00Z,1.9,11,SEA-011,Opensea,Gulf of Riga,Opensea Gulf of Riga,Gulf of Riga,Opensea Gulf of Riga,8674.48923994,954770.496399,30193177349.7,24.0665|57.8827
24.2433,57.88,2005-12-01T09:50:00Z,1.9,13,SEA-011,Opensea,Gulf of Riga,Opensea Gulf of Riga,Gulf of Riga,Opensea Gulf of Riga,8674.48923994,954770.496399,30193177349.7,24.2433|57.88
24.3085,57.856,2005-12-01T10:45:00Z,1.7,19,LAT-004,Latvia,Gulf of Riga,"Gulf of Riga stony coast, waterbodies D&F",,"Gulf of Riga stony coast, waterbodies D&F",308.69830546,436367.284109,1064792248.48,24.3085|57.856
24.315,57.7467,2005-12-01T12:25:00Z,1.5,19,LAT-004,Latvia,Gulf of Riga,"Gulf of Riga stony coast, waterbodies D&F",,"Gulf of Riga stony coast, waterbodies D&F",308.69830546,436367.284109,1064792248.48,24.315|57.7467
24.1167,57.6,2005-12-01T14:30:00Z,1.9,13,SEA-011,Opensea,Gulf of Riga,Opensea Gulf of Riga,Gulf of Riga,Opensea Gulf of Riga,8674.48923994,954770.496399,30193177349.7,24.1167|57.6
23.6167,57.6167,2005-12-02T06:45:00Z,3.1,11,SEA-011,Opensea,Gulf of Riga,Opensea Gulf of Riga,Gulf of Riga,Opensea Gulf of Riga,8674.48923994,954770.496399,30193177349.7,23.6167|57.6167
23.7667,57.4167,2005-12-02T14:00:00Z,2.5,11,SEA-011,Opensea,Gulf of Riga,Opensea Gulf of Riga,Gulf of Riga,Opensea Gulf of Riga,8674.48923994,954770.496399,30193177349.7,23.7667|57.4167
24.3733,57.315,2005-12-03T08:30:00Z,2.5,19,LAT-004,Latvia,Gulf of Riga,"Gulf of Riga stony coast, waterbodies D&F",,"Gulf of Riga stony coast, waterbodies D&F",308.69830546,436367.284109,1064792248.48,24.3733|57.315
24.3667,57.24,2005-12-03T09:40:00Z,2.1,15,LAT-005,Latvia,Gulf of Riga,Gulf of Riga transitional waters,,Gulf of Riga transitional waters,855.811191767,243360.758113,2896144600.07,24.3667|57.24
24.25,57.1683,2005-12-03T11:40:00Z,1.85,14,LAT-005,Latvia,Gulf of Riga,Gulf of Riga transitional waters,,Gulf of Riga transitional waters,855.811191767,243360.758113,2896144600.07,24.25|57.1683
24.097,57.0986,2005-12-03T13:25:00Z,2.3,15,LAT-005,Latvia,Gulf of Riga,Gulf of Riga transitional waters,,Gulf of Riga transitional waters,855.811191767,243360.758113,2896144600.07,24.097|57.0986
23.9833,57.1,1976-04-24T08:00:00Z,1.2,20,LAT-005,Latvia,Gulf of Riga,Gulf of Riga transitional waters,,Gulf of Riga transitional waters,855.811191767,243360.758113,2896144600.07,23.9833|57.1
23.85,57.3,1976-04-24T10:30:00Z,2,19,SEA-011,Opensea,Gulf of Riga,Opensea Gulf of Riga,Gulf of Riga,Opensea Gulf of Riga,8674.48923994,954770.496399,30193177349.7,23.85|57.3
24.0833,57.35,1976-04-24T14:00:00Z,1.5,20,SEA-011,Opensea,Gulf of Riga,Opensea Gulf of Riga,Gulf of Riga,Opensea Gulf of Riga,8674.48923994,954770.496399,30193177349.7,24.0833|57.35
23.7667,57.4167,1976-04-24T16:05:00Z,3,16,SEA-011,Opensea,Gulf of Riga,Opensea Gulf of Riga,Gulf of Riga,Opensea Gulf of Riga,8674.48923994,954770.496399,30193177349.7,23.7667|57.4167
23.4833,57.4,1976-04-24T18:15:00Z,3.5,15,SEA-011,Opensea,Gulf of Riga,Opensea Gulf of Riga,Gulf of Riga,Opensea Gulf of Riga,8674.48923994,954770.496399,30193177349.7,23.4833|57.4
22.8833,57.7976,1976-04-25T12:40:00Z,3,14,SEA-011,Opensea,Gulf of Riga,Opensea Gulf of Riga,Gulf of Riga,Opensea Gulf of Riga,8674.48923994,954770.496399,30193177349.7,22.8833|57.7976
23.8667,57.6,1976-04-26T11:45:00Z,2.2,17,SEA-011,Opensea,Gulf of Riga,Opensea Gulf of Riga,Gulf of Riga,Opensea Gulf of Riga,8674.48923994,954770.496399,30193177349.7,23.8667|57.6
23.6167,57.6167,1976-04-26T13:55:00Z,3,15,SEA-011,Opensea,Gulf of Riga,Opensea Gulf of Riga,Gulf of Riga,Opensea Gulf of Riga,8674.48923994,954770.496399,30193177349.7,23.6167|57.6167
22.9833,57.5667,1976-04-26T18:20:00Z,4.2,12,SEA-011,Opensea,Gulf of Riga,Opensea Gulf of Riga,Gulf of Riga,Opensea Gulf of Riga,8674.48923994,954770.496399,30193177349.7,22.9833|57.5667
23.35,57.96,1976-04-27T07:20:00Z,3.5,12,EST-019,Estonia,Gulf of Riga,Central part of the Gulf of Riga CWB,,EE_19,1960.16337669,379661.151667,6969951504.02,23.35|57.96
23.9833,57.1,1976-05-19T06:05:00Z,2,21,LAT-005,Latvia,Gulf of Riga,Gulf of Riga transitional waters,,Gulf of Riga transitional waters,855.811191767,243360.758113,2896144600.07,23.9833|57.1
23.85,57.3,1976-05-19T08:45:00Z,3.5,16,SEA-011,Opensea,Gulf of Riga,Opensea Gulf of Riga,Gulf of Riga,Opensea Gulf of Riga,8674.48923994,954770.496399,30193177349.7,23.85|57.3
24.0833,57.35,1976-05-19T11:45:00Z,3,15,SEA-011,Opensea,Gulf of Riga,Opensea Gulf of Riga,Gulf of Riga,Opensea Gulf of Riga,8674.48923994,954770.496399,30193177349.7,24.0833|57.35
23.7667,57.4167,1976-05-19T14:15:00Z,4.5,12,SEA-011,Opensea,Gulf of Riga,Opensea Gulf of Riga,Gulf of Riga,Opensea Gulf of Riga,8674.48923994,954770.496399,30193177349.7,23.7667|57.4167
23.4833,57.4,1976-05-19T16:25:00Z,5,11,SEA-011,Opensea,Gulf of Riga,Opensea Gulf of Riga,Gulf of Riga,Opensea Gulf of Riga,8674.48923994,954770.496399,30193177349.7,23.4833|57.4
24.1167,57.6,1976-05-20T07:40:00Z,3.5,15,SEA-011,Opensea,Gulf of Riga,Opensea Gulf of Riga,Gulf of Riga,Opensea Gulf of Riga,8674.48923994,954770.496399,30193177349.7,24.1167|57.6
23.6167,57.6167,1976-05-20T11:35:00Z,4.5,12,SEA-011,Opensea,Gulf of Riga,Opensea Gulf of Riga,Gulf of Riga,Opensea Gulf of Riga,8674.48923994,954770.496399,30193177349.7,23.6167|57.6167
22.9833,57.5667,1976-05-20T16:25:00Z,5,13,SEA-011,Opensea,Gulf of Riga,Opensea Gulf of Riga,Gulf of Riga,Opensea Gulf of Riga,8674.48923994,954770.496399,30193177349.7,22.9833|57.5667
22.8833,57.7976,1976-05-21T13:40:00Z,4.5,12,SEA-011,Opensea,Gulf of Riga,Opensea Gulf of Riga,Gulf of Riga,Opensea Gulf of Riga,8674.48923994,954770.496399,30193177349.7,22.8833|57.7976
23.4,58.2,1976-05-22T06:35:00Z,5.5,11,EST-019,Estonia,Gulf of Riga,Central part of the Gulf of Riga CWB,,EE_19,1960.16337669,379661.151667,6969951504.02,23.4|58.2
23.35,57.96,1976-05-22T09:30:00Z,6,10,EST-019,Estonia,Gulf of Riga,Central part of the Gulf of Riga CWB,,EE_19,1960.16337669,379661.151667,6969951504.02,23.35|57.96
24.1318,57.9683,1976-05-18T15:05:00Z,3.4,12,SEA-011,Opensea,Gulf of Riga,Opensea Gulf of Riga,Gulf of Riga,Opensea Gulf of Riga,8674.48923994,954770.496399,30193177349.7,24.1318|57.9683
23.9833,57.1,1976-06-02T07:55:00Z,2,16,LAT-005,Latvia,Gulf of Riga,Gulf of Riga transitional waters,,Gulf of Riga transitional waters,855.811191767,243360.758113,2896144600.07,23.9833|57.1
23.85,57.3,1976-06-02T10:10:00Z,4.5,15,SEA-011,Opensea,Gulf of Riga,Opensea Gulf of Riga,Gulf of Riga,Opensea Gulf of Riga,8674.48923994,954770.496399,30193177349.7,23.85|57.3
23.7667,57.4167,1976-06-02T16:10:00Z,5,15,SEA-011,Opensea,Gulf of Riga,Opensea Gulf of Riga,Gulf of Riga,Opensea Gulf of Riga,8674.48923994,954770.496399,30193177349.7,23.7667|57.4167
23.6167,57.6167,1976-06-03T12:30:00Z,5,12,SEA-011,Opensea,Gulf of Riga,Opensea Gulf of Riga,Gulf of Riga,Opensea Gulf of Riga,8674.48923994,954770.496399,30193177349.7,23.6167|57.6167
23.4833,57.4,1976-06-02T18:25:00Z,5.5,11,SEA-011,Opensea,Gulf of Riga,Opensea Gulf of Riga,Gulf of Riga,Opensea Gulf of Riga,8674.48923994,954770.496399,30193177349.7,23.4833|57.4
24.0833,57.35,1976-06-02T14:55:00Z,5.5,12,SEA-011,Opensea,Gulf of Riga,Opensea Gulf of Riga,Gulf of Riga,Opensea Gulf of Riga,8674.48923994,954770.496399,30193177349.7,24.0833|57.35
23.4,58.2,1976-06-04T09:30:00Z,5,12,EST-019,Estonia,Gulf of Riga,Central part of the Gulf of Riga CWB,,EE_19,1960.16337669,379661.151667,6969951504.02,23.4|58.2
23.35,57.96,1976-06-04T07:00:00Z,5.5,11,EST-019,Estonia,Gulf of Riga,Central part of the Gulf of Riga CWB,,EE_19,1960.16337669,379661.151667,6969951504.02,23.35|57.96
22.8833,57.7976,1976-06-04T14:40:00Z,6.5,11,SEA-011,Opensea,Gulf of Riga,Opensea Gulf of Riga,Gulf of Riga,Opensea Gulf of Riga,8674.48923994,954770.496399,30193177349.7,22.8833|57.7976
22.9833,57.5667,1976-06-03T17:10:00Z,5.5,11,SEA-011,Opensea,Gulf of Riga,Opensea Gulf of Riga,Gulf of Riga,Opensea Gulf of Riga,8674.48923994,954770.496399,30193177349.7,22.9833|57.5667
24.1167,57.6,1976-06-03T08:55:00Z,5.5,11,SEA-011,Opensea,Gulf of Riga,Opensea Gulf of Riga,Gulf of Riga,Opensea Gulf of Riga,8674.48923994,954770.496399,30193177349.7,24.1167|57.6
22.41,57.8433,1976-06-05T08:35:00Z,6,11,SEA-011,Opensea,Gulf of Riga,Opensea Gulf of Riga,Gulf of Riga,Opensea Gulf of Riga,8674.48923994,954770.496399,30193177349.7,22.41|57.8433
24.1318,57.9683,1976-06-16T14:30:00Z,5.2,13,SEA-011,Opensea,Gulf of Riga,Opensea Gulf of Riga,Gulf of Riga,Opensea Gulf of Riga,8674.48923994,954770.496399,30193177349.7,24.1318|57.9683
24.1167,57.6,1976-06-15T16:55:00Z,5.2,12,SEA-011,Opensea,Gulf of Riga,Opensea Gulf of Riga,Gulf of Riga,Opensea Gulf of Riga,8674.48923994,954770.496399,30193177349.7,24.1167|57.6
23.9833,57.1,1976-07-03T05:40:00Z,3,14,LAT-005,Latvia,Gulf of Riga,Gulf of Riga transitional waters,,Gulf of Riga transitional waters,855.811191767,243360.758113,2896144600.07,23.9833|57.1
23.85,57.3,1976-07-03T17:55:00Z,5.5,12,SEA-011,Opensea,Gulf of Riga,Opensea Gulf of Riga,Gulf of Riga,Opensea Gulf of Riga,8674.48923994,954770.496399,30193177349.7,23.85|57.3
23.4833,57.4,1976-07-02T21:45:00Z,6,11,SEA-011,Opensea,Gulf of Riga,Opensea Gulf of Riga,Gulf of Riga,Opensea Gulf of Riga,8674.48923994,954770.496399,30193177349.7,23.4833|57.4
24.1318,57.9683,1976-07-13T21:30:00Z,4,13,SEA-011,Opensea,Gulf of Riga,Opensea Gulf of Riga,Gulf of Riga,Opensea Gulf of Riga,8674.48923994,954770.496399,30193177349.7,24.1318|57.9683
24.1167,57.6,1976-07-15T08:17:00Z,4,12,SEA-011,Opensea,Gulf of Riga,Opensea Gulf of Riga,Gulf of Riga,Opensea Gulf of Riga,8674.48923994,954770.496399,30193177349.7,24.1167|57.6
24.1318,57.9683,1976-08-05T08:40:00Z,2.5,14,SEA-011,Opensea,Gulf of Riga,Opensea Gulf of Riga,Gulf of Riga,Opensea Gulf of Riga,8674.48923994,954770.496399,30193177349.7,24.1318|57.9683
23.85,57.3,1976-08-04T07:25:00Z,5,13,SEA-011,Opensea,Gulf of Riga,Opensea Gulf of Riga,Gulf of Riga,Opensea Gulf of Riga,8674.48923994,954770.496399,30193177349.7,23.85|57.3
24.0833,57.35,1976-08-04T10:15:00Z,5,13,SEA-011,Opensea,Gulf of Riga,Opensea Gulf of Riga,Gulf of Riga,Opensea Gulf of Riga,8674.48923994,954770.496399,30193177349.7,24.0833|57.35
23.7667,57.4167,1976-08-04T12:35:00Z,5,12,SEA-011,Opensea,Gulf of Riga,Opensea Gulf of Riga,Gulf of Riga,Opensea Gulf of Riga,8674.48923994,954770.496399,30193177349.7,23.7667|57.4167
23.4833,57.4,1976-08-04T14:25:00Z,4.5,14,SEA-011,Opensea,Gulf of Riga,Opensea Gulf of Riga,Gulf of Riga,Opensea Gulf of Riga,8674.48923994,954770.496399,30193177349.7,23.4833|57.4
24.1167,57.6,1976-08-05T08:10:00Z,5,13,SEA-011,Opensea,Gulf of Riga,Opensea Gulf of Riga,Gulf of Riga,Opensea Gulf of Riga,8674.48923994,954770.496399,30193177349.7,24.1167|57.6
23.6167,57.6167,1976-08-05T12:00:00Z,6.5,11,SEA-011,Opensea,Gulf of Riga,Opensea Gulf of Riga,Gulf of Riga,Opensea Gulf of Riga,8674.48923994,954770.496399,30193177349.7,23.6167|57.6167
23.4,58.2,1976-08-06T09:05:00Z,6,12,EST-019,Estonia,Gulf of Riga,Central part of the Gulf of Riga CWB,,EE_19,1960.16337669,379661.151667,6969951504.02,23.4|58.2
23.35,57.96,1976-08-06T11:55:00Z,5.5,11,EST-019,Estonia,Gulf of Riga,Central part of the Gulf of Riga CWB,,EE_19,1960.16337669,379661.151667,6969951504.02,23.35|57.96
22.8833,57.7976,1976-08-07T09:22:00Z,4.5,11,SEA-011,Opensea,Gulf of Riga,Opensea Gulf of Riga,Gulf of Riga,Opensea Gulf of Riga,8674.48923994,954770.496399,30193177349.7,22.8833|57.7976
22.9833,57.5667,1976-08-07T12:35:00Z,3.5,12,SEA-011,Opensea,Gulf of Riga,Opensea Gulf of Riga,Gulf of Riga,Opensea Gulf of Riga,8674.48923994,954770.496399,30193177349.7,22.9833|57.5667
22.54167,57.95,1976-04-25T09:25:00Z,3,14,SEA-011,Opensea,Gulf of Riga,Opensea Gulf of Riga,Gulf of Riga,Opensea Gulf of Riga,8674.48923994,954770.496399,30193177349.7,22.54167|57.95
22.71,57.88,1976-04-25T11:05:00Z,2.8,14,SEA-011,Opensea,Gulf of Riga,Opensea Gulf of Riga,Gulf of Riga,Opensea Gulf of Riga,8674.48923994,954770.496399,30193177349.7,22.71|57.88
22.9333,57.7,1976-04-25T14:25:00Z,3.5,14,SEA-011,Opensea,Gulf of Riga,Opensea Gulf of Riga,Gulf of Riga,Opensea Gulf of Riga,8674.48923994,954770.496399,30193177349.7,22.9333|57.7
22.8781,57.5354,1976-04-26T18:10:00Z,3.5,14,SEA-011,Opensea,Gulf of Riga,Opensea Gulf of Riga,Gulf of Riga,Opensea Gulf of Riga,8674.48923994,954770.496399,30193177349.7,22.8781|57.5354
23.4024,57.6021,1976-04-26T15:35:00Z,4,12,SEA-011,Opensea,Gulf of Riga,Opensea Gulf of Riga,Gulf of Riga,Opensea Gulf of Riga,8674.48923994,954770.496399,30193177349.7,23.4024|57.6021
23.2507,57.5962,1976-04-26T16:40:00Z,4.5,12,SEA-011,Opensea,Gulf of Riga,Opensea Gulf of Riga,Gulf of Riga,Opensea Gulf of Riga,8674.48923994,954770.496399,30193177349.7,23.2507|57.5962
23.4686,57.8333,1976-04-27T09:20:00Z,4,12,SEA-011,Opensea,Gulf of Riga,Opensea Gulf of Riga,Gulf of Riga,Opensea Gulf of Riga,8674.48923994,954770.496399,30193177349.7,23.4686|57.8333
23.9033,57.76,1976-05-05T13:20:00Z,3.5,15,SEA-011,Opensea,Gulf of Riga,Opensea Gulf of Riga,Gulf of Riga,Opensea Gulf of Riga,8674.48923994,954770.496399,30193177349.7,23.9033|57.76
23.915,57.7933,1976-05-05T14:22:00Z,4,15,SEA-011,Opensea,Gulf of Riga,Opensea Gulf of Riga,Gulf of Riga,Opensea Gulf of Riga,8674.48923994,954770.496399,30193177349.7,23.915|57.7933
23.9167,57.85,1976-05-05T15:18:00Z,4,14,SEA-011,Opensea,Gulf of Riga,Opensea Gulf of Riga,Gulf of Riga,Opensea Gulf of Riga,8674.48923994,954770.496399,30193177349.7,23.9167|57.85
23.8833,57.9833,1976-05-05T16:55:00Z,3.5,15,SEA-011,Opensea,Gulf of Riga,Opensea Gulf of Riga,Gulf of Riga,Opensea Gulf of Riga,8674.48923994,954770.496399,30193177349.7,23.8833|57.9833
23.875,58.0117,1976-05-05T18:43:00Z,2,16,SEA-011,Opensea,Gulf of Riga,Opensea Gulf of Riga,Gulf of Riga,Opensea Gulf of Riga,8674.48923994,954770.496399,30193177349.7,23.875|58.0117
23.905,58.045,1976-05-05T19:53:00Z,2.5,15,EST-019,Estonia,Gulf of Riga,Central part of the Gulf of Riga CWB,,EE_19,1960.16337669,379661.151667,6969951504.02,23.905|58.045
24.1318,57.9683,1976-05-06T10:20:00Z,2.5,15,SEA-011,Opensea,Gulf of Riga,Opensea Gulf of Riga,Gulf of Riga,Opensea Gulf of Riga,8674.48923994,954770.496399,30193177349.7,24.1318|57.9683
24.2,58.067,1976-05-06T11:30:00Z,2.5,16,EST-018,Estonia,Gulf of Riga,NE part of the Gulf of Riga CWB,,EE_18,1926.65785695,1086062.9138,6931317200.6,24.2|58.067
24.233,58.108,1976-05-06T12:27:00Z,2,16,EST-018,Estonia,Gulf of Riga,NE part of the Gulf of Riga CWB,,EE_18,1926.65785695,1086062.9138,6931317200.6,24.233|58.108
24.358,58.262,1976-05-06T14:47:00Z,1.5,16,EST-013,Estonia,Gulf of Riga,Pärnu Bay CWB,,EE_13,220.347836255,135817.528617,796540402.226,24.358|58.262
24.4,58.3,1976-05-06T15:50:00Z,1,17,EST-013,Estonia,Gulf of Riga,Pärnu Bay CWB,,EE_13,220.347836255,135817.528617,796540402.226,24.4|58.3
24.483,58.325,1976-05-18T10:35:00Z,2.5,13,EST-013,Estonia,Gulf of Riga,Pärnu Bay CWB,,EE_13,220.347836255,135817.528617,796540402.226,24.483|58.325
24.4,58.3,1976-05-18T11:20:00Z,3,13,EST-013,Estonia,Gulf of Riga,Pärnu Bay CWB,,EE_13,220.347836255,135817.528617,796540402.226,24.4|58.3
24.358,58.262,1976-05-18T11:58:00Z,3,12,EST-013,Estonia,Gulf of Riga,Pärnu Bay CWB,,EE_13,220.347836255,135817.528617,796540402.226,24.358|58.262
24.233,58.108,1976-05-18T13:40:00Z,3,12,EST-018,Estonia,Gulf of Riga,NE part of the Gulf of Riga CWB,,EE_18,1926.65785695,1086062.9138,6931317200.6,24.233|58.108
24.2,58.067,1976-05-18T14:24:00Z,3,12,EST-018,Estonia,Gulf of Riga,NE part of the Gulf of Riga CWB,,EE_18,1926.65785695,1086062.9138,6931317200.6,24.2|58.067
23.9733,58.0667,1976-05-19T07:32:00Z,2.5,13,SEA-011,Opensea,Gulf of Riga,Opensea Gulf of Riga,Gulf of Riga,Opensea Gulf of Riga,8674.48923994,954770.496399,30193177349.7,23.9733|58.0667
23.905,58.045,1976-05-19T08:14:00Z,3,13,EST-019,Estonia,Gulf of Riga,Central part of the Gulf of Riga CWB,,EE_19,1960.16337669,379661.151667,6969951504.02,23.905|58.045
23.875,58.025,1976-05-19T08:40:00Z,3.5,12,SEA-011,Opensea,Gulf of Riga,Opensea Gulf of Riga,Gulf of Riga,Opensea Gulf of Riga,8674.48923994,954770.496399,30193177349.7,23.875|58.025
23.8833,58.0017,1976-05-19T09:43:00Z,3.5,12,SEA-011,Opensea,Gulf of Riga,Opensea Gulf of Riga,Gulf of Riga,Opensea Gulf of Riga,8674.48923994,954770.496399,30193177349.7,23.8833|58.0017
23.9167,57.85,1976-05-19T12:00:00Z,4,11,SEA-011,Opensea,Gulf of Riga,Opensea Gulf of Riga,Gulf of Riga,Opensea Gulf of Riga,8674.48923994,954770.496399,30193177349.7,23.9167|57.85
23.915,57.7933,1976-05-19T13:03:00Z,4,11,SEA-011,Opensea,Gulf of Riga,Opensea Gulf of Riga,Gulf of Riga,Opensea Gulf of Riga,8674.48923994,954770.496399,30193177349.7,23.915|57.7933
23.9033,57.76,1976-05-19T14:00:00Z,4,11,SEA-011,Opensea,Gulf of Riga,Opensea Gulf of Riga,Gulf of Riga,Opensea Gulf of Riga,8674.48923994,954770.496399,30193177349.7,23.9033|57.76
24.2976,57.5922,1976-05-20T02:55:00Z,4,13,SEA-011,Opensea,Gulf of Riga,Opensea Gulf of Riga,Gulf of Riga,Opensea Gulf of Riga,8674.48923994,954770.496399,30193177349.7,24.2976|57.5922
23.8667,57.6,1976-05-20T09:30:00Z,4,16,SEA-011,Opensea,Gulf of Riga,Opensea Gulf of Riga,Gulf of Riga,Opensea Gulf of Riga,8674.48923994,954770.496399,30193177349.7,23.8667|57.6
23.4024,57.6021,1976-05-20T13:10:00Z,4.5,11,SEA-011,Opensea,Gulf of Riga,Opensea Gulf of Riga,Gulf of Riga,Opensea Gulf of Riga,8674.48923994,954770.496399,30193177349.7,23.4024|57.6021
23.8667,57.6,1976-06-03T10:45:00Z,5.5,12,SEA-011,Opensea,Gulf of Riga,Opensea Gulf of Riga,Gulf of Riga,Opensea Gulf of Riga,8674.48923994,954770.496399,30193177349.7,23.8667|57.6
23.2507,57.5962,1976-05-20T14:45:00Z,6,10,SEA-011,Opensea,Gulf of Riga,Opensea Gulf of Riga,Gulf of Riga,Opensea Gulf of Riga,8674.48923994,954770.496399,30193177349.7,23.2507|57.5962
23.4024,57.6021,1976-06-03T14:10:00Z,5.5,12,SEA-011,Opensea,Gulf of Riga,Opensea Gulf of Riga,Gulf of Riga,Opensea Gulf of Riga,8674.48923994,954770.496399,30193177349.7,23.4024|57.6021
22.8781,57.5354,1976-05-20T17:15:00Z,4,14,SEA-011,Opensea,Gulf of Riga,Opensea Gulf of Riga,Gulf of Riga,Opensea Gulf of Riga,8674.48923994,954770.496399,30193177349.7,22.8781|57.5354
23.2507,57.5962,1976-06-03T15:30:00Z,4.5,13,SEA-011,Opensea,Gulf of Riga,Opensea Gulf of Riga,Gulf of Riga,Opensea Gulf of Riga,8674.48923994,954770.496399,30193177349.7,23.2507|57.5962
22.54167,57.95,1976-05-21T08:55:00Z,6.5,9,SEA-011,Opensea,Gulf of Riga,Opensea Gulf of Riga,Gulf of Riga,Opensea Gulf of Riga,8674.48923994,954770.496399,30193177349.7,22.54167|57.95
24.2976,57.5922,1976-06-03T07:00:00Z,5.5,11,SEA-011,Opensea,Gulf of Riga,Opensea Gulf of Riga,Gulf of Riga,Opensea Gulf of Riga,8674.48923994,954770.496399,30193177349.7,24.2976|57.5922
22.71,57.88,1976-05-21T09:25:00Z,6,10,SEA-011,Opensea,Gulf of Riga,Opensea Gulf of Riga,Gulf of Riga,Opensea Gulf of Riga,8674.48923994,954770.496399,30193177349.7,22.71|57.88
23.0503,57.9508,1976-05-21T11:25:00Z,6.5,9,EST-019,Estonia,Gulf of Riga,Central part of the Gulf of Riga CWB,,EE_19,1960.16337669,379661.151667,6969951504.02,23.0503|57.9508
23.0503,57.9508,1976-06-04T12:50:00Z,5,12,EST-019,Estonia,Gulf of Riga,Central part of the Gulf of Riga CWB,,EE_19,1960.16337669,379661.151667,6969951504.02,23.0503|57.9508
22.9333,57.7,1976-05-21T15:15:00Z,5,12,SEA-011,Opensea,Gulf of Riga,Opensea Gulf of Riga,Gulf of Riga,Opensea Gulf of Riga,8674.48923994,954770.496399,30193177349.7,22.9333|57.7
22.9333,57.7,1976-06-04T16:05:00Z,6,11,SEA-011,Opensea,Gulf of Riga,Opensea Gulf of Riga,Gulf of Riga,Opensea Gulf of Riga,8674.48923994,954770.496399,30193177349.7,22.9333|57.7
23.4686,57.8333,1976-05-22T11:30:00Z,5.5,12,SEA-011,Opensea,Gulf of Riga,Opensea Gulf of Riga,Gulf of Riga,Opensea Gulf of Riga,8674.48923994,954770.496399,30193177349.7,23.4686|57.8333
22.71,57.88,1976-06-05T05:25:00Z,6,10,SEA-011,Opensea,Gulf of Riga,Opensea Gulf of Riga,Gulf of Riga,Opensea Gulf of Riga,8674.48923994,954770.496399,30193177349.7,22.71|57.88
22.8781,57.5354,1976-06-03T18:45:00Z,6,10,SEA-011,Opensea,Gulf of Riga,Opensea Gulf of Riga,Gulf of Riga,Opensea Gulf of Riga,8674.48923994,954770.496399,30193177349.7,22.8781|57.5354
22.3333,57.7667,1976-06-05T07:55:00Z,6,11,SEA-011,Opensea,Gulf of Riga,Opensea Gulf of Riga,Gulf of Riga,Opensea Gulf of Riga,8674.48923994,954770.496399,30193177349.7,22.3333|57.7667
24.483,58.325,1976-06-14T19:40:00Z,2.5,15,EST-013,Estonia,Gulf of Riga,Pärnu Bay CWB,,EE_13,220.347836255,135817.528617,796540402.226,24.483|58.325
24.4,58.3,1976-06-14T20:40:00Z,2.8,14,EST-013,Estonia,Gulf of Riga,Pärnu Bay CWB,,EE_13,220.347836255,135817.528617,796540402.226,24.4|58.3
24.358,58.262,1976-06-14T22:10:00Z,3.8,13,EST-013,Estonia,Gulf of Riga,Pärnu Bay CWB,,EE_13,220.347836255,135817.528617,796540402.226,24.358|58.262
24.3367,57.5933,1976-06-15T10:00:00Z,4.8,11,LAT-004,Latvia,Gulf of Riga,"Gulf of Riga stony coast, waterbodies D&F",,"Gulf of Riga stony coast, waterbodies D&F",308.69830546,436367.284109,1064792248.48,24.3367|57.5933
23.9033,57.76,1976-06-15T22:40:00Z,5,12,SEA-011,Opensea,Gulf of Riga,Opensea Gulf of Riga,Gulf of Riga,Opensea Gulf of Riga,8674.48923994,954770.496399,30193177349.7,23.9033|57.76
24.2976,57.5922,1976-06-15T13:50:00Z,5,12,SEA-011,Opensea,Gulf of Riga,Opensea Gulf of Riga,Gulf of Riga,Opensea Gulf of Riga,8674.48923994,954770.496399,30193177349.7,24.2976|57.5922
24.2,58.067,1976-06-16T16:30:00Z,5,13,EST-018,Estonia,Gulf of Riga,NE part of the Gulf of Riga CWB,,EE_18,1926.65785695,1086062.9138,6931317200.6,24.2|58.067
24.233,58.108,1976-06-16T18:15:00Z,4.5,14,EST-018,Estonia,Gulf of Riga,NE part of the Gulf of Riga CWB,,EE_18,1926.65785695,1086062.9138,6931317200.6,24.233|58.108
23.915,57.7933,1976-06-16T09:30:00Z,5.5,11,SEA-011,Opensea,Gulf of Riga,Opensea Gulf of Riga,Gulf of Riga,Opensea Gulf of Riga,8674.48923994,954770.496399,30193177349.7,23.915|57.7933
23.9167,57.85,1976-06-16T11:15:00Z,5.5,12,SEA-011,Opensea,Gulf of Riga,Opensea Gulf of Riga,Gulf of Riga,Opensea Gulf of Riga,8674.48923994,954770.496399,30193177349.7,23.9167|57.85
22.8781,57.5354,1976-07-02T13:50:00Z,5.5,11,SEA-011,Opensea,Gulf of Riga,Opensea Gulf of Riga,Gulf of Riga,Opensea Gulf of Riga,8674.48923994,954770.496399,30193177349.7,22.8781|57.5354
24.483,58.325,1976-07-13T12:45:00Z,1.8,17,EST-013,Estonia,Gulf of Riga,Pärnu Bay CWB,,EE_13,220.347836255,135817.528617,796540402.226,24.483|58.325
24.4,58.3,1976-07-13T14:25:00Z,2.2,15,EST-013,Estonia,Gulf of Riga,Pärnu Bay CWB,,EE_13,220.347836255,135817.528617,796540402.226,24.4|58.3
24.358,58.262,1976-07-13T15:45:00Z,2.8,15,EST-013,Estonia,Gulf of Riga,Pärnu Bay CWB,,EE_13,220.347836255,135817.528617,796540402.226,24.358|58.262
24.233,58.108,1976-07-13T18:30:00Z,3.5,14,EST-018,Estonia,Gulf of Riga,NE part of the Gulf of Riga CWB,,EE_18,1926.65785695,1086062.9138,6931317200.6,24.233|58.108
24.2,58.067,1976-07-13T19:45:00Z,3.8,13,EST-018,Estonia,Gulf of Riga,NE part of the Gulf of Riga CWB,,EE_18,1926.65785695,1086062.9138,6931317200.6,24.2|58.067
23.9733,58.0667,1976-07-14T10:55:00Z,3,13,SEA-011,Opensea,Gulf of Riga,Opensea Gulf of Riga,Gulf of Riga,Opensea Gulf of Riga,8674.48923994,954770.496399,30193177349.7,23.9733|58.0667
23.905,58.045,1976-07-14T11:48:00Z,3.8,12,EST-019,Estonia,Gulf of Riga,Central part of the Gulf of Riga CWB,,EE_19,1960.16337669,379661.151667,6969951504.02,23.905|58.045
23.875,58.025,1976-07-14T12:29:00Z,3.8,13,SEA-011,Opensea,Gulf of Riga,Opensea Gulf of Riga,Gulf of Riga,Opensea Gulf of Riga,8674.48923994,954770.496399,30193177349.7,23.875|58.025
23.875,58.0117,1976-07-14T13:23:00Z,3.5,12,SEA-011,Opensea,Gulf of Riga,Opensea Gulf of Riga,Gulf of Riga,Opensea Gulf of Riga,8674.48923994,954770.496399,30193177349.7,23.875|58.0117
23.8833,58.0017,1976-07-14T14:02:00Z,3.5,12,SEA-011,Opensea,Gulf of Riga,Opensea Gulf of Riga,Gulf of Riga,Opensea Gulf of Riga,8674.48923994,954770.496399,30193177349.7,23.8833|58.0017
23.8833,57.9833,1976-07-14T15:11:00Z,3.8,12,SEA-011,Opensea,Gulf of Riga,Opensea Gulf of Riga,Gulf of Riga,Opensea Gulf of Riga,8674.48923994,954770.496399,30193177349.7,23.8833|57.9833
23.9,57.9167,1976-07-14T17:05:00Z,4,12,SEA-011,Opensea,Gulf of Riga,Opensea Gulf of Riga,Gulf of Riga,Opensea Gulf of Riga,8674.48923994,954770.496399,30193177349.7,23.9|57.9167
23.9167,57.85,1976-07-14T19:45:00Z,3.5,12,SEA-011,Opensea,Gulf of Riga,Opensea Gulf of Riga,Gulf of Riga,Opensea Gulf of Riga,8674.48923994,954770.496399,30193177349.7,23.9167|57.85
23.915,57.7933,1976-07-14T21:23:00Z,4.2,12,SEA-011,Opensea,Gulf of Riga,Opensea Gulf of Riga,Gulf of Riga,Opensea Gulf of Riga,8674.48923994,954770.496399,30193177349.7,23.915|57.7933
24.2334,57.5833,1976-07-15T06:42:00Z,4.2,11,SEA-011,Opensea,Gulf of Riga,Opensea Gulf of Riga,Gulf of Riga,Opensea Gulf of Riga,8674.48923994,954770.496399,30193177349.7,24.2334|57.5833
23.9033,57.76,1976-08-04T09:35:00Z,4,12,SEA-011,Opensea,Gulf of Riga,Opensea Gulf of Riga,Gulf of Riga,Opensea Gulf of Riga,8674.48923994,954770.496399,30193177349.7,23.9033|57.76
23.915,57.7933,1976-08-04T11:07:00Z,4,12,SEA-011,Opensea,Gulf of Riga,Opensea Gulf of Riga,Gulf of Riga,Opensea Gulf of Riga,8674.48923994,954770.496399,30193177349.7,23.915|57.7933
23.9167,57.85,1976-08-04T12:53:00Z,4,13,SEA-011,Opensea,Gulf of Riga,Opensea Gulf of Riga,Gulf of Riga,Opensea Gulf of Riga,8674.48923994,954770.496399,30193177349.7,23.9167|57.85
23.8833,57.9833,1976-08-04T15:00:00Z,3.5,13,SEA-011,Opensea,Gulf of Riga,Opensea Gulf of Riga,Gulf of Riga,Opensea Gulf of Riga,8674.48923994,954770.496399,30193177349.7,23.8833|57.9833
23.8833,58.0017,1976-08-04T16:04:00Z,3,14,SEA-011,Opensea,Gulf of Riga,Opensea Gulf of Riga,Gulf of Riga,Opensea Gulf of Riga,8674.48923994,954770.496399,30193177349.7,23.8833|58.0017
23.875,58.0117,1976-08-04T16:37:00Z,3,14,SEA-011,Opensea,Gulf of Riga,Opensea Gulf of Riga,Gulf of Riga,Opensea Gulf of Riga,8674.48923994,954770.496399,30193177349.7,23.875|58.0117
23.875,58.025,1976-08-04T17:10:00Z,3,14,SEA-011,Opensea,Gulf of Riga,Opensea Gulf of Riga,Gulf of Riga,Opensea Gulf of Riga,8674.48923994,954770.496399,30193177349.7,23.875|58.025
23.905,58.045,1976-08-04T17:50:00Z,3,14,EST-019,Estonia,Gulf of Riga,Central part of the Gulf of Riga CWB,,EE_19,1960.16337669,379661.151667,6969951504.02,23.905|58.045
23.9733,58.0667,1976-08-04T18:35:00Z,2.5,15,SEA-011,Opensea,Gulf of Riga,Opensea Gulf of Riga,Gulf of Riga,Opensea Gulf of Riga,8674.48923994,954770.496399,30193177349.7,23.9733|58.0667
24.2,58.067,1976-08-05T10:15:00Z,2.5,15,EST-018,Estonia,Gulf of Riga,NE part of the Gulf of Riga CWB,,EE_18,1926.65785695,1086062.9138,6931317200.6,24.2|58.067
24.233,58.108,1976-08-05T11:10:00Z,2.5,14,EST-018,Estonia,Gulf of Riga,NE part of the Gulf of Riga CWB,,EE_18,1926.65785695,1086062.9138,6931317200.6,24.233|58.108
24.358,58.262,1976-08-05T13:13:00Z,1.5,15,EST-013,Estonia,Gulf of Riga,Pärnu Bay CWB,,EE_13,220.347836255,135817.528617,796540402.226,24.358|58.262
24.4,58.3,1976-08-05T14:10:00Z,1.5,15,EST-013,Estonia,Gulf of Riga,Pärnu Bay CWB,,EE_13,220.347836255,135817.528617,796540402.226,24.4|58.3
24.483,58.325,1976-08-05T14:50:00Z,1.5,15,EST-013,Estonia,Gulf of Riga,Pärnu Bay CWB,,EE_13,220.347836255,135817.528617,796540402.226,24.483|58.325
23.8667,57.6,1976-08-05T10:00:00Z,5,13,SEA-011,Opensea,Gulf of Riga,Opensea Gulf of Riga,Gulf of Riga,Opensea Gulf of Riga,8674.48923994,954770.496399,30193177349.7,23.8667|57.6
23.4024,57.6021,1976-08-05T13:20:00Z,5,12,SEA-011,Opensea,Gulf of Riga,Opensea Gulf of Riga,Gulf of Riga,Opensea Gulf of Riga,8674.48923994,954770.496399,30193177349.7,23.4024|57.6021
23.2507,57.5962,1976-08-05T15:05:00Z,5,11,SEA-011,Opensea,Gulf of Riga,Opensea Gulf of Riga,Gulf of Riga,Opensea Gulf of Riga,8674.48923994,954770.496399,30193177349.7,23.2507|57.5962
23.4686,57.8333,1976-08-06T13:50:00Z,5,11,SEA-011,Opensea,Gulf of Riga,Opensea Gulf of Riga,Gulf of Riga,Opensea Gulf of Riga,8674.48923994,954770.496399,30193177349.7,23.4686|57.8333
23.0503,57.9508,1976-08-07T07:35:00Z,6,10,EST-019,Estonia,Gulf of Riga,Central part of the Gulf of Riga CWB,,EE_19,1960.16337669,379661.151667,6969951504.02,23.0503|57.9508
22.9333,57.7,1976-08-07T10:45:00Z,4,13,SEA-011,Opensea,Gulf of Riga,Opensea Gulf of Riga,Gulf of Riga,Opensea Gulf of Riga,8674.48923994,954770.496399,30193177349.7,22.9333|57.7
22.8781,57.5354,1976-08-07T13:35:00Z,3.5,12,SEA-011,Opensea,Gulf of Riga,Opensea Gulf of Riga,Gulf of Riga,Opensea Gulf of Riga,8674.48923994,954770.496399,30193177349.7,22.8781|57.5354
22.8833,57.7976,1976-09-02T14:00:00Z,4.5,12,SEA-011,Opensea,Gulf of Riga,Opensea Gulf of Riga,Gulf of Riga,Opensea Gulf of Riga,8674.48923994,954770.496399,30193177349.7,22.8833|57.7976
22.8833,57.7976,1976-09-03T08:00:00Z,4.5,11,SEA-011,Opensea,Gulf of Riga,Opensea Gulf of Riga,Gulf of Riga,Opensea Gulf of Riga,8674.48923994,954770.496399,30193177349.7,22.8833|57.7976
24.483,58.325,1976-09-03T11:22:00Z,1.5,14,EST-013,Estonia,Gulf of Riga,Pärnu Bay CWB,,EE_13,220.347836255,135817.528617,796540402.226,24.483|58.325
24.4,58.3,1976-09-03T12:22:00Z,1.5,14,EST-013,Estonia,Gulf of Riga,Pärnu Bay CWB,,EE_13,220.347836255,135817.528617,796540402.226,24.4|58.3
24.358,58.262,1976-09-03T13:05:00Z,1.5,14,EST-013,Estonia,Gulf of Riga,Pärnu Bay CWB,,EE_13,220.347836255,135817.528617,796540402.226,24.358|58.262
24.233,58.108,1976-09-03T15:22:00Z,2,14,EST-018,Estonia,Gulf of Riga,NE part of the Gulf of Riga CWB,,EE_18,1926.65785695,1086062.9138,6931317200.6,24.233|58.108
24.2,58.067,1976-09-03T16:32:00Z,2.5,14,EST-018,Estonia,Gulf of Riga,NE part of the Gulf of Riga CWB,,EE_18,1926.65785695,1086062.9138,6931317200.6,24.2|58.067
23.4718,58.4311,1976-09-04T12:41:00Z,3,12,EST-018,Estonia,Gulf of Riga,NE part of the Gulf of Riga CWB,,EE_18,1926.65785695,1086062.9138,6931317200.6,23.4718|58.4311
23.9033,57.76,1976-09-08T09:10:00Z,4.5,12,SEA-011,Opensea,Gulf of Riga,Opensea Gulf of Riga,Gulf of Riga,Opensea Gulf of Riga,8674.48923994,954770.496399,30193177349.7,23.9033|57.76
23.915,57.7933,1976-09-08T12:50:00Z,1.5,13,SEA-011,Opensea,Gulf of Riga,Opensea Gulf of Riga,Gulf of Riga,Opensea Gulf of Riga,8674.48923994,954770.496399,30193177349.7,23.915|57.7933
23.9733,58.0667,1976-09-09T10:53:00Z,4,12,SEA-011,Opensea,Gulf of Riga,Opensea Gulf of Riga,Gulf of Riga,Opensea Gulf of Riga,8674.48923994,954770.496399,30193177349.7,23.9733|58.0667
23.905,58.045,1976-09-09T11:50:00Z,4,12,EST-019,Estonia,Gulf of Riga,Central part of the Gulf of Riga CWB,,EE_19,1960.16337669,379661.151667,6969951504.02,23.905|58.045
23.875,58.025,1976-09-09T12:50:00Z,4,12,SEA-011,Opensea,Gulf of Riga,Opensea Gulf of Riga,Gulf of Riga,Opensea Gulf of Riga,8674.48923994,954770.496399,30193177349.7,23.875|58.025
23.875,58.0117,1976-09-09T13:50:00Z,4.5,12,SEA-011,Opensea,Gulf of Riga,Opensea Gulf of Riga,Gulf of Riga,Opensea Gulf of Riga,8674.48923994,954770.496399,30193177349.7,23.875|58.0117
23.8833,58.0017,1976-09-09T15:20:00Z,4.5,12,SEA-011,Opensea,Gulf of Riga,Opensea Gulf of Riga,Gulf of Riga,Opensea Gulf of Riga,8674.48923994,954770.496399,30193177349.7,23.8833|58.0017
23.8833,57.9833,1976-09-09T16:20:00Z,4,12,SEA-011,Opensea,Gulf of Riga,Opensea Gulf of Riga,Gulf of Riga,Opensea Gulf of Riga,8674.48923994,954770.496399,30193177349.7,23.8833|57.9833
24.0017,57.0833,2019-04-12T11:00:00Z,1.8,17,LAT-005,Latvia,Gulf of Riga,Gulf of Riga transitional waters,,Gulf of Riga transitional waters,855.811191767,243360.758113,2896144600.07,24.0017|57.0833
23.9833,57.1,2019-04-12T12:00:00Z,1.8,17,LAT-005,Latvia,Gulf of Riga,Gulf of Riga transitional waters,,Gulf of Riga transitional waters,855.811191767,243360.758113,2896144600.07,23.9833|57.1
23.85,57.3,2019-04-12T12:55:00Z,1.8,19,SEA-011,Opensea,Gulf of Riga,Opensea Gulf of Riga,Gulf of Riga,Opensea Gulf of Riga,8674.48923994,954770.496399,30193177349.7,23.85|57.3
24.0017,57.0833,2019-04-30T09:42:00Z,1.8,19,LAT-005,Latvia,Gulf of Riga,Gulf of Riga transitional waters,,Gulf of Riga transitional waters,855.811191767,243360.758113,2896144600.07,24.0017|57.0833
23.9833,57.1,2019-04-30T10:03:00Z,2,19,LAT-005,Latvia,Gulf of Riga,Gulf of Riga transitional waters,,Gulf of Riga transitional waters,855.811191767,243360.758113,2896144600.07,23.9833|57.1
23.85,57.3,2019-04-30T13:46:00Z,1.8,19,SEA-011,Opensea,Gulf of Riga,Opensea Gulf of Riga,Gulf of Riga,Opensea Gulf of Riga,8674.48923994,954770.496399,30193177349.7,23.85|57.3
22.6167,57.7333,2019-05-14T07:15:00Z,2.7,11,LAT-003,Latvia,Gulf of Riga,"Gulf of Riga sandy coast, waterbodies C&E",,"Gulf of Riga sandy coast, waterbodies C&E",387.080162999,296440.220511,1327844259.75,22.6167|57.7333
22.8833,57.7976,2019-05-14T09:05:00Z,2.7,13,SEA-011,Opensea,Gulf of Riga,Opensea Gulf of Riga,Gulf of Riga,Opensea Gulf of Riga,8674.48923994,954770.496399,30193177349.7,22.8833|57.7976
22.8167,57.5333,2019-05-14T12:45:00Z,2.1,15,LAT-003,Latvia,Gulf of Riga,"Gulf of Riga sandy coast, waterbodies C&E",,"Gulf of Riga sandy coast, waterbodies C&E",387.080162999,296440.220511,1327844259.75,22.8167|57.5333
22.9833,57.5667,2019-05-14T14:15:00Z,2.1,13,SEA-011,Opensea,Gulf of Riga,Opensea Gulf of Riga,Gulf of Riga,Opensea Gulf of Riga,8674.48923994,954770.496399,30193177349.7,22.9833|57.5667
23.07,57.3967,2019-05-14T16:15:00Z,2,13,LAT-004,Latvia,Gulf of Riga,"Gulf of Riga stony coast, waterbodies D&F",,"Gulf of Riga stony coast, waterbodies D&F",308.69830546,436367.284109,1064792248.48,23.07|57.3967
23.2373,57.3589,2019-05-14T17:30:00Z,2.2,13,SEA-011,Opensea,Gulf of Riga,Opensea Gulf of Riga,Gulf of Riga,Opensea Gulf of Riga,8674.48923994,954770.496399,30193177349.7,23.2373|57.3589
23.4833,57.4,2019-05-14T20:00:00Z,2,17,SEA-011,Opensea,Gulf of Riga,Opensea Gulf of Riga,Gulf of Riga,Opensea Gulf of Riga,8674.48923994,954770.496399,30193177349.7,23.4833|57.4
23.4867,57.0467,2019-05-15T07:15:00Z,1.9,17,LAT-003,Latvia,Gulf of Riga,"Gulf of Riga sandy coast, waterbodies C&E",,"Gulf of Riga sandy coast, waterbodies C&E",387.080162999,296440.220511,1327844259.75,23.4867|57.0467
23.7433,56.98,2019-05-15T09:05:00Z,1.7,19,LAT-005,Latvia,Gulf of Riga,Gulf of Riga transitional waters,,Gulf of Riga transitional waters,855.811191767,243360.758113,2896144600.07,23.7433|56.98
23.92,57.025,2019-05-15T10:25:00Z,1.7,19,LAT-005,Latvia,Gulf of Riga,Gulf of Riga transitional waters,,Gulf of Riga transitional waters,855.811191767,243360.758113,2896144600.07,23.92|57.025
23.8883,57.055,2019-05-15T11:20:00Z,1.7,19,LAT-005,Latvia,Gulf of Riga,Gulf of Riga transitional waters,,Gulf of Riga transitional waters,855.811191767,243360.758113,2896144600.07,23.8883|57.055
23.9333,57.1667,2019-05-15T13:15:00Z,2,17,LAT-005,Latvia,Gulf of Riga,Gulf of Riga transitional waters,,Gulf of Riga transitional waters,855.811191767,243360.758113,2896144600.07,23.9333|57.1667
23.9565,57.1243,2019-05-15T14:00:00Z,1.8,17,LAT-005,Latvia,Gulf of Riga,Gulf of Riga transitional waters,,Gulf of Riga transitional waters,855.811191767,243360.758113,2896144600.07,23.9565|57.1243
23.9833,57.1,2019-05-15T14:40:00Z,1.9,19,LAT-005,Latvia,Gulf of Riga,Gulf of Riga transitional waters,,Gulf of Riga transitional waters,855.811191767,243360.758113,2896144600.07,23.9833|57.1
24.0017,57.0833,2019-05-15T15:55:00Z,1.6,21,LAT-005,Latvia,Gulf of Riga,Gulf of Riga transitional waters,,Gulf of Riga transitional waters,855.811191767,243360.758113,2896144600.07,24.0017|57.0833
24.25,57.1683,2019-05-15T17:45:00Z,1.9,19,LAT-005,Latvia,Gulf of Riga,Gulf of Riga transitional waters,,Gulf of Riga transitional waters,855.811191767,243360.758113,2896144600.07,24.25|57.1683
24.2167,57.1833,2019-05-15T18:40:00Z,1.9,19,LAT-005,Latvia,Gulf of Riga,Gulf of Riga transitional waters,,Gulf of Riga transitional waters,855.811191767,243360.758113,2896144600.07,24.2167|57.1833
24.1167,57.6,2019-05-16T07:20:00Z,2.8,17,SEA-011,Opensea,Gulf of Riga,Opensea Gulf of Riga,Gulf of Riga,Opensea Gulf of Riga,8674.48923994,954770.496399,30193177349.7,24.1167|57.6
24.2976,57.5922,2019-05-16T08:55:00Z,2,11,SEA-011,Opensea,Gulf of Riga,Opensea Gulf of Riga,Gulf of Riga,Opensea Gulf of Riga,8674.48923994,954770.496399,30193177349.7,24.2976|57.5922
24.3367,57.5933,2019-05-16T09:55:00Z,2.2,13,LAT-004,Latvia,Gulf of Riga,"Gulf of Riga stony coast, waterbodies D&F",,"Gulf of Riga stony coast, waterbodies D&F",308.69830546,436367.284109,1064792248.48,24.3367|57.5933
24.3533,57.4483,2019-05-16T11:20:00Z,2.1,13,LAT-004,Latvia,Gulf of Riga,"Gulf of Riga stony coast, waterbodies D&F",,"Gulf of Riga stony coast, waterbodies D&F",308.69830546,436367.284109,1064792248.48,24.3533|57.4483
24.3733,57.315,2019-05-16T12:45:00Z,2.1,13,LAT-004,Latvia,Gulf of Riga,"Gulf of Riga stony coast, waterbodies D&F",,"Gulf of Riga stony coast, waterbodies D&F",308.69830546,436367.284109,1064792248.48,24.3733|57.315
24.2867,57.3133,2019-05-16T13:25:00Z,2.2,13,SEA-011,Opensea,Gulf of Riga,Opensea Gulf of Riga,Gulf of Riga,Opensea Gulf of Riga,8674.48923994,954770.496399,30193177349.7,24.2867|57.3133
24.0833,57.35,2019-05-16T15:00:00Z,2,13,SEA-011,Opensea,Gulf of Riga,Opensea Gulf of Riga,Gulf of Riga,Opensea Gulf of Riga,8674.48923994,954770.496399,30193177349.7,24.0833|57.35
23.85,57.3,2019-05-16T16:40:00Z,2.1,13,SEA-011,Opensea,Gulf of Riga,Opensea Gulf of Riga,Gulf of Riga,Opensea Gulf of Riga,8674.48923994,954770.496399,30193177349.7,23.85|57.3
24.25,57.1683,2019-08-01T11:18:00Z,2.1,17,LAT-005,Latvia,Gulf of Riga,Gulf of Riga transitional waters,,Gulf of Riga transitional waters,855.811191767,243360.758113,2896144600.07,24.25|57.1683
23.85,57.3,2019-08-01T13:18:00Z,2.5,13,SEA-011,Opensea,Gulf of Riga,Opensea Gulf of Riga,Gulf of Riga,Opensea Gulf of Riga,8674.48923994,954770.496399,30193177349.7,23.85|57.3
23.7433,56.98,2019-08-01T14:56:00Z,2.2,13,LAT-005,Latvia,Gulf of Riga,Gulf of Riga transitional waters,,Gulf of Riga transitional waters,855.811191767,243360.758113,2896144600.07,23.7433|56.98
23.9833,57.1,2019-08-01T16:37:00Z,2.7,11,LAT-005,Latvia,Gulf of Riga,Gulf of Riga transitional waters,,Gulf of Riga transitional waters,855.811191767,243360.758113,2896144600.07,23.9833|57.1
24.0017,57.0833,2019-09-26T11:45:00Z,3.5,19,LAT-005,Latvia,Gulf of Riga,Gulf of Riga transitional waters,,Gulf of Riga transitional waters,855.811191767,243360.758113,2896144600.07,24.0017|57.0833
23.9833,57.1,2019-09-26T12:25:00Z,3.7,19,LAT-005,Latvia,Gulf of Riga,Gulf of Riga transitional waters,,Gulf of Riga transitional waters,855.811191767,243360.758113,2896144600.07,23.9833|57.1
23.92,57.025,2019-09-26T13:25:00Z,4.8,13,LAT-005,Latvia,Gulf of Riga,Gulf of Riga transitional waters,,Gulf of Riga transitional waters,855.811191767,243360.758113,2896144600.07,23.92|57.025
24.3733,57.315,2019-09-27T11:10:00Z,3.8,9,LAT-004,Latvia,Gulf of Riga,"Gulf of Riga stony coast, waterbodies D&F",,"Gulf of Riga stony coast, waterbodies D&F",308.69830546,436367.284109,1064792248.48,24.3733|57.315
24.25,57.1683,2019-09-27T12:15:00Z,3.5,9,LAT-005,Latvia,Gulf of Riga,Gulf of Riga transitional waters,,Gulf of Riga transitional waters,855.811191767,243360.758113,2896144600.07,24.25|57.1683
24.3533,57.4483,2019-11-26T11:15:00Z,3.5,11,LAT-004,Latvia,Gulf of Riga,"Gulf of Riga stony coast, waterbodies D&F",,"Gulf of Riga stony coast, waterbodies D&F",308.69830546,436367.284109,1064792248.48,24.3533|57.4483
24.3733,57.315,2019-11-26T12:05:00Z,3.7,11,LAT-004,Latvia,Gulf of Riga,"Gulf of Riga stony coast, waterbodies D&F",,"Gulf of Riga stony coast, waterbodies D&F",308.69830546,436367.284109,1064792248.48,24.3733|57.315
24.25,57.1683,2019-11-26T12:55:00Z,1.8,19,LAT-005,Latvia,Gulf of Riga,Gulf of Riga transitional waters,,Gulf of Riga transitional waters,855.811191767,243360.758113,2896144600.07,24.25|57.1683
23.9833,57.1,2019-11-26T13:45:00Z,1.8,19,LAT-005,Latvia,Gulf of Riga,Gulf of Riga transitional waters,,Gulf of Riga transitional waters,855.811191767,243360.758113,2896144600.07,23.9833|57.1
24.0017,57.0833,2019-11-26T14:15:00Z,1.5,21,LAT-005,Latvia,Gulf of Riga,Gulf of Riga transitional waters,,Gulf of Riga transitional waters,855.811191767,243360.758113,2896144600.07,24.0017|57.0833
23.92,57.025,2019-12-17T10:20:00Z,2.5,17,LAT-005,Latvia,Gulf of Riga,Gulf of Riga transitional waters,,Gulf of Riga transitional waters,855.811191767,243360.758113,2896144600.07,23.92|57.025
23.7433,56.98,2019-12-17T11:00:00Z,2,9,LAT-005,Latvia,Gulf of Riga,Gulf of Riga transitional waters,,Gulf of Riga transitional waters,855.811191767,243360.758113,2896144600.07,23.7433|56.98
23.4867,57.0467,2019-12-17T11:45:00Z,2.5,9,LAT-003,Latvia,Gulf of Riga,"Gulf of Riga sandy coast, waterbodies C&E",,"Gulf of Riga sandy coast, waterbodies C&E",387.080162999,296440.220511,1327844259.75,23.4867|57.0467
23.254,57.1667,2019-12-17T12:35:00Z,2.5,9,LAT-003,Latvia,Gulf of Riga,"Gulf of Riga sandy coast, waterbodies C&E",,"Gulf of Riga sandy coast, waterbodies C&E",387.080162999,296440.220511,1327844259.75,23.254|57.1667
23.07,57.3967,2019-12-17T13:40:00Z,3,9,LAT-004,Latvia,Gulf of Riga,"Gulf of Riga stony coast, waterbodies D&F",,"Gulf of Riga stony coast, waterbodies D&F",308.69830546,436367.284109,1064792248.48,23.07|57.3967
23.4833,57.4,2019-12-17T14:50:00Z,2.9,9,SEA-011,Opensea,Gulf of Riga,Opensea Gulf of Riga,Gulf of Riga,Opensea Gulf of Riga,8674.48923994,954770.496399,30193177349.7,23.4833|57.4
22.41,57.8433,1988-02-05T11:55:00Z,1.5,17,SEA-011,Opensea,Gulf of Riga,Opensea Gulf of Riga,Gulf of Riga,Opensea Gulf of Riga,8674.48923994,954770.496399,30193177349.7,22.41|57.8433
22.9833,57.5667,1988-02-05T16:15:00Z,1.7,16,SEA-011,Opensea,Gulf of Riga,Opensea Gulf of Riga,Gulf of Riga,Opensea Gulf of Riga,8674.48923994,954770.496399,30193177349.7,22.9833|57.5667
23.85,57.3,1988-02-06T10:55:00Z,2.2,14,SEA-011,Opensea,Gulf of Riga,Opensea Gulf of Riga,Gulf of Riga,Opensea Gulf of Riga,8674.48923994,954770.496399,30193177349.7,23.85|57.3
23.6167,57.6167,1988-02-06T13:40:00Z,2.6,12,SEA-011,Opensea,Gulf of Riga,Opensea Gulf of Riga,Gulf of Riga,Opensea Gulf of Riga,8674.48923994,954770.496399,30193177349.7,23.6167|57.6167
23.35,57.96,1988-02-06T16:50:00Z,1.6,19,EST-019,Estonia,Gulf of Riga,Central part of the Gulf of Riga CWB,,EE_19,1960.16337669,379661.151667,6969951504.02,23.35|57.96
24.0833,57.35,1988-02-07T12:30:00Z,2.2,13,SEA-011,Opensea,Gulf of Riga,Opensea Gulf of Riga,Gulf of Riga,Opensea Gulf of Riga,8674.48923994,954770.496399,30193177349.7,24.0833|57.35
23.4833,57.4,1988-02-07T15:15:00Z,2.4,12,SEA-011,Opensea,Gulf of Riga,Opensea Gulf of Riga,Gulf of Riga,Opensea Gulf of Riga,8674.48923994,954770.496399,30193177349.7,23.4833|57.4
22.8833,57.7976,1988-04-12T20:30:00Z,4.4,11,SEA-011,Opensea,Gulf of Riga,Opensea Gulf of Riga,Gulf of Riga,Opensea Gulf of Riga,8674.48923994,954770.496399,30193177349.7,22.8833|57.7976
23.4,58.2,1988-04-13T08:20:00Z,3.8,13,EST-019,Estonia,Gulf of Riga,Central part of the Gulf of Riga CWB,,EE_19,1960.16337669,379661.151667,6969951504.02,23.4|58.2
24.1318,57.9683,1988-04-13T16:10:00Z,3.7,14,SEA-011,Opensea,Gulf of Riga,Opensea Gulf of Riga,Gulf of Riga,Opensea Gulf of Riga,8674.48923994,954770.496399,30193177349.7,24.1318|57.9683
24.1167,57.6,1988-04-13T19:40:00Z,1.4,17,SEA-011,Opensea,Gulf of Riga,Opensea Gulf of Riga,Gulf of Riga,Opensea Gulf of Riga,8674.48923994,954770.496399,30193177349.7,24.1167|57.6
23.9833,57.1,1988-05-05T18:45:00Z,2,20,LAT-005,Latvia,Gulf of Riga,Gulf of Riga transitional waters,,Gulf of Riga transitional waters,855.811191767,243360.758113,2896144600.07,23.9833|57.1
23.85,57.3,1988-05-05T21:10:00Z,2.6,16,SEA-011,Opensea,Gulf of Riga,Opensea Gulf of Riga,Gulf of Riga,Opensea Gulf of Riga,8674.48923994,954770.496399,30193177349.7,23.85|57.3
23.4833,57.4,1988-05-06T08:20:00Z,2.8,15,SEA-011,Opensea,Gulf of Riga,Opensea Gulf of Riga,Gulf of Riga,Opensea Gulf of Riga,8674.48923994,954770.496399,30193177349.7,23.4833|57.4
24.0833,57.35,1988-05-06T11:20:00Z,2.8,14,SEA-011,Opensea,Gulf of Riga,Opensea Gulf of Riga,Gulf of Riga,Opensea Gulf of Riga,8674.48923994,954770.496399,30193177349.7,24.0833|57.35
24.1167,57.6,1988-05-06T16:20:00Z,2.5,15,SEA-011,Opensea,Gulf of Riga,Opensea Gulf of Riga,Gulf of Riga,Opensea Gulf of Riga,8674.48923994,954770.496399,30193177349.7,24.1167|57.6
23.6167,57.6167,1988-05-06T18:55:00Z,2.5,15,SEA-011,Opensea,Gulf of Riga,Opensea Gulf of Riga,Gulf of Riga,Opensea Gulf of Riga,8674.48923994,954770.496399,30193177349.7,23.6167|57.6167
22.8833,57.7976,1988-05-07T08:40:00Z,3.5,13,SEA-011,Opensea,Gulf of Riga,Opensea Gulf of Riga,Gulf of Riga,Opensea Gulf of Riga,8674.48923994,954770.496399,30193177349.7,22.8833|57.7976
22.9833,57.5667,1988-05-07T11:40:00Z,2.6,16,SEA-011,Opensea,Gulf of Riga,Opensea Gulf of Riga,Gulf of Riga,Opensea Gulf of Riga,8674.48923994,954770.496399,30193177349.7,22.9833|57.5667
23.35,57.96,1988-05-07T15:10:00Z,3,16,EST-019,Estonia,Gulf of Riga,Central part of the Gulf of Riga CWB,,EE_19,1960.16337669,379661.151667,6969951504.02,23.35|57.96
23.4,58.2,1988-05-07T17:40:00Z,2.8,15,EST-019,Estonia,Gulf of Riga,Central part of the Gulf of Riga CWB,,EE_19,1960.16337669,379661.151667,6969951504.02,23.4|58.2
24.1318,57.9683,1988-05-07T20:50:00Z,2.9,14,SEA-011,Opensea,Gulf of Riga,Opensea Gulf of Riga,Gulf of Riga,Opensea Gulf of Riga,8674.48923994,954770.496399,30193177349.7,24.1318|57.9683
22.41,57.8433,1988-05-09T16:00:00Z,2.6,14,SEA-011,Opensea,Gulf of Riga,Opensea Gulf of Riga,Gulf of Riga,Opensea Gulf of Riga,8674.48923994,954770.496399,30193177349.7,22.41|57.8433
23.4,58.2,1988-05-22T10:00:00Z,4.5,15,EST-019,Estonia,Gulf of Riga,Central part of the Gulf of Riga CWB,,EE_19,1960.16337669,379661.151667,6969951504.02,23.4|58.2
23.4718,58.4311,1988-05-22T12:10:00Z,4,17,EST-018,Estonia,Gulf of Riga,NE part of the Gulf of Riga CWB,,EE_18,1926.65785695,1086062.9138,6931317200.6,23.4718|58.4311
23.0503,57.9508,1988-05-22T18:30:00Z,3.5,17,EST-019,Estonia,Gulf of Riga,Central part of the Gulf of Riga CWB,,EE_19,1960.16337669,379661.151667,6969951504.02,23.0503|57.9508
23.35,57.96,1988-05-22T20:00:00Z,4.3,16,EST-019,Estonia,Gulf of Riga,Central part of the Gulf of Riga CWB,,EE_19,1960.16337669,379661.151667,6969951504.02,23.35|57.96
22.41,57.8433,1988-05-23T13:30:00Z,5,12,SEA-011,Opensea,Gulf of Riga,Opensea Gulf of Riga,Gulf of Riga,Opensea Gulf of Riga,8674.48923994,954770.496399,30193177349.7,22.41|57.8433
22.8833,57.7976,1988-05-23T17:50:00Z,4,18,SEA-011,Opensea,Gulf of Riga,Opensea Gulf of Riga,Gulf of Riga,Opensea Gulf of Riga,8674.48923994,954770.496399,30193177349.7,22.8833|57.7976
23.2507,57.5962,1988-05-24T11:25:00Z,3.5,16,SEA-011,Opensea,Gulf of Riga,Opensea Gulf of Riga,Gulf of Riga,Opensea Gulf of Riga,8674.48923994,954770.496399,30193177349.7,23.2507|57.5962
23.4833,57.4,1988-05-24T14:00:00Z,3,16,SEA-011,Opensea,Gulf of Riga,Opensea Gulf of Riga,Gulf of Riga,Opensea Gulf of Riga,8674.48923994,954770.496399,30193177349.7,23.4833|57.4
24.2518,57.7633,1988-05-25T08:10:00Z,5,16,SEA-011,Opensea,Gulf of Riga,Opensea Gulf of Riga,Gulf of Riga,Opensea Gulf of Riga,8674.48923994,954770.496399,30193177349.7,24.2518|57.7633
23.4686,57.8333,1988-05-25T15:40:00Z,3,17,SEA-011,Opensea,Gulf of Riga,Opensea Gulf of Riga,Gulf of Riga,Opensea Gulf of Riga,8674.48923994,954770.496399,30193177349.7,23.4686|57.8333
24.1167,57.6,1988-05-25T18:25:00Z,5,11,SEA-011,Opensea,Gulf of Riga,Opensea Gulf of Riga,Gulf of Riga,Opensea Gulf of Riga,8674.48923994,954770.496399,30193177349.7,24.1167|57.6
23.7667,57.4167,1988-05-26T10:40:00Z,2.5,18,SEA-011,Opensea,Gulf of Riga,Opensea Gulf of Riga,Gulf of Riga,Opensea Gulf of Riga,8674.48923994,954770.496399,30193177349.7,23.7667|57.4167
24.0833,57.35,1988-05-26T12:35:00Z,3,16,SEA-011,Opensea,Gulf of Riga,Opensea Gulf of Riga,Gulf of Riga,Opensea Gulf of Riga,8674.48923994,954770.496399,30193177349.7,24.0833|57.35
23.85,57.3,1988-05-26T16:25:00Z,3.5,13,SEA-011,Opensea,Gulf of Riga,Opensea Gulf of Riga,Gulf of Riga,Opensea Gulf of Riga,8674.48923994,954770.496399,30193177349.7,23.85|57.3
23.9833,57.1,1988-05-26T18:40:00Z,2,20,LAT-005,Latvia,Gulf of Riga,Gulf of Riga transitional waters,,Gulf of Riga transitional waters,855.811191767,243360.758113,2896144600.07,23.9833|57.1
23.9833,57.1,1988-06-06T16:55:00Z,3.9,18,LAT-005,Latvia,Gulf of Riga,Gulf of Riga transitional waters,,Gulf of Riga transitional waters,855.811191767,243360.758113,2896144600.07,23.9833|57.1
23.85,57.3,1988-06-06T19:05:00Z,4,14,SEA-011,Opensea,Gulf of Riga,Opensea Gulf of Riga,Gulf of Riga,Opensea Gulf of Riga,8674.48923994,954770.496399,30193177349.7,23.85|57.3
24.0833,57.35,1988-06-06T20:50:00Z,4.2,14,SEA-011,Opensea,Gulf of Riga,Opensea Gulf of Riga,Gulf of Riga,Opensea Gulf of Riga,8674.48923994,954770.496399,30193177349.7,24.0833|57.35
22.41,57.8433,1988-06-07T08:30:00Z,4,12,SEA-011,Opensea,Gulf of Riga,Opensea Gulf of Riga,Gulf of Riga,Opensea Gulf of Riga,8674.48923994,954770.496399,30193177349.7,22.41|57.8433
22.8833,57.7976,1988-06-07T10:55:00Z,4.5,15,SEA-011,Opensea,Gulf of Riga,Opensea Gulf of Riga,Gulf of Riga,Opensea Gulf of Riga,8674.48923994,954770.496399,30193177349.7,22.8833|57.7976
23.4,58.2,1988-06-07T14:40:00Z,3.9,13,EST-019,Estonia,Gulf of Riga,Central part of the Gulf of Riga CWB,,EE_19,1960.16337669,379661.151667,6969951504.02,23.4|58.2
23.35,57.96,1988-06-07T17:00:00Z,4.2,13,EST-019,Estonia,Gulf of Riga,Central part of the Gulf of Riga CWB,,EE_19,1960.16337669,379661.151667,6969951504.02,23.35|57.96
23.6167,57.6167,1988-06-07T20:10:00Z,4.5,13,SEA-011,Opensea,Gulf of Riga,Opensea Gulf of Riga,Gulf of Riga,Opensea Gulf of Riga,8674.48923994,954770.496399,30193177349.7,23.6167|57.6167
24.1318,57.9683,1988-06-08T08:10:00Z,3.7,12,SEA-011,Opensea,Gulf of Riga,Opensea Gulf of Riga,Gulf of Riga,Opensea Gulf of Riga,8674.48923994,954770.496399,30193177349.7,24.1318|57.9683
24.1167,57.6,1988-06-08T13:15:00Z,4.2,14,SEA-011,Opensea,Gulf of Riga,Opensea Gulf of Riga,Gulf of Riga,Opensea Gulf of Riga,8674.48923994,954770.496399,30193177349.7,24.1167|57.6
23.4833,57.4,1988-06-08T16:20:00Z,3.9,13,SEA-011,Opensea,Gulf of Riga,Opensea Gulf of Riga,Gulf of Riga,Opensea Gulf of Riga,8674.48923994,954770.496399,30193177349.7,23.4833|57.4
22.9833,57.5667,1988-06-08T19:00:00Z,4.1,13,SEA-011,Opensea,Gulf of Riga,Opensea Gulf of Riga,Gulf of Riga,Opensea Gulf of Riga,8674.48923994,954770.496399,30193177349.7,22.9833|57.5667
23.4833,57.4,1988-08-04T14:20:00Z,4,14,SEA-011,Opensea,Gulf of Riga,Opensea Gulf of Riga,Gulf of Riga,Opensea Gulf of Riga,8674.48923994,954770.496399,30193177349.7,23.4833|57.4
23.85,57.3,1988-08-04T16:35:00Z,5,12,SEA-011,Opensea,Gulf of Riga,Opensea Gulf of Riga,Gulf of Riga,Opensea Gulf of Riga,8674.48923994,954770.496399,30193177349.7,23.85|57.3
22.9833,57.5667,1988-08-25T08:15:00Z,4.5,13,SEA-011,Opensea,Gulf of Riga,Opensea Gulf of Riga,Gulf of Riga,Opensea Gulf of Riga,8674.48923994,954770.496399,30193177349.7,22.9833|57.5667
22.54167,57.95,1988-05-23T12:00:00Z,4.3,11,SEA-011,Opensea,Gulf of Riga,Opensea Gulf of Riga,Gulf of Riga,Opensea Gulf of Riga,8674.48923994,954770.496399,30193177349.7,22.54167|57.95
22.71,57.88,1988-05-23T15:00:00Z,3.5,13,SEA-011,Opensea,Gulf of Riga,Opensea Gulf of Riga,Gulf of Riga,Opensea Gulf of Riga,8674.48923994,954770.496399,30193177349.7,22.71|57.88
23.35,57.96,2000-02-09T19:30:00Z,3.2,11,EST-019,Estonia,Gulf of Riga,Central part of the Gulf of Riga CWB,,EE_19,1960.16337669,379661.151667,6969951504.02,23.35|57.96
23.6167,57.6167,2000-02-10T07:25:00Z,3.2,11,SEA-011,Opensea,Gulf of Riga,Opensea Gulf of Riga,Gulf of Riga,Opensea Gulf of Riga,8674.48923994,954770.496399,30193177349.7,23.6167|57.6167
23.4833,57.4,2000-02-10T11:00:00Z,3.4,11,SEA-011,Opensea,Gulf of Riga,Opensea Gulf of Riga,Gulf of Riga,Opensea Gulf of Riga,8674.48923994,954770.496399,30193177349.7,23.4833|57.4
