longitude,latitude,HELCOM_ID,Year_adj_generated,group_labels,transparen
23.85,57.3,SEA-011,2004,winter,3.7375
24.0017,57.0833,LAT-005,2004,winter,1.65
23.9833,57.1,LAT-005,2004,winter,1.85
23.808,57.128166,LAT-005,2004,winter,1.4
23.6667,57.1667,SEA-011,2004,winter,3
23.4833,57.4,SEA-011,2004,winter,3.5
24.0833,57.35,SEA-011,2004,winter,2.8
24.0017,57.0833,LAT-005,2004,spring,1.52
23.9565,57.1243,LAT-005,2004,spring,3
23.9833,57.1,LAT-005,2004,spring,1.73333333333333
23.9333,57.1667,LAT-005,2004,spring,2.4
23.6667,57.1667,SEA-011,2004,spring,2.35
23.4833,57.4,SEA-011,2004,spring,3.4
22.9833,57.5667,SEA-011,2004,spring,3.75
24.1167,57.6,SEA-011,2004,spring,3.33333333333333
24.0833,57.35,SEA-011,2004,spring,3.33333333333333
23.85,57.3,SEA-011,2004,spring,2.7
24.0005,57.0838,LAT-005,2004,spring,0.7
24.0083,57.0883,LAT-005,2004,spring,0.8
24.011,57.0895,LAT-005,2004,spring,0.8
24.0147,57.092,LAT-005,2004,spring,0.8
24.0057,57.1052,LAT-005,2004,spring,0.9
23.9805,57.1275,LAT-005,2004,spring,1
23.9537,57.1467,LAT-005,2004,spring,1
23.9433,57.155,LAT-005,2004,spring,1
23.935,57.1642,LAT-005,2004,spring,1.1
23.9355,57.1748,LAT-005,2004,spring,1.1
23.8573,57.2698,SEA-011,2004,spring,1.5
23.8458,57.2898,SEA-011,2004,spring,1.2
23.8143,57.3538,SEA-011,2004,spring,1.4
23.7848,57.3908,SEA-011,2004,spring,2
23.6805,57.3788,SEA-011,2004,spring,2.3
23.697,57.3673,SEA-011,2004,spring,2
23.7785,57.3005,SEA-011,2004,spring,1.7
23.8025,57.2785,SEA-011,2004,spring,1.7
23.8378,57.2407,SEA-011,2004,spring,1.7
23.8805,57.2,LAT-005,2004,spring,1
23.937,57.1453,LAT-005,2004,spring,1
23.9668,57.1087,LAT-005,2004,spring,0.8
22.8167,57.5333,LAT-003,2004,spring,3.75
23.7667,57.4167,SEA-011,2004,spring,2.8
23.6167,57.6167,SEA-011,2004,spring,2.45
24.097,57.0986,LAT-005,2004,spring,1.9
24.25,57.1683,LAT-005,2004,spring,1.9
24.2167,57.1833,LAT-005,2004,spring,2.55
24.3667,57.24,LAT-005,2004,spring,2
24.3733,57.315,LAT-004,2004,spring,1.8
24.3533,57.4483,LAT-004,2004,spring,1.85
24.3367,57.5933,LAT-004,2004,spring,2.1
24.2976,57.5922,SEA-011,2004,spring,2.3
24.315,57.7467,LAT-004,2004,spring,2.5
24.2005,57.7663,SEA-011,2004,spring,2.7
24.3085,57.856,LAT-004,2004,spring,2.8
24.2433,57.88,SEA-011,2004,spring,2.8
24.0665,57.8827,SEA-011,2004,spring,3
23.9167,57.85,SEA-011,2004,spring,3.1
23.9792,57.0737,LAT-005,2004,spring,2.5
22.41,57.8433,SEA-011,2004,spring,4
22.8833,57.7976,SEA-011,2004,spring,4.2
22.6167,57.7333,LAT-003,2004,spring,4.8
23.07,57.3967,LAT-004,2004,spring,3.2
23.2508,57.3331,SEA-011,2004,spring,3.2
23.1765,57.3268,LAT-004,2004,spring,3
23.3267,57.1682,SEA-011,2004,spring,2.9
23.254,57.1667,LAT-003,2004,spring,2.8
23.4867,57.0467,LAT-003,2004,spring,2.8
23.705,56.9767,LAT-005,2004,spring,2.9
23.7433,56.98,LAT-005,2004,spring,3
23.8129,57.0862,LAT-005,2004,spring,3.2
23.8883,57.055,LAT-005,2004,spring,3.1
23.92,57.025,LAT-005,2004,spring,2.7
23.9683,57.0433,LAT-005,2004,spring,2.5
24.0017,57.0833,LAT-005,2004,summer,2
23.9833,57.1,LAT-005,2004,summer,2.43333333333333
24.25,57.1683,LAT-005,2004,summer,2.43333333333333
24.3733,57.315,LAT-004,2004,summer,2.7
24.3533,57.4483,LAT-004,2004,summer,2.95
24.2717,57.4415,SEA-011,2004,summer,2.8
24.0833,57.35,SEA-011,2004,summer,2.9
23.85,57.3,SEA-011,2004,summer,2.9
23.6667,57.1667,SEA-011,2004,summer,2.8
23.4867,57.0467,LAT-003,2004,summer,2.25
23.92,57.025,LAT-005,2004,summer,2
24.1167,57.6,SEA-011,2004,summer,3.05
22.6167,57.7333,LAT-003,2004,summer,3.5
22.8833,57.7976,SEA-011,2004,summer,3
22.41,57.8433,SEA-011,2004,summer,3.5
22.8167,57.5333,LAT-003,2004,summer,3
22.9833,57.5667,SEA-011,2004,summer,3
23.07,57.3967,LAT-004,2004,summer,2.6
23.1765,57.3268,LAT-004,2004,summer,2.8
23.4833,57.4,SEA-011,2004,summer,2.6
23.254,57.1667,LAT-003,2004,summer,2.4
24.3367,57.5933,LAT-004,2004,summer,2.6
24.315,57.7467,LAT-004,2004,summer,2.4
24.3085,57.856,LAT-004,2004,summer,2.3
24.2433,57.88,SEA-011,2004,summer,2.5
24.0665,57.8827,SEA-011,2004,summer,3.2
23.9167,57.85,SEA-011,2004,summer,3.2
23.6167,57.6167,SEA-011,2004,summer,3.2
24.3667,57.24,LAT-005,2004,summer,2.9
24.097,57.0986,LAT-005,2004,summer,2.6
23.9792,57.0737,LAT-005,2004,summer,2.1
23.9683,57.0433,LAT-005,2004,summer,2.5
23.7433,56.98,LAT-005,2004,summer,2
23.705,56.9767,LAT-005,2004,summer,2
23.9333,57.1667,LAT-005,2004,summer,3
24.0017,57.0833,LAT-005,2004,autumn,2.6
23.9833,57.1,LAT-005,2004,autumn,2.775
24.097,57.0986,LAT-005,2004,autumn,2.53333333333333
24.25,57.1683,LAT-005,2004,autumn,2.1
24.3667,57.24,LAT-005,2004,autumn,2.65
24.3733,57.315,LAT-004,2004,autumn,2.7
23.6667,57.1667,SEA-011,2004,autumn,3.6
23.4833,57.4,SEA-011,2004,autumn,3.9
22.9833,57.5667,SEA-011,2004,autumn,3.73333333333333
22.8167,57.5333,LAT-003,2004,autumn,3
23.07,57.3967,LAT-004,2004,autumn,2.9
23.4867,57.0467,LAT-003,2004,autumn,2.825
23.7433,56.98,LAT-005,2004,autumn,3.1
23.92,57.025,LAT-005,2004,autumn,2.575
23.9683,57.0433,LAT-005,2004,autumn,2.5
23.9792,57.0737,LAT-005,2004,autumn,2.73333333333333
24.3367,57.5933,LAT-004,2004,autumn,3.15
24.1167,57.6,SEA-011,2004,autumn,4.1
23.6167,57.6167,SEA-011,2004,autumn,5
23.705,56.9767,LAT-005,2004,autumn,2.95
22.6167,57.7333,LAT-003,2004,autumn,3.8
22.8833,57.7976,SEA-011,2004,autumn,3.6
23.9333,57.1667,LAT-005,2004,autumn,4.1
23.85,57.3,SEA-011,2004,autumn,4.5
23.7667,57.4167,SEA-011,2004,autumn,4.8
24.2433,57.88,SEA-011,2004,autumn,2
24.3533,57.4483,LAT-004,2004,autumn,3.7
23.1765,57.3268,LAT-004,2004,autumn,2.5
23.254,57.1667,LAT-003,2004,autumn,2.3
23.85,57.3,SEA-011,2005,winter,2.35
23.6667,57.1667,SEA-011,2005,winter,2.7
23.4867,57.0467,LAT-003,2005,winter,2.3
23.92,57.025,LAT-005,2005,winter,1.65
24.0017,57.0833,LAT-005,1996,spring,1.9
23.9833,57.1,LAT-005,1996,spring,2
23.92,57.025,LAT-005,1996,spring,2.2
22.9833,57.5667,SEA-011,1996,spring,3.25
23.6167,57.6167,SEA-011,1996,spring,3.05
24.1167,57.6,SEA-011,1996,spring,2.25
24.0833,57.35,SEA-011,1996,spring,2.1
24.3733,57.315,LAT-004,1996,spring,2.65
23.85,57.3,SEA-011,1996,spring,2.55
23.6667,57.1667,SEA-011,1996,spring,2.15
23.4867,57.0467,LAT-003,1996,spring,1.8
23.4833,57.4,SEA-011,1996,spring,3
24.25,57.1683,LAT-005,1996,spring,2.2
23.85,57.3,SEA-011,1996,summer,3.3
23.9333,57.1667,LAT-005,1996,summer,3.75
23.9833,57.1,LAT-005,1996,summer,2
24.0017,57.0833,LAT-005,1996,summer,2.1
23.92,57.025,LAT-005,1996,summer,2.25
23.4867,57.0467,LAT-003,1996,summer,3.13333333333333
24.3733,57.315,LAT-004,1996,summer,2.8
24.25,57.1683,LAT-005,1996,summer,2.7
23.7667,57.4167,SEA-011,1996,summer,3.55
23.6167,57.6167,SEA-011,1996,summer,3.7
23.6667,57.1667,SEA-011,1996,summer,3.3
23.705,56.9767,LAT-005,1996,summer,3.1
23.7433,56.98,LAT-005,1996,summer,2.95
23.9683,57.0433,LAT-005,1996,summer,3
24.097,57.0986,LAT-005,1996,summer,3.25
24.3667,57.24,LAT-005,1996,summer,2.9
24.0833,57.35,SEA-011,1996,summer,4
23.4833,57.4,SEA-011,1996,summer,3.5
24.0017,57.0833,LAT-005,1996,autumn,2.6
23.9833,57.1,LAT-005,1996,autumn,2.86666666666667
24.25,57.1683,LAT-005,1996,autumn,3
24.3733,57.315,LAT-004,1996,autumn,3.8
24.0833,57.35,SEA-011,1996,autumn,2
23.6167,57.6167,SEA-011,1996,autumn,3.6
23.85,57.3,SEA-011,1996,autumn,3.7
23.6667,57.1667,SEA-011,1996,autumn,3.8
23.4867,57.0467,LAT-003,1996,autumn,2.4
23.92,57.025,LAT-005,1996,autumn,2.1
23.9333,57.1667,LAT-005,1996,autumn,4.8
24.0017,57.0833,LAT-005,2008,winter,2
23.9833,57.1,LAT-005,2008,winter,2.8
23.9333,57.1667,LAT-005,2008,winter,1.9
23.85,57.3,SEA-011,2008,winter,2.2
22.41,57.8433,SEA-011,2008,spring,2.9
22.8833,57.7976,SEA-011,2008,spring,2.55
22.9833,57.5667,SEA-011,2008,spring,2.55
23.6167,57.6167,SEA-011,2008,spring,2.35
23.4833,57.4,SEA-011,2008,spring,2.4
23.07,57.3967,LAT-004,2008,spring,3
23.254,57.1667,LAT-003,2008,spring,2.85
23.4867,57.0467,LAT-003,2008,spring,3.1
23.7433,56.98,LAT-005,2008,spring,2.95
23.92,57.025,LAT-005,2008,spring,2.2
23.8883,57.055,LAT-005,2008,spring,1.85
24.0017,57.0833,LAT-005,2008,spring,1.3
23.9833,57.1,LAT-005,2008,spring,1.55
23.9333,57.1667,LAT-005,2008,spring,1.95
24.0833,57.35,SEA-011,2008,spring,3
24.3533,57.4483,LAT-004,2008,spring,2.43333333333333
24.3733,57.315,LAT-004,2008,spring,1.9
24.25,57.1683,LAT-005,2008,spring,1.45
24.2167,57.1833,LAT-005,2008,spring,1.9
24.2433,57.88,SEA-011,2008,spring,2.7
23.9167,57.85,SEA-011,2008,spring,3.45
24.315,57.7467,LAT-004,2008,spring,2.15
24.1167,57.6,SEA-011,2008,spring,3.05
23.7667,57.4167,SEA-011,2008,spring,3.4
22.6167,57.7333,LAT-003,2008,spring,4.2
22.8167,57.5333,LAT-003,2008,spring,3
23.6667,57.1667,SEA-011,2008,spring,2.1
23.9565,57.1243,LAT-005,2008,spring,1.8
23.85,57.3,SEA-011,2008,spring,3
24.3367,57.5933,LAT-004,2008,spring,2.25
24.2867,57.3133,SEA-011,2008,spring,2.5
24.0017,57.0833,LAT-005,2008,summer,2
23.9833,57.1,LAT-005,2008,summer,2.13333333333333
24.2167,57.1833,LAT-005,2008,summer,3.53333333333333
24.3733,57.315,LAT-004,2008,summer,3.43333333333333
23.9333,57.1667,LAT-005,2008,summer,3.1
23.7433,56.98,LAT-005,2008,summer,2.63333333333333
23.8883,57.055,LAT-005,2008,summer,2.46666666666667
23.92,57.025,LAT-005,2008,summer,2.55
23.85,57.3,SEA-011,2008,summer,4.75
23.6667,57.1667,SEA-011,2008,summer,3
23.4867,57.0467,LAT-003,2008,summer,3
24.25,57.1683,LAT-005,2008,summer,2.85
24.0833,57.35,SEA-011,2008,summer,4
23.92,57.025,LAT-005,2008,autumn,1.85
23.8883,57.055,LAT-005,2008,autumn,2.2
23.9833,57.1,LAT-005,2008,autumn,2.15
24.0017,57.0833,LAT-005,2008,autumn,1.8
24.2167,57.1833,LAT-005,2008,autumn,3
23.7433,56.98,LAT-005,2008,autumn,3
23.4867,57.0467,LAT-003,2008,autumn,2.7
23.6667,57.1667,SEA-011,2008,autumn,2.25
23.9333,57.1667,LAT-005,2008,autumn,3.1
23.85,57.3,SEA-011,2008,autumn,3.65
24.0833,57.35,SEA-011,2008,autumn,3.65
24.3533,57.4483,LAT-004,2008,autumn,2.65
24.3367,57.5933,LAT-004,2008,autumn,1.5
24.1167,57.6,SEA-011,2008,autumn,2.2
24.315,57.7467,LAT-004,2008,autumn,1.7
24.2433,57.88,SEA-011,2008,autumn,2.5
23.9167,57.85,SEA-011,2008,autumn,3.9
22.41,57.8433,SEA-011,2008,autumn,3.7
22.8833,57.7976,SEA-011,2008,autumn,3.65
22.6167,57.7333,LAT-003,2008,autumn,2.9
22.8167,57.5333,LAT-003,2008,autumn,3.6
22.9833,57.5667,SEA-011,2008,autumn,3.1
23.6167,57.6167,SEA-011,2008,autumn,3.8
23.07,57.3967,LAT-004,2008,autumn,4
23.4833,57.4,SEA-011,2008,autumn,2.15
23.254,57.1667,LAT-003,2008,autumn,2
23.7667,57.4167,SEA-011,2008,autumn,3.2
24.25,57.1683,LAT-005,2008,autumn,1
24.3733,57.315,LAT-004,2008,autumn,1.5
22.6167,57.7333,LAT-003,2016,winter,4
22.9833,57.5667,SEA-011,2016,winter,4
23.07,57.3967,LAT-004,2016,winter,4
23.4833,57.4,SEA-011,2016,winter,4
23.9333,57.1667,LAT-005,2016,winter,4.5
23.85,57.3,SEA-011,2016,winter,4.5
24.25,57.1683,LAT-005,2016,winter,4
24.0017,57.0833,LAT-005,2016,winter,3
23.9833,57.1,LAT-005,2016,spring,2.56
24.0017,57.0833,LAT-005,2016,spring,2.08
23.9833,57.1,LAT-005,2016,autumn,2.075
24.0017,57.0833,LAT-005,2016,autumn,1.6
22.41,57.8433,SEA-011,2016,spring,4
22.8833,57.7976,SEA-011,2016,spring,3.2
22.8167,57.5333,LAT-003,2016,spring,3.5
22.9833,57.5667,SEA-011,2016,spring,3.5
23.07,57.3967,LAT-004,2016,spring,3
23.2373,57.3589,SEA-011,2016,spring,3
23.4833,57.4,SEA-011,2016,spring,2.2
23.7667,57.4167,SEA-011,2016,spring,2
23.85,57.3,SEA-011,2016,spring,1.8
24.0833,57.35,SEA-011,2016,spring,2.75
23.6167,57.6167,SEA-011,2016,spring,1.8
23.9167,57.85,SEA-011,2016,spring,2.75
23.4867,57.0467,LAT-003,2016,winter,4.5
23.7433,56.98,LAT-005,2016,winter,3.5
23.92,57.025,LAT-005,2016,winter,4
24.2433,57.88,SEA-011,2016,spring,2.85
24.315,57.7467,LAT-004,2016,spring,2.6
24.1167,57.6,SEA-011,2016,spring,2.75
24.2976,57.5922,SEA-011,2016,spring,2.35
24.3367,57.5933,LAT-004,2016,spring,2.75
24.3533,57.4483,LAT-004,2016,spring,2.5
24.25,57.1683,LAT-005,2016,spring,2
24.2167,57.1833,LAT-005,2016,spring,2.5
23.9333,57.1667,LAT-005,2016,spring,1.5
23.9565,57.1243,LAT-005,2016,spring,1.8
23.8883,57.055,LAT-005,2016,spring,1.8
23.92,57.025,LAT-005,2016,spring,1.5
23.7433,56.98,LAT-005,2016,spring,1.5
23.4867,57.0467,LAT-003,2016,spring,2.1
23.6667,57.1667,SEA-011,2016,spring,1.5
23.85,57.3,SEA-011,2016,summer,3.06666666666667
24.0017,57.0833,LAT-005,2016,summer,1.7
23.9833,57.1,LAT-005,2016,summer,2.32
23.4,58.2,EST-019,2016,spring,3.6
24.2867,57.3133,SEA-011,2016,spring,2.5
24.3733,57.315,LAT-004,2016,spring,2.5
23.6167,57.6167,SEA-011,2016,summer,3.5
23.4833,57.4,SEA-011,2016,summer,3.5
23.7667,57.4167,SEA-011,2016,summer,4
23.9333,57.1667,LAT-005,2016,summer,4
23.92,57.025,LAT-005,2016,summer,1.5
23.8883,57.055,LAT-005,2016,summer,2
23.7433,56.98,LAT-005,2016,summer,3
23.6667,57.1667,SEA-011,2016,summer,3
23.4867,57.0467,LAT-003,2016,summer,2.8
23.254,57.1667,LAT-003,2016,summer,2.5
23.2373,57.3589,SEA-011,2016,summer,3.9
23.07,57.3967,LAT-004,2016,summer,2.5
22.9833,57.5667,SEA-011,2016,summer,3.5
22.8167,57.5333,LAT-003,2016,summer,3
22.6167,57.7333,LAT-003,2016,summer,3
22.8833,57.7976,SEA-011,2016,summer,3
22.41,57.8433,SEA-011,2016,summer,2.2
23.85,57.3,SEA-011,2016,autumn,3.43333333333333
23.9333,57.1667,LAT-005,2016,autumn,2
22.8833,57.7976,SEA-011,2016,autumn,3
22.6167,57.7333,LAT-003,2016,autumn,3
22.8167,57.5333,LAT-003,2016,autumn,2.8
24.2433,57.88,SEA-011,2016,autumn,2.8
24.315,57.7467,LAT-004,2016,autumn,3
24.1167,57.6,SEA-011,2016,autumn,4
24.2976,57.5922,SEA-011,2016,autumn,2.7
24.3367,57.5933,LAT-004,2016,autumn,4
23.8883,57.055,LAT-005,2016,autumn,2.8
23.92,57.025,LAT-005,2016,autumn,2.2
23.7433,56.98,LAT-005,2016,autumn,1.7
23.4867,57.0467,LAT-003,2016,autumn,2.5
23.9833,57.1,LAT-005,1976,spring,1.6
23.85,57.3,SEA-011,1976,spring,2.75
24.0833,57.35,SEA-011,1976,spring,2.25
23.7667,57.4167,SEA-011,1976,spring,3.75
23.4833,57.4,SEA-011,1976,spring,4.25
22.8833,57.7976,SEA-011,1976,spring,3.75
23.8667,57.6,SEA-011,1976,spring,3.1
23.6167,57.6167,SEA-011,1976,spring,3.75
22.9833,57.5667,SEA-011,1976,spring,4.6
23.35,57.96,EST-019,1976,spring,4.75
24.1167,57.6,SEA-011,1976,spring,3.5
23.4,58.2,EST-019,1976,spring,5.5
24.1318,57.9683,SEA-011,1976,spring,2.95
23.9833,57.1,LAT-005,1976,summer,2.5
23.85,57.3,SEA-011,1976,summer,5
23.7667,57.4167,SEA-011,1976,summer,5
23.6167,57.6167,SEA-011,1976,summer,5.75
23.4833,57.4,SEA-011,1976,summer,5.33333333333333
24.0833,57.35,SEA-011,1976,summer,5.25
23.4,58.2,EST-019,1976,summer,5.5
23.35,57.96,EST-019,1976,summer,5.5
22.8833,57.7976,SEA-011,1976,summer,5.5
22.9833,57.5667,SEA-011,1976,summer,4.5
24.1167,57.6,SEA-011,1976,summer,4.925
22.41,57.8433,SEA-011,1976,summer,6
24.1318,57.9683,SEA-011,1976,summer,3.9
22.54167,57.95,SEA-011,1976,spring,4.75
22.71,57.88,SEA-011,1976,spring,4.4
22.9333,57.7,SEA-011,1976,spring,4.25
22.8781,57.5354,SEA-011,1976,spring,3.75
23.4024,57.6021,SEA-011,1976,spring,4.25
23.2507,57.5962,SEA-011,1976,spring,5.25
23.4686,57.8333,SEA-011,1976,spring,4.75
23.9033,57.76,SEA-011,1976,spring,3.75
23.915,57.7933,SEA-011,1976,spring,4
23.9167,57.85,SEA-011,1976,spring,4
23.8833,57.9833,SEA-011,1976,spring,3.5
23.875,58.0117,SEA-011,1976,spring,2
23.905,58.045,EST-019,1976,spring,2.75
24.2,58.067,EST-018,1976,spring,2.75
24.233,58.108,EST-018,1976,spring,2.5
24.358,58.262,EST-013,1976,spring,2.25
24.4,58.3,EST-013,1976,spring,2
24.483,58.325,EST-013,1976,spring,2.5
23.9733,58.0667,SEA-011,1976,spring,2.5
23.875,58.025,SEA-011,1976,spring,3.5
23.8833,58.0017,SEA-011,1976,spring,3.5
24.2976,57.5922,SEA-011,1976,spring,4
23.8667,57.6,SEA-011,1976,summer,5.25
23.4024,57.6021,SEA-011,1976,summer,5.25
23.2507,57.5962,SEA-011,1976,summer,4.75
24.2976,57.5922,SEA-011,1976,summer,5.25
23.0503,57.9508,EST-019,1976,spring,6.5
23.0503,57.9508,EST-019,1976,summer,5.5
22.9333,57.7,SEA-011,1976,summer,5
22.71,57.88,SEA-011,1976,summer,6
22.8781,57.5354,SEA-011,1976,summer,5
22.3333,57.7667,SEA-011,1976,summer,6
24.483,58.325,EST-013,1976,summer,1.93333333333333
24.4,58.3,EST-013,1976,summer,2.16666666666667
24.358,58.262,EST-013,1976,summer,2.7
24.3367,57.5933,LAT-004,1976,summer,4.8
23.9033,57.76,SEA-011,1976,summer,4.5
24.2,58.067,EST-018,1976,summer,3.76666666666667
24.233,58.108,EST-018,1976,summer,3.5
23.915,57.7933,SEA-011,1976,summer,4.56666666666667
23.9167,57.85,SEA-011,1976,summer,4.33333333333333
23.9733,58.0667,SEA-011,1976,summer,2.75
23.905,58.045,EST-019,1976,summer,3.4
23.875,58.025,SEA-011,1976,summer,3.4
23.875,58.0117,SEA-011,1976,summer,3.25
23.8833,58.0017,SEA-011,1976,summer,3.25
23.8833,57.9833,SEA-011,1976,summer,3.65
23.9,57.9167,SEA-011,1976,summer,4
24.2334,57.5833,SEA-011,1976,summer,4.2
23.4686,57.8333,SEA-011,1976,summer,5
22.8833,57.7976,SEA-011,1976,autumn,4.5
24.483,58.325,EST-013,1976,autumn,1.5
24.4,58.3,EST-013,1976,autumn,1.5
24.358,58.262,EST-013,1976,autumn,1.5
24.233,58.108,EST-018,1976,autumn,2
24.2,58.067,EST-018,1976,autumn,2.5
23.4718,58.4311,EST-018,1976,autumn,3
23.9033,57.76,SEA-011,1976,autumn,4.5
23.915,57.7933,SEA-011,1976,autumn,1.5
23.9733,58.0667,SEA-011,1976,autumn,4
23.905,58.045,EST-019,1976,autumn,4
23.875,58.025,SEA-011,1976,autumn,4
23.875,58.0117,SEA-011,1976,autumn,4.5
23.8833,58.0017,SEA-011,1976,autumn,4.5
23.8833,57.9833,SEA-011,1976,autumn,4
22.41,57.8433,SEA-011,1988,winter,1.5
22.9833,57.5667,SEA-011,1988,winter,1.7
23.85,57.3,SEA-011,1988,winter,2.2
23.6167,57.6167,SEA-011,1988,winter,2.6
23.35,57.96,EST-019,1988,winter,1.6
24.0833,57.35,SEA-011,1988,winter,2.2
23.4833,57.4,SEA-011,1988,winter,2.4
22.8833,57.7976,SEA-011,1988,spring,3.96666666666667
23.4,58.2,EST-019,1988,spring,3.7
24.1318,57.9683,SEA-011,1988,spring,3.3
24.1167,57.6,SEA-011,1988,spring,2.96666666666667
23.9833,57.1,LAT-005,1988,spring,2
23.85,57.3,SEA-011,1988,spring,3.05
23.4833,57.4,SEA-011,1988,spring,2.9
24.0833,57.35,SEA-011,1988,spring,2.9
23.6167,57.6167,SEA-011,1988,spring,2.5
22.9833,57.5667,SEA-011,1988,spring,2.6
23.35,57.96,EST-019,1988,spring,3.65
22.41,57.8433,SEA-011,1988,spring,3.8
23.4718,58.4311,EST-018,1988,spring,4
23.0503,57.9508,EST-019,1988,spring,3.5
23.2507,57.5962,SEA-011,1988,spring,3.5
24.2518,57.7633,SEA-011,1988,spring,5
23.4686,57.8333,SEA-011,1988,spring,3
23.7667,57.4167,SEA-011,1988,spring,2.5
23.9833,57.1,LAT-005,1988,summer,3.9
23.85,57.3,SEA-011,1988,summer,4.5
24.0833,57.35,SEA-011,1988,summer,4.2
22.41,57.8433,SEA-011,1988,summer,4
22.8833,57.7976,SEA-011,1988,summer,4.5
23.4,58.2,EST-019,1988,summer,3.9
23.35,57.96,EST-019,1988,summer,4.2
23.6167,57.6167,SEA-011,1988,summer,4.5
24.1318,57.9683,SEA-011,1988,summer,3.7
24.1167,57.6,SEA-011,1988,summer,4.2
23.4833,57.4,SEA-011,1988,summer,3.95
22.9833,57.5667,SEA-011,1988,summer,4.3
22.54167,57.95,SEA-011,1988,spring,4.3
22.71,57.88,SEA-011,1988,spring,3.5
23.35,57.96,EST-019,2000,winter,3.2
23.6167,57.6167,SEA-011,2000,winter,3.45
23.4833,57.4,SEA-011,2000,winter,3.35
23.85,57.3,SEA-011,2000,winter,3.65
23.9833,57.1,LAT-005,2000,winter,2.2
24.0017,57.0833,LAT-005,2000,winter,2.2
23.85,57.3,SEA-011,2000,spring,3.03333333333333
23.9333,57.1667,LAT-005,2000,spring,2.74
23.9833,57.1,LAT-005,2000,spring,1.73333333333333
24.0017,57.0833,LAT-005,2000,spring,1.9
23.9792,57.0737,LAT-005,2000,spring,1.525
23.7667,57.4167,SEA-011,2000,spring,3.65
23.4833,57.4,SEA-011,2000,spring,2.73333333333333
23.2754,57.173,SEA-011,2000,spring,2.75
23.2123,57.3275,SEA-011,2000,spring,2.45
22.9833,57.5667,SEA-011,2000,spring,2.33333333333333
23.6167,57.6167,SEA-011,2000,spring,2.93333333333333
24.1167,57.6,SEA-011,2000,spring,2.63333333333333
24.3367,57.5933,LAT-004,2000,spring,2
24.3533,57.4483,LAT-004,2000,spring,1.85
24.0833,57.35,SEA-011,2000,spring,2.66666666666667
24.3733,57.315,LAT-004,2000,spring,1.83333333333333
24.3667,57.24,LAT-005,2000,spring,1.4
24.25,57.1683,LAT-005,2000,spring,1.26666666666667
24.097,57.0986,LAT-005,2000,spring,1.1
23.9683,57.0433,LAT-005,2000,spring,1.76666666666667
23.92,57.025,LAT-005,2000,spring,1.4
23.7433,56.98,LAT-005,2000,spring,1.73333333333333
23.705,56.9767,LAT-005,2000,spring,2.26666666666667
23.6667,57.1667,SEA-011,2000,spring,1.7
23.4867,57.0467,LAT-003,2000,spring,1.9
22.8167,57.5333,LAT-003,2000,spring,2
22.6167,57.7333,LAT-003,2000,spring,3.2
22.8833,57.7976,SEA-011,2000,spring,3.7
23.35,57.96,EST-019,2000,spring,3.4
23.9167,57.85,SEA-011,2000,spring,2.8
24.0665,57.8827,SEA-011,2000,spring,3.1
24.2433,57.88,SEA-011,2000,spring,3.2
24.2167,57.1833,LAT-005,2000,spring,1.6
24.1505,57.2233,LAT-005,2000,spring,2.9
23.9565,57.1243,LAT-005,2000,spring,1.7
24.0158,57.08,LAT-005,2000,spring,1.1
23.9945,57.078,LAT-005,2000,spring,1.1
23.9908,57.073,LAT-005,2000,spring,1.2
24.0038,57.0712,LAT-005,2000,spring,1.4
23.9975,57.0782,LAT-005,2000,spring,1.5
23.9893,57.088,LAT-005,2000,spring,1.8
23.985,57.0977,LAT-005,2000,spring,1.6
23.9565,57.0893,LAT-005,2000,spring,1.2
23.9702,57.1165,LAT-005,2000,spring,1.3
23.9695,57.1212,LAT-005,2000,spring,1.7
23.9432,57.1552,LAT-005,2000,spring,2
23.9372,57.179,LAT-005,2000,spring,1.8
23.9118,57.2222,LAT-005,2000,spring,2.1
23.8887,57.2575,SEA-011,2000,spring,3
23.8642,57.279,SEA-011,2000,spring,2
23.85,57.3,SEA-011,2000,summer,2.475
24.0833,57.35,SEA-011,2000,summer,2.33333333333333
24.3733,57.315,LAT-004,2000,summer,2.06666666666667
24.3667,57.24,LAT-005,2000,summer,2.1
24.25,57.1683,LAT-005,2000,summer,1.63333333333333
24.097,57.0986,LAT-005,2000,summer,1.86666666666667
23.9833,57.1,LAT-005,2000,summer,1.72
23.92,57.025,LAT-005,2000,summer,2.25
23.7433,56.98,LAT-005,2000,summer,2.4
23.705,56.9767,LAT-005,2000,summer,2.03333333333333
23.4867,57.0467,LAT-003,2000,summer,2.23333333333333
23.6667,57.1667,SEA-011,2000,summer,2.6
23.4833,57.4,SEA-011,2000,summer,2.6
23.6167,57.6167,SEA-011,2000,summer,2.66666666666667
23.9683,57.0433,LAT-005,2000,summer,2.03333333333333
23.9792,57.0737,LAT-005,2000,summer,1.95
24.0017,57.0833,LAT-005,2000,summer,1.58
23.9333,57.1667,LAT-005,2000,summer,1.9
22.9833,57.5667,SEA-011,2000,summer,2.85
24.1167,57.6,SEA-011,2000,summer,2.25
23.786,56.9772,LAT-005,2000,summer,0.942857142857143
23.8083,56.9817,LAT-005,2000,summer,0.916666666666667
23.8129,57.0862,LAT-005,2000,summer,2.1
23.7495,57.082333,LAT-005,2000,summer,2.2
23.2754,57.173,SEA-011,2000,summer,2.8
23.2123,57.3275,SEA-011,2000,summer,3.1
22.8167,57.5333,LAT-003,2000,summer,2.5
22.6167,57.7333,LAT-003,2000,summer,2.9
22.8833,57.7976,SEA-011,2000,summer,2.7
24.0665,57.8827,SEA-011,2000,summer,2.5
24.2433,57.88,SEA-011,2000,summer,2.3
24.3367,57.5933,LAT-004,2000,summer,3
24.3533,57.4483,LAT-004,2000,summer,2.3
23.7667,57.4167,SEA-011,2000,summer,3
24.1505,57.2233,LAT-005,2000,summer,2.5
24.2167,57.1833,LAT-005,2000,summer,2.3
23.9565,57.1243,LAT-005,2000,summer,1.8
23.8883,57.055,LAT-005,2000,summer,1.8
23.8083,56.9817,LAT-005,2000,autumn,1
23.786,56.9772,LAT-005,2000,autumn,1
23.9792,57.0737,LAT-005,2000,autumn,2.06666666666667
24.0017,57.0833,LAT-005,2000,autumn,1.91666666666667
24.097,57.0986,LAT-005,2000,autumn,1.1
24.25,57.1683,LAT-005,2000,autumn,1.6
24.3667,57.24,LAT-005,2000,autumn,2.5
24.3733,57.315,LAT-004,2000,autumn,3.15
24.0833,57.35,SEA-011,2000,autumn,4.6
23.9191,57.3401,SEA-011,2000,autumn,2.8
24.1167,57.6,SEA-011,2000,autumn,3.35
23.6167,57.6167,SEA-011,2000,autumn,3.6
22.9833,57.5667,SEA-011,2000,autumn,4.4
23.4833,57.4,SEA-011,2000,autumn,4.26666666666667
23.2754,57.173,SEA-011,2000,autumn,3.2
23.4867,57.0467,LAT-003,2000,autumn,2.6
23.6667,57.1667,SEA-011,2000,autumn,3.6
23.7667,57.4167,SEA-011,2000,autumn,3.8
23.7433,56.98,LAT-005,2000,autumn,2.8
23.92,57.025,LAT-005,2000,autumn,3.05
23.9683,57.0433,LAT-005,2000,autumn,3
23.9833,57.1,LAT-005,2000,autumn,3.25
23.85,57.3,SEA-011,2000,autumn,4.74285714285714
23.9333,57.1667,LAT-005,2000,autumn,4.575
23.9498,57.085,LAT-005,2000,autumn,2
23.92,57.0717,LAT-005,2000,autumn,1.5
23.8883,57.055,LAT-005,2000,autumn,2
23.9202,57.048,LAT-005,2000,autumn,2.3
23.9443,57.073,LAT-005,2000,autumn,2.1
23.968,57.0822,LAT-005,2000,autumn,1.6
23.9938,57.0925,LAT-005,2000,autumn,1.4
24.0227,57.0905,LAT-005,2000,autumn,1.3
23.9973,57.0787,LAT-005,2000,autumn,1.1
23.9932,57.0755,LAT-005,2000,autumn,1.2
23.2123,57.3275,SEA-011,2000,autumn,3
23.5658,57.283,SEA-011,2000,autumn,3.9
23.9167,57.85,SEA-011,2000,autumn,4.1
24.3367,57.5933,LAT-004,2000,autumn,3.7
24.0017,57.0833,LAT-005,2001,winter,1.36666666666667
23.6667,57.1667,SEA-011,2001,winter,4.15
23.85,57.3,SEA-011,2001,winter,3.63333333333333
23.4833,57.4,SEA-011,2020,spring,3.9
23.7667,57.4167,SEA-011,2020,spring,2.7
23.85,57.3,SEA-011,2020,spring,2.85
24.0833,57.35,SEA-011,2020,spring,2.55
24.2976,57.5922,SEA-011,2020,spring,2.4
24.2167,57.1833,LAT-005,2020,spring,2.5
23.9833,57.1,LAT-005,2020,spring,1.35
23.8883,57.055,LAT-005,2020,spring,2.8
23.2373,57.3589,SEA-011,2020,spring,3.8
22.8833,57.7976,SEA-011,2020,spring,2.65
22.41,57.8433,SEA-011,2020,spring,2.65
24.3733,57.315,LAT-004,2020,spring,1.8
24.3533,57.4483,LAT-004,2020,spring,1.5
24.3367,57.5933,LAT-004,2020,spring,1.5
24.25,57.1683,LAT-005,2020,spring,1
24.0017,57.0833,LAT-005,2020,spring,1
23.92,57.025,LAT-005,2020,spring,1
23.7433,56.98,LAT-005,2020,spring,2
23.4867,57.0467,LAT-003,2020,spring,2.5
23.254,57.1667,LAT-003,2020,spring,2.4
23.07,57.3967,LAT-004,2020,spring,2.5
24.1167,57.6,SEA-011,2020,spring,1.5
23.6167,57.6167,SEA-011,2020,spring,1.5
23.9833,57.1,LAT-005,2020,summer,2.75
22.8833,57.7976,SEA-011,2020,summer,3
22.9833,57.5667,SEA-011,2020,summer,2.95
23.27673,57.30002,SEA-011,2020,summer,2.5
23.28715,57.30003,SEA-011,2020,summer,2.5
23.28396,57.30543,SEA-011,2020,summer,3
23.6667,57.1667,SEA-011,2020,summer,3.25
24.03251,57.11121,LAT-005,2020,summer,2.5
24.02858,57.11983,LAT-005,2020,summer,2.5
24.0482,57.12843,LAT-005,2020,summer,2.5
24.31458,57.33234,SEA-011,2020,summer,2.5
24.31331,57.33467,SEA-011,2020,summer,2.5
24.31327,57.34703,SEA-011,2020,summer,2.5
23.85,57.3,SEA-011,2020,summer,3.2
23.7667,57.4167,SEA-011,2020,summer,3.4
24.1167,57.6,SEA-011,2020,summer,3.35
23.6167,57.6167,SEA-011,2020,summer,3
24.0017,57.0833,LAT-005,2020,summer,2.7
23.9565,57.1243,LAT-005,2020,summer,3.8
23.9333,57.1667,LAT-005,2020,summer,3.5
23.92,57.025,LAT-005,2020,summer,2.5
23.8883,57.055,LAT-005,2020,summer,3
23.7433,56.98,LAT-005,2020,summer,2.5
23.4867,57.0467,LAT-003,2020,summer,2.6
23.2373,57.3589,SEA-011,2020,summer,3.8
23.4833,57.4,SEA-011,2020,summer,4.1
23.07,57.3967,LAT-004,2020,summer,2.9
22.8167,57.5333,LAT-003,2020,summer,3.9
22.6167,57.7333,LAT-003,2020,summer,3.5
22.41,57.8433,SEA-011,2020,summer,3
24.2433,57.88,SEA-011,2020,summer,3
23.9167,57.85,SEA-011,2020,summer,3
24.315,57.7467,LAT-004,2020,summer,2.6
24.0833,57.35,SEA-011,2020,summer,3
24.3533,57.4483,LAT-004,2020,summer,2.5
24.3367,57.5933,LAT-004,2020,summer,3.2
24.2976,57.5922,SEA-011,2020,summer,3.4
24.3733,57.315,LAT-004,2020,summer,2.5
24.2867,57.3133,SEA-011,2020,summer,3
24.25,57.1683,LAT-005,2020,summer,2
24.2167,57.1833,LAT-005,2020,summer,3.5
23.9833,57.1,LAT-005,2020,autumn,2.225
22.8833,57.7976,SEA-011,2020,autumn,3.8
22.6167,57.7333,LAT-003,2020,autumn,3.9
22.41,57.8433,SEA-011,2020,autumn,3.5
23.9167,57.85,SEA-011,2020,autumn,2.6
24.2433,57.88,SEA-011,2020,autumn,2.8
24.315,57.7467,LAT-004,2020,autumn,2.5
24.3367,57.5933,LAT-004,2020,autumn,2.6
24.2976,57.5922,SEA-011,2020,autumn,2.7
24.1167,57.6,SEA-011,2020,autumn,2.9
24.3733,57.315,LAT-004,2020,autumn,2.5
24.2867,57.3133,SEA-011,2020,autumn,3.6
24.25,57.1683,LAT-005,2020,autumn,2.5
24.2167,57.1833,LAT-005,2020,autumn,3.6
24.0017,57.0833,LAT-005,2020,autumn,1.9
23.9333,57.1667,LAT-005,2020,autumn,3.7
23.92,57.025,LAT-005,2020,autumn,3.2
23.8883,57.055,LAT-005,2020,autumn,3.7
23.2373,57.3589,SEA-011,2020,autumn,3.5
23.07,57.3967,LAT-004,2020,autumn,3.6
22.9833,57.5667,SEA-011,2020,autumn,3.6
22.8167,57.5333,LAT-003,2020,autumn,3.2
23.27673,57.300015,SEA-011,2020,summer,2.5
23.28477,57.282211,SEA-011,2020,summer,3
24.032506,57.111213,LAT-005,2020,summer,2.2
24.313306,57.334665,SEA-011,2020,summer,2.7
24.314581,57.332336,SEA-011,2020,summer,2.5
24.294056,57.322935,SEA-011,2020,summer,2.5
23.6167,57.6167,SEA-011,1980,spring,4.16666666666667
22.9833,57.5667,SEA-011,1980,spring,4.5
22.8833,57.7976,SEA-011,1980,spring,4.75
23.85,57.3,SEA-011,1980,spring,1.93333333333333
23.7667,57.4167,SEA-011,1980,spring,3.75
23.4833,57.4,SEA-011,1980,spring,3.15
23.9833,57.1,LAT-005,1980,spring,1.5
22.8781,57.5354,SEA-011,1980,spring,4.75
22.41,57.8433,SEA-011,1980,spring,5.25
24.1167,57.6,SEA-011,1980,spring,5
23.85,57.3,SEA-011,1980,summer,4.75
24.0833,57.35,SEA-011,1980,summer,4.5
23.7667,57.4167,SEA-011,1980,summer,5.25
23.4833,57.4,SEA-011,1980,summer,4
24.2976,57.5922,SEA-011,1980,summer,4.25
24.1167,57.6,SEA-011,1980,summer,4.66666666666667
23.8667,57.6,SEA-011,1980,summer,4.25
23.6167,57.6167,SEA-011,1980,summer,4.66666666666667
23.4024,57.6021,SEA-011,1980,summer,4.5
23.35,57.96,EST-019,1980,summer,5.33333333333333
23.4,58.2,EST-019,1980,summer,5.75
22.41,57.8433,SEA-011,1980,summer,5.5
22.8833,57.7976,SEA-011,1980,summer,4
23.2507,57.5962,SEA-011,1980,summer,5.25
22.9833,57.5667,SEA-011,1980,summer,5
22.8781,57.5354,SEA-011,1980,summer,4.5
22.54167,57.95,SEA-011,1980,spring,3
22.71,57.88,SEA-011,1980,spring,5.5
22.9333,57.7,SEA-011,1980,spring,5.5
22.54167,57.95,SEA-011,1980,summer,0.5
23.9833,57.1,LAT-005,1992,winter,2.33333333333333
23.85,57.3,SEA-011,1992,winter,2.65
24.1167,57.6,SEA-011,1992,spring,2
24.3367,57.5933,LAT-004,1992,spring,2
24.3533,57.4483,LAT-004,1992,spring,2
24.0833,57.35,SEA-011,1992,spring,2
24.3733,57.315,LAT-004,1992,spring,2
24.25,57.1683,LAT-005,1992,spring,2
24.097,57.0986,LAT-005,1992,spring,2
23.9833,57.1,LAT-005,1992,spring,2
24.0017,57.0833,LAT-005,1992,spring,2
23.4833,57.4,SEA-011,1992,spring,2
23.07,57.3967,LAT-004,1992,spring,3
22.9833,57.5667,SEA-011,1992,spring,2
22.8167,57.5333,LAT-003,1992,spring,3
22.6167,57.7333,LAT-003,1992,spring,4
22.8833,57.7976,SEA-011,1992,spring,3
23.85,57.3,SEA-011,1992,summer,3.88333333333333
23.9833,57.1,LAT-005,1992,summer,2.91666666666667
24.2518,57.7633,SEA-011,1992,summer,2
24.1167,57.6,SEA-011,1992,summer,3
24.3367,57.5933,LAT-004,1992,summer,2
24.3533,57.4483,LAT-004,1992,summer,2
23.85,57.3,SEA-011,1992,autumn,4.28571428571429
23.9833,57.1,LAT-005,1992,autumn,3.17142857142857
22.8833,57.7976,SEA-011,1992,autumn,5
23.35,57.96,EST-019,1992,autumn,5
23.4,58.2,EST-019,1992,autumn,4
23.9333,57.1667,LAT-005,1992,autumn,6
23.705,56.9767,LAT-005,1992,autumn,4.5
23.7433,56.98,LAT-005,1992,autumn,4.2
23.92,57.025,LAT-005,1992,autumn,3
23.9683,57.0433,LAT-005,1992,autumn,3.8
24.3733,57.315,LAT-004,1992,autumn,5
24.25,57.1683,LAT-005,1992,autumn,4
24.097,57.0986,LAT-005,1992,autumn,4
24.0017,57.0833,LAT-005,1992,autumn,3.5
23.85,57.3,SEA-011,1993,winter,4.41666666666667
23.9833,57.1,LAT-005,1993,winter,3.95
23.4833,57.4,SEA-011,2012,winter,3
23.6167,57.6167,SEA-011,2012,winter,3
24.0833,57.35,SEA-011,2012,winter,3
24.2976,57.5922,SEA-011,2012,winter,2
23.9167,57.85,SEA-011,2012,winter,2.5
23.3326,57.2196,SEA-011,2012,winter,2.5
23.6167,57.6167,SEA-011,2012,spring,3.53333333333333
23.7667,57.4167,SEA-011,2012,spring,3.025
23.4833,57.4,SEA-011,2012,spring,3.775
22.9833,57.5667,SEA-011,2012,spring,4.26666666666667
23.4,58.2,EST-019,2012,spring,3.7
24.305,58.2184,EST-018,2012,spring,2.7
23.9515,58.0667,EST-018,2012,spring,1.5
23.85,57.3,SEA-011,2012,spring,2.56666666666667
24.2976,57.5922,SEA-011,2012,spring,2.25
24.2867,57.3133,SEA-011,2012,spring,1.65
23.3326,57.2196,SEA-011,2012,spring,3.5
23.2373,57.3589,SEA-011,2012,spring,2.65
22.8833,57.7976,SEA-011,2012,spring,3.1
22.41,57.8433,SEA-011,2012,spring,2.65
24.067,57.481,SEA-011,2012,spring,5.7
24.3,58.0833,EST-018,2012,spring,5.2
23.2833,57.3667,SEA-011,2012,spring,5.2
23.8,58.1,EST-019,2012,spring,4.9
22.3154,57.8233,SEA-011,2012,spring,4.8
22.2333,57.8833,SEA-011,2012,spring,4.6
22.3333,57.7667,SEA-011,2012,spring,4.2
23.9167,57.85,SEA-011,2012,spring,3.3
23.4686,57.8333,SEA-011,2012,spring,4.2
23.634,57.822,SEA-011,2012,spring,3.8
23.0765,57.8223,SEA-011,2012,spring,3.8
22.8237,57.8132,SEA-011,2012,spring,3.6
23.9333,57.1667,LAT-005,2012,spring,3.05
23.2227,58.384,EST-017,2012,spring,5.2
23.6842,58.3427,EST-018,2012,spring,4.2
23.35,58.3756,EST-017,2012,spring,3.8
23.4718,58.4311,EST-018,2012,spring,3.6
22.3731,58.1098,EST-017,2012,spring,4
23.55,57.72,SEA-011,2012,spring,4
22.8546,58.1048,EST-017,2012,spring,4.6
23.35,57.96,EST-019,2012,spring,4.6
22.8533,58.2167,EST-017,2012,spring,5
24.2334,57.5833,SEA-011,2012,spring,5.6
23.4024,57.6021,SEA-011,2012,spring,5.8
24.3,57.4667,SEA-011,2012,spring,4.8
24.0017,57.0833,LAT-005,2012,spring,1
23.92,57.025,LAT-005,2012,spring,1
23.8883,57.055,LAT-005,2012,spring,1.2
23.7433,56.98,LAT-005,2012,spring,1.5
23.4867,57.0467,LAT-003,2012,spring,1.1
22.6167,57.7333,LAT-003,2012,spring,2.8
23.07,57.3967,LAT-004,2012,spring,2.5
24.2433,57.88,SEA-011,2012,spring,2
24.3367,57.5933,LAT-004,2012,spring,2
24.3533,57.4483,LAT-004,2012,spring,2.2
24.3733,57.315,LAT-004,2012,spring,2
24.0833,57.35,SEA-011,2012,spring,2.2
24.25,57.1683,LAT-005,2012,spring,1.3
24.2167,57.1833,LAT-005,2012,spring,1.1
23.9565,57.1243,LAT-005,2012,spring,1.5
23.9833,57.1,LAT-005,2012,spring,1
23.6667,57.1667,SEA-011,2012,spring,1.8
22.3418,57.7957,SEA-011,2012,summer,3.6
23.4833,57.4,SEA-011,2012,summer,3
23.6167,57.6167,SEA-011,2012,summer,3.35
24.0726,57.6178,SEA-011,2012,summer,2.9
24.0833,57.35,SEA-011,2012,summer,3.3
23.85,57.3,SEA-011,2012,summer,3.4
23.7667,57.4167,SEA-011,2012,summer,3.13333333333333
22.8237,57.8132,SEA-011,2012,summer,4.5
24.2167,57.1833,LAT-005,2012,summer,2.7
22.8833,57.7976,SEA-011,2012,summer,2.8
22.9833,57.5667,SEA-011,2012,summer,2.1
23.2373,57.3589,SEA-011,2012,summer,3
23.3326,57.2196,SEA-011,2012,summer,3.1
24.2867,57.3133,SEA-011,2012,summer,3
24.2976,57.5922,SEA-011,2012,summer,2.6
23.9167,57.85,SEA-011,2012,summer,3.2
24.305,58.2184,EST-018,2012,summer,2.6
23.9515,58.0667,EST-018,2012,summer,1
24.4255,58.3385,EST-013,2012,summer,0.5
24.340166,57.7851,LAT-004,2012,summer,1.9
24.333533,57.7849,LAT-004,2012,summer,1.9
24.3255,57.784483,LAT-004,2012,summer,1.9
24.316216,57.783799,LAT-004,2012,summer,1.9
24.307366,57.78195,LAT-004,2012,summer,2
24.300533,57.779666,SEA-011,2012,summer,2
24.290783,57.777133,SEA-011,2012,summer,1.9
24.280716,57.7749,SEA-011,2012,summer,1.9
24.267666,57.7822,SEA-011,2012,summer,1.8
24.2787,57.786749,SEA-011,2012,summer,1.9
24.286416,57.788966,SEA-011,2012,summer,1.8
24.304433,57.794699,LAT-004,2012,summer,2
24.296766,57.865316,SEA-011,2012,summer,2
24.307633,57.865466,SEA-011,2012,summer,2
24.319616,57.865516,LAT-004,2012,summer,1.9
24.327833,57.865483,LAT-004,2012,summer,1.8
24.319366,57.856083,LAT-004,2012,summer,1.8
24.330433,57.855566,LAT-004,2012,summer,1.8
24.334849,57.855783,LAT-004,2012,summer,1.7
24.3122,57.848316,LAT-004,2012,summer,1.8
24.318083,57.847216,LAT-004,2012,summer,1.7
24.32535,57.846083,LAT-004,2012,summer,1.9
24.30075,57.849016,SEA-011,2012,summer,1.9
24.297183,57.856533,SEA-011,2012,summer,2.2
24.280249,57.8663,SEA-011,2012,summer,2
24.281501,57.85795,SEA-011,2012,summer,1.9
24.276499,57.849316,SEA-011,2012,summer,1.9
24.264849,57.858866,SEA-011,2012,summer,1.8
24.259083,57.85045,SEA-011,2012,summer,1.9
24.241966,57.850516,SEA-011,2012,summer,2
24.243116,57.858883,SEA-011,2012,summer,1.9
24.225249,57.868783,SEA-011,2012,summer,2.2
24.213583,57.859716,SEA-011,2012,summer,2.4
24.212766,57.852416,SEA-011,2012,summer,2.2
24.2044,57.831733,SEA-011,2012,summer,2.3
24.224416,57.8307,SEA-011,2012,summer,2.3
24.2359,57.831116,SEA-011,2012,summer,2
24.2469,57.830583,SEA-011,2012,summer,1.9
24.259666,57.830183,SEA-011,2012,summer,2
24.288783,57.829816,SEA-011,2012,summer,1.8
24.311966,57.61025,SEA-011,2012,summer,2
23.9647,57.0235,LAT-005,2012,summer,1.9
23.8785,56.9945,LAT-005,2012,summer,3.1
23.829,56.9858,LAT-005,2012,summer,2.8
23.6167,57.6167,SEA-011,2012,autumn,4.55
23.7667,57.4167,SEA-011,2012,autumn,4.3
23.85,57.3,SEA-011,2012,autumn,4.25
24.0833,57.35,SEA-011,2012,autumn,3
23.4,58.2,EST-019,2012,autumn,2.5
23.4833,57.4,SEA-011,2012,autumn,4.4
24.2167,57.1833,LAT-005,2012,autumn,3
23.9833,57.1,LAT-005,2012,autumn,1.9
23.8883,57.055,LAT-005,2012,autumn,3.5
23.3326,57.2196,SEA-011,2012,autumn,3
23.2373,57.3589,SEA-011,2012,autumn,3.3
22.9833,57.5667,SEA-011,2012,autumn,3.5
23.786,56.9772,LAT-005,2012,summer,2.8
23.7273,56.9693,LAT-005,2012,summer,2.8
23.6897,56.9652,LAT-005,2012,summer,2.8
23.6162,56.9685,"",2012,summer,2.8
23.562,56.9798,"",2012,summer,2.6
24.3701,57.634033,LAT-004,2012,summer,2.6
24.345866,57.621883,LAT-004,2012,summer,3
24.342916,57.619666,LAT-004,2012,summer,2.6
24.337216,57.635883,LAT-004,2012,summer,2.8
24.343116,57.636683,LAT-004,2012,summer,2.6
24.347049,57.63745,LAT-004,2012,summer,3.2
24.353033,57.6385,LAT-004,2012,summer,3.2
24.357316,57.639183,LAT-004,2012,summer,3
24.36435,57.6403,LAT-004,2012,summer,2.7
24.32555,57.652883,LAT-004,2012,summer,1.8
24.301083,57.828666,LAT-004,2012,summer,2
24.307683,57.829099,LAT-004,2012,summer,1.8
24.325366,57.829466,LAT-004,2012,summer,1
24.315666,57.827816,LAT-004,2012,summer,1.4
24.3062,57.816266,LAT-004,2012,summer,1.8
24.293016,57.81335,SEA-011,2012,summer,2.2
24.277999,57.808966,SEA-011,2012,summer,2.6
24.254533,57.804949,SEA-011,2012,summer,2.6
24.2389,57.802983,SEA-011,2012,summer,2.4
24.230983,57.8008,SEA-011,2012,summer,2.4
24.20365,57.793733,SEA-011,2012,summer,2.2
24.2272,57.767933,SEA-011,2012,summer,2.2
24.229416,57.763649,SEA-011,2012,summer,2
24.244516,57.76005,SEA-011,2012,summer,1.8
24.27615,57.761966,SEA-011,2012,summer,1.8
24.282833,57.76755,SEA-011,2012,summer,2.2
24.293933,57.7622,SEA-011,2012,summer,2
24.296866,57.769633,SEA-011,2012,summer,2
24.242,57.737216,SEA-011,2012,summer,2.2
24.290266,57.737483,SEA-011,2012,summer,2
24.299933,57.737099,SEA-011,2012,summer,1.8
24.307183,57.73715,LAT-004,2012,summer,1.8
24.312533,57.736283,LAT-004,2012,summer,1.8
24.318666,57.736166,LAT-004,2012,summer,1.8
24.325849,57.736616,LAT-004,2012,summer,1.6
24.332833,57.736433,LAT-004,2012,summer,1.6
24.337766,57.736649,LAT-004,2012,summer,1.4
24.305299,57.764233,LAT-004,2012,summer,1.8
24.305466,57.770833,LAT-004,2012,summer,1.8
24.312783,57.771149,LAT-004,2012,summer,1.6
24.316216,57.7639,LAT-004,2012,summer,1.6
24.325583,57.764466,LAT-004,2012,summer,1.6
24.335049,57.765583,LAT-004,2012,summer,1.5
24.339749,57.766233,LAT-004,2012,summer,1.4
24.340883,57.774999,LAT-004,2012,summer,1.4
24.344516,57.774966,"",2012,summer,1.6
24.328916,57.774183,LAT-004,2012,summer,1.4
24.3229,57.77335,LAT-004,2012,summer,1.5
24.286516,57.6511,SEA-011,2012,summer,1.8
24.289783,57.647199,SEA-011,2012,summer,1.8
24.309483,57.66245,SEA-011,2012,summer,1.7
24.317333,57.665166,LAT-004,2012,summer,1.7
24.322316,57.66745,LAT-004,2012,summer,1.7
24.327216,57.669666,LAT-004,2012,summer,1.8
24.330783,57.671666,LAT-004,2012,summer,2
24.334133,57.673316,LAT-004,2012,summer,2.2
24.338466,57.675249,LAT-004,2012,summer,2.1
24.344516,57.677266,LAT-004,2012,summer,2.1
24.34975,57.680033,LAT-004,2012,summer,1.8
24.360466,57.65935,LAT-004,2012,summer,1.2
24.356966,57.658066,LAT-004,2012,summer,2.4
24.351683,57.657216,LAT-004,2012,summer,2.5
24.345199,57.656116,LAT-004,2012,summer,2.6
24.336233,57.654216,LAT-004,2012,summer,2.5
24.283416,57.71495,SEA-011,2012,summer,1.8
24.291316,57.715816,SEA-011,2012,summer,2
24.300683,57.715,SEA-011,2012,summer,1.8
24.309033,57.715533,LAT-004,2012,summer,1.7
24.313633,57.715499,LAT-004,2012,summer,1.5
24.3201,57.715333,LAT-004,2012,summer,1.6
24.317183,57.797566,LAT-004,2012,summer,1.5
24.3263,57.799258,LAT-004,2012,summer,1.4
24.331766,57.801233,LAT-004,2012,summer,0.9
24.243266,57.714416,SEA-011,2012,summer,2.8
24.272649,57.678733,SEA-011,2012,summer,2.5
24.278816,57.666783,SEA-011,2012,summer,2.8
24.2939,57.6721,SEA-011,2012,summer,2.6
24.301633,57.676016,SEA-011,2012,summer,2.5
24.289633,57.68375,SEA-011,2012,summer,2.4
24.31275,57.681533,LAT-004,2012,summer,2.3
24.322516,57.6843,LAT-004,2012,summer,1.8
24.324616,57.685783,LAT-004,2012,summer,1.7
24.32835,57.687966,LAT-004,2012,summer,1.8
24.333433,57.6907,LAT-004,2012,summer,1.6
24.339666,57.692866,LAT-004,2012,summer,1.5
24.342949,57.693866,LAT-004,2012,summer,1.6
24.325183,57.715783,LAT-004,2012,summer,1.5
24.335033,57.715866,LAT-004,2012,summer,1.5
23.9333,57.1667,LAT-005,1972,summer,4.5
23.85,57.3,SEA-011,1972,summer,4.5
22.8781,57.5354,SEA-011,1972,summer,4.75
22.9833,57.5667,SEA-011,1972,summer,5
24.1167,57.6,SEA-011,1972,summer,4.5
24.2976,57.5922,SEA-011,1972,summer,3.75
23.35,57.96,EST-019,1972,summer,5.5
22.41,57.8433,SEA-011,1972,summer,4.5
23.4686,57.8333,SEA-011,1972,summer,6.5
24.2518,57.7633,SEA-011,1972,summer,4
23.9833,57.1,LAT-005,1972,summer,3
24.3,57.4667,SEA-011,1972,summer,5
23.6167,57.6167,SEA-011,1972,summer,5
23.2507,57.5962,SEA-011,1972,summer,5
23.4024,57.6021,SEA-011,1972,summer,5
23.8667,57.6,SEA-011,1972,summer,6
23.4,58.2,EST-019,1972,summer,4.5
22.41,57.8433,SEA-011,1972,autumn,5
22.9833,57.5667,SEA-011,1972,autumn,5
22.8833,57.7976,SEA-011,1972,autumn,6
24.1167,57.6,SEA-011,1972,autumn,6
23.6167,57.6167,SEA-011,1972,autumn,7
23.35,57.96,EST-019,1972,autumn,6
23.9833,57.1,LAT-005,1998,winter,1.6
23.85,57.3,SEA-011,1998,winter,4.05
23.85,57.3,SEA-011,1998,spring,2.48333333333333
23.9333,57.1667,LAT-005,1998,spring,1.75
23.9833,57.1,LAT-005,1998,spring,1.5
24.0017,57.0833,LAT-005,1998,spring,1.26666666666667
23.6167,57.6167,SEA-011,1998,spring,2.96666666666667
23.7667,57.4167,SEA-011,1998,spring,2.56666666666667
23.4833,57.4,SEA-011,1998,spring,2
23.2123,57.3275,SEA-011,1998,spring,2.55
24.1167,57.6,SEA-011,1998,spring,2.25
24.3367,57.5933,LAT-004,1998,spring,2.15
24.0833,57.35,SEA-011,1998,spring,2
24.3733,57.315,LAT-004,1998,spring,2
24.0017,57.0833,LAT-005,1998,winter,1.55
24.3667,57.24,LAT-005,1998,spring,1.95
24.25,57.1683,LAT-005,1998,spring,1.7
23.6667,57.1667,SEA-011,1998,spring,2
23.4867,57.0467,LAT-003,1998,spring,2.1
23.92,57.025,LAT-005,1998,spring,1.8
24.0093,57.0792,LAT-005,1998,spring,1.6
23.9792,57.0737,LAT-005,1998,spring,1.7
23.9793,57.0577,LAT-005,1998,spring,2.7
23.9683,57.0433,LAT-005,1998,spring,2.8
23.9568,57.0573,LAT-005,1998,spring,2.9
23.9333,57.0542,LAT-005,1998,spring,2.1
23.8952,57.0872,LAT-005,1998,spring,1.9
23.8425,57.0687,LAT-005,1998,spring,1.9
23.9565,57.1243,LAT-005,1998,spring,1.9
23.2508,57.3331,SEA-011,1998,spring,2.1
22.9833,57.5667,SEA-011,1998,spring,2.5
22.8833,57.7976,SEA-011,1998,spring,3.2
23.35,57.96,EST-019,1998,spring,2
24.333333,57.583333,LAT-004,1998,spring,1.8
24.3533,57.4483,LAT-004,1998,spring,2.1
24.097,57.0986,LAT-005,1998,spring,1.9
23.5255,56.9984,"",1998,spring,1.8
23.562,56.9798,"",1998,spring,1.7
23.6162,56.9685,"",1998,spring,1.4
23.6897,56.9652,LAT-005,1998,spring,1.6
23.7273,56.9693,LAT-005,1998,spring,1.9
23.786,56.9772,LAT-005,1998,spring,1.7
23.829,56.9858,LAT-005,1998,spring,1.8
23.8785,56.9945,LAT-005,1998,spring,1.7
23.1424,57.3285,LAT-004,1998,spring,1.6
23.2029,57.2134,"",1998,spring,1.4
23.2411,57.1109,"",1998,spring,1.6
23.3679,57.0472,"",1998,spring,1.1
24.4013,57.3273,LAT-004,1998,spring,1.2
24.405,57.3065,LAT-004,1998,spring,1.1
24.103,57.0833,LAT-005,1998,summer,1.8
24.1414,57.0965,LAT-005,1998,summer,1.83333333333333
23.9647,57.0235,LAT-005,1998,summer,1.9
23.829,56.9858,LAT-005,1998,summer,1.93333333333333
23.786,56.9772,LAT-005,1998,summer,1.73333333333333
23.7273,56.9693,LAT-005,1998,summer,1.76666666666667
23.6897,56.9652,LAT-005,1998,summer,1.9
23.6162,56.9685,"",1998,summer,2.05
23.562,56.9798,"",1998,summer,1.9
23.5255,56.9984,"",1998,summer,1.95
23.3679,57.0472,"",1998,summer,1.83333333333333
23.2411,57.1109,"",1998,summer,1.9
24.0017,57.0833,LAT-005,1998,summer,1.43333333333333
23.9833,57.1,LAT-005,1998,summer,1.46666666666667
23.9792,57.0737,LAT-005,1998,summer,1.3
23.9683,57.0433,LAT-005,1998,summer,1.8
23.92,57.025,LAT-005,1998,summer,1.56666666666667
23.7433,56.98,LAT-005,1998,summer,1.86666666666667
23.705,56.9767,LAT-005,1998,summer,1.93333333333333
23.4867,57.0467,LAT-003,1998,summer,2.2
23.6667,57.1667,SEA-011,1998,summer,2.66666666666667
23.2754,57.173,SEA-011,1998,summer,2.53333333333333
23.2123,57.3275,SEA-011,1998,summer,2.26666666666667
23.4833,57.4,SEA-011,1998,summer,3.16666666666667
23.6167,57.6167,SEA-011,1998,summer,2.86666666666667
23.9167,57.85,SEA-011,1998,summer,3
24.2433,57.88,SEA-011,1998,summer,2.25
24.2518,57.7633,SEA-011,1998,summer,2.6
24.1167,57.6,SEA-011,1998,summer,2.5
24.3367,57.5933,LAT-004,1998,summer,2.2
24.3533,57.4483,LAT-004,1998,summer,1.93333333333333
23.85,57.3,SEA-011,1998,summer,3.06666666666667
24.0833,57.35,SEA-011,1998,summer,2.76666666666667
24.3733,57.315,LAT-004,1998,summer,1.76666666666667
24.3667,57.24,LAT-005,1998,summer,1.53333333333333
24.25,57.1683,LAT-005,1998,summer,1.53333333333333
24.090333,57.093833,LAT-005,1998,summer,1.4
24.4067,57.2627,LAT-004,1998,summer,1.26666666666667
24.405,57.3065,LAT-004,1998,summer,1.23333333333333
24.4013,57.3273,LAT-004,1998,summer,1.2
24.3803,57.493,LAT-004,1998,summer,1.4
24.3817,57.6263,"",1998,summer,1.76666666666667
23.8785,56.9945,LAT-005,1998,summer,1.8
24.048666,57.1165,LAT-005,1998,summer,1.5
24.097,57.0986,LAT-005,1998,summer,1.6
24.394,57.2462,LAT-005,1998,summer,0.9
24.3473,57.8698,LAT-004,1998,summer,0.9
24.3417,57.7647,LAT-004,1998,summer,1.4
24.3393,57.7438,LAT-004,1998,summer,1.4
23.1424,57.3285,LAT-004,1998,summer,1.7
23.2029,57.2134,"",1998,summer,1.8
23.9333,57.1667,LAT-005,1998,summer,2.6
23.750499,57.082999,LAT-005,1998,summer,2.2
23.5098,57.0553,LAT-003,1998,summer,2.2
22.9833,57.5667,SEA-011,1998,summer,3.6
22.8833,57.7976,SEA-011,1998,summer,2.6
23.35,57.96,EST-019,1998,summer,2.6
24.215333,57.183666,LAT-005,1998,summer,3.2
24.1414,57.0965,LAT-005,1998,autumn,2
24.103,57.0833,LAT-005,1998,autumn,2.2
23.9647,57.0235,LAT-005,1998,autumn,1.8
23.8785,56.9945,LAT-005,1998,autumn,1.7
23.829,56.9858,LAT-005,1998,autumn,1.9
23.786,56.9772,LAT-005,1998,autumn,2.1
23.7273,56.9693,LAT-005,1998,autumn,2.5
23.6897,56.9652,LAT-005,1998,autumn,2.2
23.6162,56.9685,"",1998,autumn,2.1
23.562,56.9798,"",1998,autumn,1.95
23.5255,56.9984,"",1998,autumn,2.1
23.1424,57.3285,LAT-004,1998,autumn,2
23.2029,57.2134,"",1998,autumn,1.9
23.2411,57.1109,"",1998,autumn,2
23.3679,57.0472,"",1998,autumn,2.3
24.0017,57.0833,LAT-005,1998,autumn,1.74
23.9833,57.1,LAT-005,1998,autumn,1.83333333333333
23.9792,57.0737,LAT-005,1998,autumn,1.9
23.92,57.025,LAT-005,1998,autumn,2.43333333333333
23.7433,56.98,LAT-005,1998,autumn,3.15
23.705,56.9767,LAT-005,1998,autumn,2.9
23.6667,57.1667,SEA-011,1998,autumn,3.3
23.85,57.3,SEA-011,1998,autumn,4.14
23.4833,57.4,SEA-011,1998,autumn,3.56666666666667
23.2123,57.3275,SEA-011,1998,autumn,3.45
23.2754,57.173,SEA-011,1998,autumn,3.9
23.4867,57.0467,LAT-003,1998,autumn,3.75
23.921666,57.026,LAT-005,1998,autumn,2.3
23.9333,57.1667,LAT-005,1998,autumn,4.3
24.009833,57.084166,LAT-005,1998,autumn,1.8
24.25,57.1683,LAT-005,1998,autumn,2.53333333333333
23.6167,57.6167,SEA-011,1998,autumn,4.6
24.1167,57.6,SEA-011,1998,autumn,4.2
24.3367,57.5933,LAT-004,1998,autumn,3.55
24.3533,57.4483,LAT-004,1998,autumn,3.4
24.3733,57.315,LAT-004,1998,autumn,3.15
24.3667,57.24,LAT-005,1998,autumn,3.1
24.394,57.2462,LAT-005,1998,autumn,2
24.4067,57.2627,LAT-004,1998,autumn,1.9
24.405,57.3065,LAT-004,1998,autumn,2.1
24.4013,57.3273,LAT-004,1998,autumn,2.2
24.3803,57.493,LAT-004,1998,autumn,2
24.3417,57.7647,LAT-004,1998,autumn,1.9
24.2518,57.7633,SEA-011,1998,autumn,3.6
24.3393,57.7438,LAT-004,1998,autumn,2
24.2433,57.88,SEA-011,1998,autumn,3.6
24.3473,57.8698,LAT-004,1998,autumn,1.5
24.3817,57.6263,"",1998,autumn,1.9
23.9891,57.0922,LAT-005,1998,autumn,2
24.0527,57.1107,LAT-005,1998,autumn,2.3
23.9167,57.85,SEA-011,1998,autumn,4.3
23.85,57.3,SEA-011,1999,winter,3.85
23.6667,57.1667,SEA-011,1999,winter,4.1
22.9833,57.5667,SEA-011,1999,winter,2.5
23.2123,57.3275,SEA-011,1999,winter,2.5
23.4867,57.0467,LAT-003,1999,winter,2.5
23.92,57.025,LAT-005,1999,winter,2.5
23.9833,57.1,LAT-005,1990,spring,1.3
23.85,57.3,SEA-011,1990,spring,2.3
23.7667,57.4167,SEA-011,1990,spring,2.8
24.0833,57.35,SEA-011,1990,spring,1.9
24.3533,57.4483,LAT-004,1990,spring,1.1
24.3733,57.315,LAT-004,1990,spring,1
24.25,57.1683,LAT-005,1990,spring,1.3
24.0017,57.0833,LAT-005,1990,spring,1.6
23.92,57.025,LAT-005,1990,spring,1.3
23.7433,56.98,LAT-005,1990,spring,1.3
23.4867,57.0467,LAT-003,1990,spring,1.3
23.2754,57.173,SEA-011,1990,spring,1.5
23.4833,57.4,SEA-011,1990,spring,2.2
23.07,57.3967,LAT-004,1990,spring,1.8
22.9833,57.5667,SEA-011,1990,spring,1.8
22.6167,57.7333,LAT-003,1990,spring,2.7
22.8833,57.7976,SEA-011,1990,spring,2.7
22.41,57.8433,SEA-011,1990,spring,3.7
22.8533,58.2167,EST-017,1990,spring,3.3
23.6842,58.3427,EST-018,1990,spring,3
23.8317,58.1672,EST-018,1990,spring,2.9
24.3533,58.0708,EST-018,1990,spring,2.8
24.1318,57.9683,SEA-011,1990,spring,3
24.2433,57.88,SEA-011,1990,spring,2.3
24.3367,57.5933,LAT-004,1990,spring,2.6
23.6167,57.6167,SEA-011,1990,spring,3.2
23.35,57.96,EST-019,1990,spring,3.2
22.41,57.8433,SEA-011,1990,summer,2.85
23.4,58.2,EST-019,1990,summer,3.9
23.35,57.96,EST-019,1990,summer,4
23.6167,57.6167,SEA-011,1990,summer,2.9
23.85,57.3,SEA-011,1990,summer,3.05
23.9833,57.1,LAT-005,1990,summer,2.3
24.0017,57.0833,LAT-005,1990,summer,1.9
23.92,57.025,LAT-005,1990,summer,2.4
23.7433,56.98,LAT-005,1990,summer,2.5
23.4867,57.0467,LAT-003,1990,summer,2.4
23.2754,57.173,SEA-011,1990,summer,2.8
24.0833,57.35,SEA-011,1990,summer,2.8
24.25,57.1683,LAT-005,1990,summer,2.6
24.3733,57.315,LAT-004,1990,summer,2.2
24.3533,57.4483,LAT-004,1990,summer,1.7
24.3367,57.5933,LAT-004,1990,summer,2
24.1167,57.6,SEA-011,1990,summer,2.7
23.7667,57.4167,SEA-011,1990,summer,2.7
23.4833,57.4,SEA-011,1990,summer,3
23.07,57.3967,LAT-004,1990,summer,2.5
22.8167,57.5333,LAT-003,1990,summer,2
22.8833,57.7976,SEA-011,1990,summer,3.5
22.3731,58.1098,EST-017,1990,summer,2
22.8546,58.1048,EST-017,1990,summer,2.8
23.2227,58.384,EST-017,1990,summer,2.2
23.6842,58.3427,EST-018,1990,summer,2
23.8317,58.1672,EST-018,1990,summer,2
24.3533,58.0708,EST-018,1990,summer,2.2
24.1318,57.9683,SEA-011,1990,summer,1.5
24.2433,57.88,SEA-011,1990,summer,2
24.0017,57.0833,LAT-005,1990,autumn,3.2
24.0833,57.35,SEA-011,1990,autumn,4.2
24.3533,57.4483,LAT-004,1990,autumn,3
24.1167,57.6,SEA-011,1990,autumn,4
23.85,57.3,SEA-011,1990,autumn,3
23.4867,57.0467,LAT-003,1990,autumn,3.8
23.2754,57.173,SEA-011,1990,autumn,3.2
23.07,57.3967,LAT-004,1990,autumn,3
23.4833,57.4,SEA-011,1990,autumn,4.2
22.8167,57.5333,LAT-003,1990,autumn,3.8
24.2433,57.88,SEA-011,1990,autumn,3.2
24.3533,58.0708,EST-018,1990,autumn,3.5
24.1318,57.9683,SEA-011,1990,autumn,3.8
23.4718,58.4311,EST-018,1990,autumn,2.8
22.8533,58.2167,EST-017,1990,autumn,1.8
22.8546,58.1048,EST-017,1990,autumn,3
23.35,57.96,EST-019,1990,autumn,3.8
22.8833,57.7976,SEA-011,1990,autumn,3
22.3731,58.1098,EST-017,1990,autumn,1.5
22.54167,57.95,SEA-011,1990,spring,2.8
23.0503,57.9508,EST-019,1990,autumn,3.5
22.54167,57.95,SEA-011,1990,autumn,3.2
23.9833,57.1,LAT-005,1981,spring,1.5
23.85,57.3,SEA-011,1981,spring,2.5
23.7667,57.4167,SEA-011,1981,spring,2.5
23.2507,57.5962,SEA-011,1981,spring,3
22.9833,57.5667,SEA-011,1981,spring,3
22.41,57.8433,SEA-011,1981,spring,3
22.8833,57.7976,SEA-011,1981,spring,3
22.8781,57.5354,SEA-011,1981,spring,2.5
22.41,57.8433,SEA-011,2010,spring,3.4
22.6167,57.7333,LAT-003,2010,spring,3.6
22.8167,57.5333,LAT-003,2010,spring,3.1
22.9833,57.5667,SEA-011,2010,spring,3.5
23.07,57.3967,LAT-004,2010,spring,3.6
23.2373,57.3589,SEA-011,2010,spring,2.5
23.2291,57.3348,SEA-011,2010,spring,2.1
23.3059,57.3458,SEA-011,2010,spring,2.4
23.2761,57.3214,SEA-011,2010,spring,2.4
23.3547,57.2826,SEA-011,2010,spring,2.8
23.4251,57.2623,SEA-011,2010,spring,3.1
23.4263,57.2245,SEA-011,2010,spring,2.6
23.3326,57.2196,SEA-011,2010,spring,2.2
23.2648,57.2349,SEA-011,2010,spring,1.8
23.6667,57.1667,SEA-011,2010,spring,1.9
23.4867,57.0467,LAT-003,2010,spring,2.4
23.7433,56.98,LAT-005,2010,spring,1.9
23.8883,57.055,LAT-005,2010,spring,1.4
23.92,57.025,LAT-005,2010,spring,1.3
24.0017,57.0833,LAT-005,2010,spring,1.1
23.9833,57.1,LAT-005,2010,spring,1.6
23.9565,57.1243,LAT-005,2010,spring,1.1
23.9333,57.1667,LAT-005,2010,spring,1.5
24.2167,57.1833,LAT-005,2010,spring,1.7
24.25,57.1683,LAT-005,2010,spring,1.5
24.3733,57.315,LAT-004,2010,spring,1.7
24.0833,57.35,SEA-011,2010,spring,2.2
24.2433,57.88,SEA-011,2010,spring,1.9
23.9167,57.85,SEA-011,2010,spring,2.2
23.6167,57.6167,SEA-011,2010,spring,1.5
24.1167,57.6,SEA-011,2010,spring,2.1
23.7667,57.4167,SEA-011,2010,spring,2
23.85,57.3,SEA-011,2010,spring,2.5
24.0017,57.0833,LAT-005,2010,summer,2.8
23.9833,57.1,LAT-005,2010,summer,3
23.8883,57.055,LAT-005,2010,summer,3
22.41,57.8433,SEA-011,2010,summer,4.1
22.8833,57.7976,SEA-011,2010,summer,4.1
22.6167,57.7333,LAT-003,2010,summer,3.2
23.6167,57.6167,SEA-011,2010,summer,4.8
24.1167,57.6,SEA-011,2010,summer,5.1
24.2976,57.5922,SEA-011,2010,summer,4
24.3367,57.5933,LAT-004,2010,summer,3.8
24.3533,57.4483,LAT-004,2010,summer,3.1
24.0833,57.35,SEA-011,2010,summer,4.5
24.2867,57.3133,SEA-011,2010,summer,3.8
24.3733,57.315,LAT-004,2010,summer,2.7
24.2167,57.1833,LAT-005,2010,summer,3.7
23.85,57.3,SEA-011,2010,summer,5.2
23.7667,57.4167,SEA-011,2010,summer,4.5
23.4833,57.4,SEA-011,2010,summer,4.4
23.07,57.3967,LAT-004,2010,summer,3.5
23.2373,57.3589,SEA-011,2010,summer,3.8
23.3326,57.2196,SEA-011,2010,summer,4.1
23.6667,57.1667,SEA-011,2010,summer,4.6
23.254,57.1667,LAT-003,2010,summer,3.9
23.7433,56.98,LAT-005,2010,summer,3
23.92,57.025,LAT-005,2010,summer,2.9
23.9333,57.1667,LAT-005,2010,summer,4.1
22.9833,57.5667,SEA-011,1987,spring,4
23.2507,57.5962,SEA-011,1987,spring,4.5
23.0503,57.9508,EST-019,1987,spring,3
23.35,57.96,EST-019,1987,spring,3
23.4,58.2,EST-019,1987,spring,2.25
23.4686,57.8333,SEA-011,1987,spring,4
23.6167,57.6167,SEA-011,1987,spring,3.25
24.1318,57.9683,SEA-011,1987,spring,3
23.4833,57.4,SEA-011,1987,spring,3
22.8781,57.5354,SEA-011,1987,spring,4.5
22.8833,57.7976,SEA-011,1987,spring,3.5
22.41,57.8433,SEA-011,1987,spring,3.75
23.7667,57.4167,SEA-011,1987,spring,3
23.9833,57.1,LAT-005,1987,summer,2.5
24.0833,57.35,SEA-011,1987,summer,3.25
23.85,57.3,SEA-011,1987,summer,2.5
23.4833,57.4,SEA-011,1987,summer,2.75
23.6167,57.6167,SEA-011,1987,summer,3.5
22.8833,57.7976,SEA-011,1987,summer,4.25
22.41,57.8433,SEA-011,1987,summer,3.75
23.4,58.2,EST-019,1987,summer,3.75
23.35,57.96,EST-019,1987,summer,4
24.1318,57.9683,SEA-011,1987,summer,3.5
24.1167,57.6,SEA-011,1987,summer,3.25
22.8781,57.5354,SEA-011,1987,summer,3.5
24.0833,57.35,SEA-011,1987,spring,2
23.85,57.3,SEA-011,1987,spring,3
23.9833,57.1,LAT-005,1987,spring,1.5
22.9833,57.5667,SEA-011,1987,summer,4
23.0503,57.9508,EST-019,1987,summer,4.5
23.4718,58.4311,EST-018,1987,summer,4
23.4686,57.8333,SEA-011,1987,summer,4
24.2976,57.5922,SEA-011,1987,summer,3
22.41,57.8433,SEA-011,1987,autumn,4
22.8833,57.7976,SEA-011,1987,autumn,4
23.4,58.2,EST-019,1987,autumn,2
23.35,57.96,EST-019,1987,autumn,3
22.9833,57.5667,SEA-011,1987,autumn,5
24.0833,57.35,SEA-011,1987,autumn,2
23.85,57.3,SEA-011,1987,autumn,3
23.9833,57.1,LAT-005,1987,autumn,1
22.71,57.88,SEA-011,1987,summer,4
23.9833,57.1,LAT-005,2001,winter,3
23.4833,57.4,SEA-011,2001,winter,3.35
24.0833,57.35,SEA-011,2001,winter,2
23.6167,57.6167,SEA-011,2001,winter,3.5
22.9833,57.5667,SEA-011,2001,winter,3.5
23.85,57.3,SEA-011,2001,spring,2.71
23.9833,57.1,LAT-005,2001,spring,1.21666666666667
24.0017,57.0833,LAT-005,2001,spring,1.18571428571429
23.9333,57.1667,LAT-005,2001,spring,1.4
23.948,57.1408,LAT-005,2001,spring,1.3
23.9173,57.1388,LAT-005,2001,spring,0.8
23.8465,57.1703,LAT-005,2001,spring,1.2
23.8955,57.1902,LAT-005,2001,spring,1.8
23.918,57.168,LAT-005,2001,spring,1.8
23.9407,57.1443,LAT-005,2001,spring,1.1
23.962,57.1225,LAT-005,2001,spring,0.8
23.9792,57.0737,LAT-005,2001,spring,1.075
23.9245,57.0885,LAT-005,2001,spring,0.6
23.8928,57.098,LAT-005,2001,spring,0.9
23.8528,57.1097,LAT-005,2001,spring,1.1
23.8907,57.1103,LAT-005,2001,spring,0.9
24.0092,57.07,LAT-005,2001,spring,0.8
23.9683,57.0433,LAT-005,2001,spring,1.6
23.92,57.025,LAT-005,2001,spring,1.73333333333333
23.7433,56.98,LAT-005,2001,spring,1.73333333333333
23.705,56.9767,LAT-005,2001,spring,2.03333333333333
23.4867,57.0467,LAT-003,2001,spring,2.16666666666667
23.7667,57.4167,SEA-011,2001,spring,2.7
23.4833,57.4,SEA-011,2001,spring,2.8
23.2123,57.3275,SEA-011,2001,spring,2.9
22.8167,57.5333,LAT-003,2001,spring,3.83333333333333
22.9833,57.5667,SEA-011,2001,spring,3.36666666666667
24.097,57.0986,LAT-005,2001,spring,1.4
24.25,57.1683,LAT-005,2001,spring,1.4
24.3667,57.24,LAT-005,2001,spring,1.6
24.3733,57.315,LAT-004,2001,spring,1.56666666666667
24.0833,57.35,SEA-011,2001,spring,2.2
24.3533,57.4483,LAT-004,2001,spring,1.75
24.3367,57.5933,LAT-004,2001,spring,1.875
24.1167,57.6,SEA-011,2001,spring,2.96666666666667
24.2518,57.7633,SEA-011,2001,spring,2.05
24.2433,57.88,SEA-011,2001,spring,2.6
24.0665,57.8827,SEA-011,2001,spring,2.5
23.9167,57.85,SEA-011,2001,spring,2.5
23.6167,57.6167,SEA-011,2001,spring,2.83333333333333
23.8883,57.055,LAT-005,2001,spring,1.2
23.8129,57.0862,LAT-005,2001,spring,1.2
23.6667,57.1667,SEA-011,2001,spring,2.15
23.9565,57.1243,LAT-005,2001,spring,1.8
24.2167,57.1833,LAT-005,2001,spring,1.2
23.6,57.5,SEA-011,2001,spring,1.8
23.35,57.96,EST-019,2001,spring,2.6
22.8833,57.7976,SEA-011,2001,spring,3.5
22.6167,57.7333,LAT-003,2001,spring,4.5
23.2373,57.3589,SEA-011,2001,spring,3
23.2754,57.173,SEA-011,2001,spring,2.5
23.85,57.3,SEA-011,2001,"",2.1
24.0017,57.0833,LAT-005,2001,summer,2.15
23.9792,57.0737,LAT-005,2001,summer,2.2
23.9833,57.1,LAT-005,2001,summer,2.86
23.9683,57.0433,LAT-005,2001,summer,1.86666666666667
23.92,57.025,LAT-005,2001,summer,1.93333333333333
23.7433,56.98,LAT-005,2001,summer,2.36666666666667
23.705,56.9767,LAT-005,2001,summer,2.4
23.4867,57.0467,LAT-003,2001,summer,2.86666666666667
23.6667,57.1667,SEA-011,2001,summer,3.4
23.4833,57.4,SEA-011,2001,summer,3.2
22.9833,57.5667,SEA-011,2001,summer,3.36666666666667
23.6167,57.6167,SEA-011,2001,summer,3.68
24.1167,57.6,SEA-011,2001,summer,4
24.0833,57.35,SEA-011,2001,summer,4.1
24.3733,57.315,LAT-004,2001,summer,2.65
24.3667,57.24,LAT-005,2001,summer,2.4
24.25,57.1683,LAT-005,2001,summer,2.43333333333333
24.097,57.0986,LAT-005,2001,summer,2.3
23.85,57.3,SEA-011,2001,summer,3.34444444444444
24.3367,57.5933,LAT-004,2001,summer,3
22.8167,57.5333,LAT-003,2001,summer,2.7
23.2123,57.3275,SEA-011,2001,summer,2.8
23.6159,57.6333,SEA-011,2001,summer,3.2
23.585,57.6167,SEA-011,2001,summer,2.8
23.62,57.6,SEA-011,2001,summer,2.8
23.6467,57.6167,SEA-011,2001,summer,2.8
23.8496,57.3164,SEA-011,2001,summer,3.6
23.8078,57.2997,SEA-011,2001,summer,3.4
23.8498,57.2832,SEA-011,2001,summer,3.7
23.8811,57.2995,SEA-011,2001,summer,3.6
23.8883,57.055,LAT-005,2001,summer,3
23.2754,57.173,SEA-011,2001,summer,3.6
23.7667,57.4167,SEA-011,2001,summer,4.6
23.634,57.822,SEA-011,2001,summer,4
23.9167,57.85,SEA-011,2001,summer,3.8
24.0665,57.8827,SEA-011,2001,summer,3.8
24.2433,57.88,SEA-011,2001,summer,3.2
24.2518,57.7633,SEA-011,2001,summer,3
24.3533,57.4483,LAT-004,2001,summer,2.8
24.2167,57.1833,LAT-005,2001,summer,3.5
23.9333,57.1667,LAT-005,2001,summer,4
23.85,57.3,SEA-011,2001,autumn,3.18333333333333
24.25,57.1683,LAT-005,2001,autumn,2.9
24.097,57.0986,LAT-005,2001,autumn,2.7
24.0017,57.0833,LAT-005,2001,autumn,2
23.9833,57.1,LAT-005,2001,autumn,1.95
23.9792,57.0737,LAT-005,2001,autumn,1.5
23.9683,57.0433,LAT-005,2001,autumn,2.4
23.92,57.025,LAT-005,2001,autumn,2.2
23.7433,56.98,LAT-005,2001,autumn,2.4
23.705,56.9767,LAT-005,2001,autumn,3.7
23.4867,57.0467,LAT-003,2001,autumn,2.5
23.6667,57.1667,SEA-011,2001,autumn,2.85
23.4833,57.4,SEA-011,2001,autumn,2.85
22.9833,57.5667,SEA-011,2001,autumn,3.3
24.1167,57.6,SEA-011,2001,autumn,4.1
24.0833,57.35,SEA-011,2001,autumn,4.3
24.3733,57.315,LAT-004,2001,autumn,2.9
24.3667,57.24,LAT-005,2001,autumn,3.1
23.7667,57.4167,SEA-011,2001,autumn,2.1
24.3367,57.5933,LAT-004,2001,autumn,1.8
24.0665,57.8827,SEA-011,2001,autumn,2.2
23.9167,57.85,SEA-011,2001,autumn,2.8
23.6167,57.6167,SEA-011,2001,autumn,3
23.4833,57.4,SEA-011,2002,winter,1.8
23.85,57.3,SEA-011,2002,winter,2.675
23.9333,57.1667,LAT-005,2002,winter,2
23.9833,57.1,LAT-005,2002,winter,1.8
24.0833,57.35,SEA-011,2002,winter,2.7
24.0017,57.0833,LAT-005,2002,winter,1.63333333333333
23.6667,57.1667,SEA-011,2007,winter,2.1
23.254,57.1667,LAT-003,2007,winter,1.9
22.6167,57.7333,LAT-003,2007,winter,3.2
22.8833,57.7976,SEA-011,2007,winter,2.9
22.8167,57.5333,LAT-003,2007,winter,2.6
22.9833,57.5667,SEA-011,2007,winter,2.8
23.7667,57.4167,SEA-011,2007,winter,2.5
24.1167,57.6,SEA-011,2007,winter,2.8
23.6167,57.6167,SEA-011,2007,winter,2.2
24.25,57.1683,LAT-005,2007,winter,1.5
23.85,57.3,SEA-011,2007,winter,1.8
23.9333,57.1667,LAT-005,2007,winter,1.6
23.9833,57.1,LAT-005,2007,winter,1.7
23.4867,57.0467,LAT-003,2007,winter,2.8
23.7433,56.98,LAT-005,2007,winter,2.3
23.85,57.3,SEA-011,2007,spring,2.9
23.4867,57.0467,LAT-003,2007,spring,2.85
24.3733,57.315,LAT-004,2007,spring,0.9
24.0017,57.0833,LAT-005,2007,spring,1.7
24.25,57.1683,LAT-005,2007,spring,1.3
24.2167,57.1833,LAT-005,2007,spring,2.1
24.0833,57.35,SEA-011,2007,spring,2.7
24.3533,57.4483,LAT-004,2007,spring,1.9
24.1167,57.6,SEA-011,2007,spring,3.6
24.315,57.7467,LAT-004,2007,spring,1.9
24.2433,57.88,SEA-011,2007,spring,2.3
23.9167,57.85,SEA-011,2007,spring,3
23.6167,57.6167,SEA-011,2007,spring,1.9
23.4833,57.4,SEA-011,2007,spring,2.1
23.7667,57.4167,SEA-011,2007,spring,2.2
23.9333,57.1667,LAT-005,2007,spring,2.2
23.9565,57.1243,LAT-005,2007,spring,2.1
23.9833,57.1,LAT-005,2007,spring,2.2
23.92,57.025,LAT-005,2007,spring,1.9
23.8883,57.055,LAT-005,2007,spring,1.5
23.7433,56.98,LAT-005,2007,spring,1.4
23.6667,57.1667,SEA-011,2007,spring,1.8
23.254,57.1667,LAT-003,2007,spring,3.1
23.07,57.3967,LAT-004,2007,spring,3.1
22.8167,57.5333,LAT-003,2007,spring,3.4
22.9833,57.5667,SEA-011,2007,spring,2.6
22.6167,57.7333,LAT-003,2007,spring,3.6
22.8833,57.7976,SEA-011,2007,spring,2.9
22.41,57.8433,SEA-011,2007,spring,3
24.0017,57.0833,LAT-005,2007,summer,2.5
23.9833,57.1,LAT-005,2007,summer,2.35
23.9333,57.1667,LAT-005,2007,summer,2.65
24.3733,57.315,LAT-004,2007,summer,2.65
24.0833,57.35,SEA-011,2007,summer,3.3
23.85,57.3,SEA-011,2007,summer,3.2
23.6667,57.1667,SEA-011,2007,summer,2.7
23.4867,57.0467,LAT-003,2007,summer,2.45
22.41,57.8433,SEA-011,2007,summer,3
22.6167,57.7333,LAT-003,2007,summer,3.1
22.8833,57.7976,SEA-011,2007,summer,3.8
22.8167,57.5333,LAT-003,2007,summer,2.9
22.9833,57.5667,SEA-011,2007,summer,3.5
23.07,57.3967,LAT-004,2007,summer,2.7
23.4833,57.4,SEA-011,2007,summer,3.4
23.254,57.1667,LAT-003,2007,summer,3.8
23.7433,56.98,LAT-005,2007,summer,3.6
23.92,57.025,LAT-005,2007,summer,3.2
23.8883,57.055,LAT-005,2007,summer,2.8
24.2167,57.1833,LAT-005,2007,summer,2.9
24.25,57.1683,LAT-005,2007,summer,3.4
23.7667,57.4167,SEA-011,2007,summer,3.7
24.3533,57.4483,LAT-004,2007,summer,2.8
24.1167,57.6,SEA-011,2007,summer,3.4
24.315,57.7467,LAT-004,2007,summer,2
23.9167,57.85,SEA-011,2007,summer,3.6
24.2433,57.88,SEA-011,2007,summer,2.8
24.3733,57.315,LAT-004,2007,autumn,2.6
23.85,57.3,SEA-011,2007,autumn,3.95
24.0017,57.0833,LAT-005,2007,autumn,2.35
23.4867,57.0467,LAT-003,2007,autumn,3
22.8833,57.7976,SEA-011,2007,autumn,3.8
22.8167,57.5333,LAT-003,2007,autumn,3.5
22.9833,57.5667,SEA-011,2007,autumn,3.5
23.07,57.3967,LAT-004,2007,autumn,3
23.4833,57.4,SEA-011,2007,autumn,3.5
23.7433,56.98,LAT-005,2007,autumn,3.2
23.92,57.025,LAT-005,2007,autumn,3.5
23.9833,57.1,LAT-005,2007,autumn,3.2
23.9333,57.1667,LAT-005,2007,autumn,4
24.0833,57.35,SEA-011,2007,autumn,3.2
22.9833,57.5667,SEA-011,1978,spring,2.5
23.6167,57.6167,SEA-011,1978,spring,3.5
23.9833,57.1,LAT-005,1978,spring,1.9
23.85,57.3,SEA-011,1978,spring,2
23.7667,57.4167,SEA-011,1978,spring,2.5
23.4833,57.4,SEA-011,1978,spring,3
24.0833,57.35,SEA-011,1978,spring,2.75
23.35,57.96,EST-019,1978,spring,4.25
23.4,58.2,EST-019,1978,spring,5.25
24.1167,57.6,SEA-011,1978,spring,4.5
22.9833,57.5667,SEA-011,1978,summer,3.75
23.6167,57.6167,SEA-011,1978,summer,4.75
24.1167,57.6,SEA-011,1978,summer,5
23.85,57.3,SEA-011,1978,summer,4
24.0833,57.35,SEA-011,1978,summer,4
23.9833,57.1,LAT-005,1978,summer,2.5
22.8833,57.7976,SEA-011,1978,summer,5
23.4,58.2,EST-019,1978,summer,5.5
22.41,57.8433,SEA-011,1978,summer,5.75
23.7667,57.4167,SEA-011,1978,summer,4.5
23.4833,57.4,SEA-011,1978,summer,4
22.8833,57.7976,SEA-011,1978,autumn,4.5
22.9833,57.5667,SEA-011,1978,autumn,4.5
23.4833,57.4,SEA-011,1978,autumn,4.5
23.85,57.3,SEA-011,1978,autumn,3
23.4024,57.6021,SEA-011,1978,spring,3.5
23.2507,57.5962,SEA-011,1978,spring,3.5
24.2976,57.5922,SEA-011,1978,spring,2.5
23.8667,57.6,SEA-011,1978,spring,4.5
23.4686,57.8333,SEA-011,1978,spring,5
23.0503,57.9508,EST-019,1978,spring,5.5
22.9333,57.7,SEA-011,1978,spring,4
23.2507,57.5962,SEA-011,1978,summer,5.5
23.4024,57.6021,SEA-011,1978,summer,4.75
23.8667,57.6,SEA-011,1978,summer,6
23.4686,57.8333,SEA-011,1978,summer,5
23.1667,57.55,SEA-011,1978,summer,5.5
22.8781,57.5354,SEA-011,1978,summer,3.5
23.0503,57.9508,EST-019,1978,summer,4
22.54167,57.95,SEA-011,1978,summer,4
22.8781,57.5354,SEA-011,1978,autumn,5
23.2507,57.5962,SEA-011,1978,autumn,4.5
23.9855,57.10216,LAT-005,2021,summer,1.2
24.00772,57.08305,LAT-005,2021,spring,1.5
23.98285,57.10385,LAT-005,2021,spring,1.5
23.95733,57.12533,LAT-005,2021,spring,1.6
23.93397,57.16713,LAT-005,2021,spring,2.3
23.84947,57.30087,SEA-011,2021,spring,2.5
23.76547,57.4164,SEA-011,2021,spring,2.2
22.4102,57.84308,SEA-011,2021,spring,4.4
22.61817,57.73315,LAT-003,2021,spring,4.3
22.81632,57.53323,LAT-003,2021,spring,5.5
22.9832,57.56643,SEA-011,2021,spring,3.5
23.06943,57.39658,LAT-004,2021,spring,4
23.23783,57.3582,SEA-011,2021,spring,3.5
23.48312,57.39947,SEA-011,2021,spring,2.5
23.25198,57.16673,LAT-003,2021,spring,4
23.48393,57.04665,LAT-003,2021,spring,2.5
23.66553,57.16658,SEA-011,2021,spring,1.8
23.61595,57.61702,SEA-011,2021,spring,1.8
23.91627,57.84995,SEA-011,2021,spring,2.8
24.24357,57.88008,SEA-011,2021,spring,2
24.3159,57.74647,LAT-004,2021,spring,1.8
24.11823,57.59982,SEA-011,2021,spring,1.8
24.30167,57.59167,SEA-011,2021,spring,1.8
24.33617,57.5929,LAT-004,2021,spring,2
24.35362,57.4474,LAT-004,2021,spring,1.7
24.28732,57.31287,SEA-011,2021,spring,1.9
24.37357,57.31503,LAT-004,2021,spring,1.7
24.08322,57.34935,SEA-011,2021,spring,1.9
24.21667,57.18287,LAT-005,2021,spring,1.9
24.2521,57.16788,LAT-005,2021,spring,1.6
23.88882,57.0546,LAT-005,2021,spring,1.8
23.91988,57.02476,LAT-005,2021,spring,2.5
23.76649,57.41629,SEA-011,2021,summer,3.5
23.48314,57.39979,SEA-011,2021,summer,3.3
23.84704,57.30108,SEA-011,2021,summer,3.4
23.6702,57.16903,SEA-011,2021,summer,3.3
23.93156,57.16788,LAT-005,2021,summer,3
24.24973,57.16835,LAT-005,2021,summer,2.5
24.21873,57.18313,LAT-005,2021,summer,3
23.88819,57.05478,LAT-005,2021,summer,3
23.91876,57.02535,LAT-005,2021,summer,2
23.74145,56.98064,LAT-005,2021,summer,2.5
23.48526,57.04723,LAT-003,2021,summer,3.5
23.25432,57.16669,LAT-003,2021,summer,2.7
23.23713,57.35721,SEA-011,2021,summer,3
23.06995,57.39614,LAT-004,2021,summer,3
22.98429,57.5667,SEA-011,2021,summer,3.5
22.81961,57.5329,LAT-003,2021,summer,2.7
22.61775,57.73366,LAT-003,2021,summer,3.1
24.24136,57.88052,SEA-011,2021,summer,2
24.31453,57.74734,LAT-004,2021,summer,1.9
24.11657,57.60188,SEA-011,2021,summer,3.2
24.29427,57.59443,SEA-011,2021,summer,2.6
24.33497,57.59342,LAT-004,2021,summer,2
24.35387,57.44897,LAT-004,2021,summer,2.2
24.37361,57.31508,LAT-004,2021,autumn,1.9
24.29034,57.31275,SEA-011,2021,autumn,2.5
24.08476,57.34967,SEA-011,2021,autumn,2.8
23.76769,57.41659,SEA-011,2021,autumn,3
24.08366,57.34982,SEA-011,2021,summer,3.2
24.28587,57.31359,SEA-011,2021,summer,2.1
24.37464,57.31632,LAT-004,2021,summer,1.8
23.88748,57.05402,LAT-005,2021,autumn,2.5
23.91846,57.02525,LAT-005,2021,autumn,2.5
23.74161,56.98001,LAT-005,2021,autumn,2.3
23.4871,57.04604,LAT-003,2021,autumn,2.5
23.25437,57.16674,LAT-003,2021,autumn,2.3
23.91657,57.84949,SEA-011,2021,autumn,2.3
24.24363,57.88036,SEA-011,2021,autumn,2.3
24.31368,57.74764,LAT-004,2021,autumn,2.3
24.11821,57.60144,SEA-011,2021,autumn,3.1
24.33503,57.59377,LAT-004,2021,autumn,2.9
24.30011,57.59117,SEA-011,2021,autumn,3.1
24.35414,57.44924,LAT-004,2021,autumn,2.5
23.98328,57.1,LAT-005,2021,spring,1.35
23.98333,57.104,LAT-005,2021,spring,1
23.985,57.10233,LAT-005,2021,summer,1
23.98416,57.10233,LAT-005,2021,summer,1.5
23.98333,57.10183,LAT-005,2021,summer,2
23.983,57.10183,LAT-005,2021,summer,1.5
23.987444,57.100221,LAT-005,2021,autumn,3.1
23.98466,57.085,LAT-005,2021,autumn,2.1
23.98416,57.10316,LAT-005,2021,summer,1.8
24.31487,57.28483,SEA-011,2021,spring,1.5
24.31435,57.27835,SEA-011,2021,summer,2
22.3418,57.7957,SEA-011,2013,spring,2.8
23.85,57.3,SEA-011,2013,spring,4.65
23.9833,57.1,LAT-005,2013,spring,2.15
24.0017,57.0833,LAT-005,2013,spring,1.35
23.6167,57.6167,SEA-011,2013,spring,3.1
22.41,57.8433,SEA-011,2013,spring,4
22.9833,57.5667,SEA-011,2013,spring,3
24.1167,57.6,SEA-011,2013,spring,3
24.2976,57.5922,SEA-011,2013,spring,1.5
24.3367,57.5933,LAT-004,2013,spring,1.5
24.3533,57.4483,LAT-004,2013,spring,1.5
24.2717,57.4415,SEA-011,2013,spring,1.5
24.3733,57.315,LAT-004,2013,spring,2.5
24.2867,57.3133,SEA-011,2013,spring,2.5
24.25,57.1683,LAT-005,2013,spring,1
24.2167,57.1833,LAT-005,2013,spring,2.5
23.9565,57.1243,LAT-005,2013,spring,2.5
23.9333,57.1667,LAT-005,2013,spring,2.5
23.92,57.025,LAT-005,2013,spring,1.5
23.8883,57.055,LAT-005,2013,spring,1.5
23.7667,57.4167,SEA-011,2013,spring,2.8
23.4833,57.4,SEA-011,2013,spring,3
22.8167,57.5333,LAT-003,2013,spring,1.5
23.07,57.3967,LAT-004,2013,spring,1.5
23.254,57.1667,LAT-003,2013,spring,1.5
23.4867,57.0467,LAT-003,2013,spring,2
23.6667,57.1667,SEA-011,2013,spring,2
24.2518,57.7633,SEA-011,2013,summer,4.2
24.2433,57.88,SEA-011,2013,summer,4.3
24.3533,58.0708,EST-018,2013,summer,4.3
24.3367,57.5933,LAT-004,2013,summer,3.25
24.3533,57.4483,LAT-004,2013,summer,3.3
24.3733,57.315,LAT-004,2013,summer,3.63333333333333
24.0017,57.0833,LAT-005,2013,summer,3.1
24.097,57.0986,LAT-005,2013,summer,4.4
24.25,57.1683,LAT-005,2013,summer,3.3
23.9683,57.0433,LAT-005,2013,summer,4.8
23.92,57.025,LAT-005,2013,summer,3.45
23.7433,56.98,LAT-005,2013,summer,4.5
23.2754,57.173,SEA-011,2013,summer,4.7
23.705,56.9767,LAT-005,2013,summer,4.7
23.4867,57.0467,LAT-003,2013,summer,4.9
23.07,57.3967,LAT-004,2013,summer,4
22.6167,57.7333,LAT-003,2013,summer,5.1
22.8167,57.5333,LAT-003,2013,summer,5.35
22.41,57.8433,SEA-011,2013,summer,3.6
22.9833,57.5667,SEA-011,2013,summer,3.2
23.2373,57.3589,SEA-011,2013,summer,3.9
23.4833,57.4,SEA-011,2013,summer,3.4
23.254,57.1667,LAT-003,2013,summer,2.7
23.6667,57.1667,SEA-011,2013,summer,3.1
23.9333,57.1667,LAT-005,2013,summer,3.2
23.9833,57.1,LAT-005,2013,summer,2.7
24.2167,57.1833,LAT-005,2013,summer,3
23.85,57.3,SEA-011,2013,summer,3.8
24.0833,57.35,SEA-011,2013,summer,4.6
24.2867,57.3133,SEA-011,2013,summer,2.9
24.2976,57.5922,SEA-011,2013,summer,2.8
24.1167,57.6,SEA-011,2013,summer,3.6
23.7667,57.4167,SEA-011,2013,summer,3.6
23.6167,57.6167,SEA-011,2013,summer,3.5
23.9167,57.85,SEA-011,2013,summer,3.8
24.406166,57.312766,LAT-004,2013,summer,1.5
24.381216,57.299733,LAT-004,2013,summer,3.9
24.382449,57.285433,LAT-004,2013,summer,3.9
24.376916,57.32565,LAT-004,2013,summer,3.6
24.381599,57.343649,LAT-004,2013,summer,3.5
24.3988,57.358133,LAT-004,2013,summer,2.2
24.368733,57.405016,LAT-004,2013,summer,2.8
24.368649,57.389233,LAT-004,2013,summer,3
24.372583,57.371966,LAT-004,2013,summer,2.8
24.382116,57.270166,LAT-004,2013,summer,2.8
24.371949,57.355783,LAT-004,2013,summer,2.8
23.104533,57.380166,LAT-004,2013,summer,3.1
23.05815,57.395366,LAT-004,2013,summer,3.5
22.9064,57.458083,LAT-004,2013,summer,3.95
22.926483,57.433966,LAT-004,2013,summer,3.5
22.933816,57.437416,LAT-004,2013,"",3.7
22.961283,57.43115,LAT-004,2013,"",4
22.982266,57.4243,LAT-004,2013,"",10.5
23.00685,57.414466,LAT-004,2013,"",10.5
23.030483,57.402999,LAT-004,2013,"",3.9
23.55,57.72,SEA-011,2013,autumn,7.6
23.6167,57.6167,SEA-011,2013,autumn,4.9
23.7667,57.4167,SEA-011,2013,autumn,4.8
23.85,57.3,SEA-011,2013,autumn,5.35
23.4718,58.4311,EST-018,2013,autumn,4.2
22.2333,57.8833,SEA-011,2013,autumn,6.6
22.3154,57.8233,SEA-011,2013,autumn,7.4
22.3333,57.7667,SEA-011,2013,autumn,8.4
23.9333,57.1667,LAT-005,2013,autumn,5.15
22.41,57.8433,SEA-011,2013,autumn,2.5
23.4833,57.4,SEA-011,2013,autumn,3.5
23.92,57.025,LAT-005,2013,autumn,3
23.8883,57.055,LAT-005,2013,autumn,3
24.0017,57.0833,LAT-005,2013,autumn,2.5
23.9833,57.1,LAT-005,2013,autumn,2.4
24.25,57.1683,LAT-005,2013,autumn,3.5
24.2167,57.1833,LAT-005,2013,autumn,3.1
24.3733,57.315,LAT-004,2013,autumn,2.6
24.2867,57.3133,SEA-011,2013,autumn,3
24.0833,57.35,SEA-011,2013,autumn,4
23.9167,57.85,SEA-011,2013,autumn,4
24.0017,57.0833,LAT-005,2002,spring,1.94285714285714
23.9833,57.1,LAT-005,2002,spring,1.72
23.9333,57.1667,LAT-005,2002,spring,2
22.9833,57.5667,SEA-011,2002,spring,2.85
22.8167,57.5333,LAT-003,2002,spring,2.675
22.8833,57.7976,SEA-011,2002,spring,3.125
23.6167,57.6167,SEA-011,2002,spring,2.93333333333333
24.1167,57.6,SEA-011,2002,spring,2.86666666666667
23.85,57.3,SEA-011,2002,spring,2.55
24.0833,57.35,SEA-011,2002,spring,2.775
24.097,57.0986,LAT-005,2002,spring,2.35
24.0733,57.0908,LAT-005,2002,spring,3
24.0383,57.0867,LAT-005,2002,spring,1.6
23.9683,57.0433,LAT-005,2002,spring,2.72
23.9792,57.0737,LAT-005,2002,spring,2.16666666666667
23.92,57.025,LAT-005,2002,spring,2.5
23.7433,56.98,LAT-005,2002,spring,2.45
23.705,56.9767,LAT-005,2002,spring,2.4
23.4867,57.0467,LAT-003,2002,spring,2.1
23.6667,57.1667,SEA-011,2002,spring,2.2
23.4833,57.4,SEA-011,2002,spring,2.63333333333333
24.3367,57.5933,LAT-004,2002,spring,2.43333333333333
23.7667,57.4167,SEA-011,2002,spring,2.53333333333333
24.3733,57.315,LAT-004,2002,spring,1.96666666666667
24.3667,57.24,LAT-005,2002,spring,2.03333333333333
24.25,57.1683,LAT-005,2002,spring,1.93333333333333
24.2167,57.1833,LAT-005,2002,spring,1.3
24.1505,57.2233,LAT-005,2002,spring,2
24.2717,57.4415,SEA-011,2002,spring,2.6
24.3533,57.4483,LAT-004,2002,spring,2.7
24.2976,57.5922,SEA-011,2002,spring,2.4
24.315,57.7467,LAT-004,2002,spring,2.1
24.3085,57.856,LAT-004,2002,spring,2.8
24.2433,57.88,SEA-011,2002,spring,2.1
24.0665,57.8827,SEA-011,2002,spring,2.1
23.9167,57.85,SEA-011,2002,spring,2.5
22.6167,57.7333,LAT-003,2002,spring,3.3
23.07,57.3967,LAT-004,2002,spring,2.5
23.1765,57.3268,LAT-004,2002,spring,2.6
23.2508,57.3331,SEA-011,2002,spring,3
23.254,57.1667,LAT-003,2002,spring,2.4
23.3267,57.1682,SEA-011,2002,spring,3
23.8129,57.0862,LAT-005,2002,spring,2
23.9565,57.1243,LAT-005,2002,spring,2.4
23.8883,57.055,LAT-005,2002,spring,3
24.1066,57.0862,LAT-005,2002,spring,1.8
24.0842,57.081,LAT-005,2002,spring,1.7
24.0347,57.07,LAT-005,2002,spring,1.3
24.0017,57.0833,LAT-005,2002,summer,2.2
23.9833,57.1,LAT-005,2002,summer,3.22
24.097,57.0986,LAT-005,2002,summer,2.5
24.25,57.1683,LAT-005,2002,summer,2.3
24.3667,57.24,LAT-005,2002,summer,2.3
24.3733,57.315,LAT-004,2002,summer,2.55
24.0833,57.35,SEA-011,2002,summer,3.2
24.3533,57.4483,LAT-004,2002,summer,2.45
24.3367,57.5933,LAT-004,2002,summer,2.36666666666667
24.1167,57.6,SEA-011,2002,summer,2.83333333333333
23.6167,57.6167,SEA-011,2002,summer,3.3
22.9833,57.5667,SEA-011,2002,summer,2.66666666666667
22.8167,57.5333,LAT-003,2002,summer,2.9
23.07,57.3967,LAT-004,2002,summer,2.83333333333333
23.4833,57.4,SEA-011,2002,summer,2.93333333333333
23.1765,57.3268,LAT-004,2002,summer,2.86666666666667
23.254,57.1667,LAT-003,2002,summer,2.36666666666667
23.6667,57.1667,SEA-011,2002,summer,3
23.4867,57.0467,LAT-003,2002,summer,2.53333333333333
23.705,56.9767,LAT-005,2002,summer,2.6
23.7433,56.98,LAT-005,2002,summer,2.53333333333333
23.92,57.025,LAT-005,2002,summer,2.3
23.9683,57.0433,LAT-005,2002,summer,2.75
23.9792,57.0737,LAT-005,2002,summer,2.03333333333333
23.85,57.3,SEA-011,2002,summer,3.7
24.1066,57.0862,LAT-005,2002,summer,2.6
24.0842,57.081,LAT-005,2002,summer,2.76666666666667
24.0347,57.07,LAT-005,2002,summer,2.53333333333333
23.768,57.3958,SEA-011,2002,summer,4.2
23.7951,57.4168,SEA-011,2002,summer,4.2
23.7667,57.4167,SEA-011,2002,summer,3.85
23.7354,57.4168,SEA-011,2002,summer,5.4
23.7675,57.4339,SEA-011,2002,summer,4.5
23.62,57.6,SEA-011,2002,summer,4
23.585,57.6167,SEA-011,2002,summer,4.5
23.6159,57.6333,SEA-011,2002,summer,4.9
23.8496,57.3164,SEA-011,2002,summer,4.25
23.8811,57.2995,SEA-011,2002,summer,4.85
23.8078,57.2997,SEA-011,2002,summer,4.85
23.8498,57.2832,SEA-011,2002,summer,4.5
23.9333,57.1667,LAT-005,2002,summer,3.8
24.315,57.7467,LAT-004,2002,summer,2.7
24.3085,57.856,LAT-004,2002,summer,2.5
24.2433,57.88,SEA-011,2002,summer,2.8
24.0665,57.8827,SEA-011,2002,summer,3.3
23.9167,57.85,SEA-011,2002,summer,3.3
22.8833,57.7976,SEA-011,2002,summer,3.2
24.2167,57.1833,LAT-005,2002,summer,4
23.8883,57.055,LAT-005,2002,summer,3.9
24.0017,57.0833,LAT-005,2002,autumn,2.72857142857143
23.9833,57.1,LAT-005,2002,autumn,3.375
24.097,57.0986,LAT-005,2002,autumn,2.63333333333333
24.25,57.1683,LAT-005,2002,autumn,2.85
24.3667,57.24,LAT-005,2002,autumn,2.85
24.3733,57.315,LAT-004,2002,autumn,4
24.0833,57.35,SEA-011,2002,autumn,3.66666666666667
24.3367,57.5933,LAT-004,2002,autumn,2.75
24.1167,57.6,SEA-011,2002,autumn,3.83333333333333
23.6167,57.6167,SEA-011,2002,autumn,4.5
22.9833,57.5667,SEA-011,2002,autumn,4.5
22.8167,57.5333,LAT-003,2002,autumn,4
23.07,57.3967,LAT-004,2002,autumn,3.7
23.4833,57.4,SEA-011,2002,autumn,4.1
23.7667,57.4167,SEA-011,2002,autumn,3.55
23.85,57.3,SEA-011,2002,autumn,3.63333333333333
23.6667,57.1667,SEA-011,2002,autumn,4.1
23.4867,57.0467,LAT-003,2002,autumn,3.4
23.705,56.9767,LAT-005,2002,autumn,3.1
23.7433,56.98,LAT-005,2002,autumn,2.85
23.92,57.025,LAT-005,2002,autumn,3.15
23.9683,57.0433,LAT-005,2002,autumn,2.8
23.9792,57.0737,LAT-005,2002,autumn,2.8
23.9333,57.1667,LAT-005,2002,autumn,4
23.9423,57.1477,LAT-005,2002,autumn,4.5
23.9859,57.094,LAT-005,2002,autumn,4.5
23.9922,57.0753,LAT-005,2002,autumn,3
24.001,57.0711,LAT-005,2002,autumn,2.7
24.1066,57.0862,LAT-005,2002,autumn,2.4
24.0842,57.081,LAT-005,2002,autumn,2.3
24.0347,57.07,LAT-005,2002,autumn,2.6
23.1765,57.3268,LAT-004,2002,autumn,3
24.3533,57.4483,LAT-004,2002,autumn,3.1
24.315,57.7467,LAT-004,2002,autumn,2.8
24.3085,57.856,LAT-004,2002,autumn,2.2
24.2433,57.88,SEA-011,2002,autumn,3.3
23.254,57.1667,LAT-003,2002,autumn,2.5
23.85,57.3,SEA-011,2003,winter,2.5
24.0017,57.0833,LAT-005,2003,winter,3.15
22.9833,57.5667,SEA-011,1979,spring,3.25
22.8833,57.7976,SEA-011,1979,spring,4
23.35,57.96,EST-019,1979,spring,3.25
22.41,57.8433,SEA-011,1979,spring,2.5
23.9833,57.1,LAT-005,1979,spring,1.2
23.85,57.3,SEA-011,1979,spring,2
23.7667,57.4167,SEA-011,1979,spring,2.5
23.4833,57.4,SEA-011,1979,spring,2.5
23.6167,57.6167,SEA-011,1979,spring,3.5
24.1167,57.6,SEA-011,1979,spring,3
23.4,58.2,EST-019,1979,spring,3
23.85,57.3,SEA-011,1979,summer,4.75
23.7667,57.4167,SEA-011,1979,summer,5.25
23.4833,57.4,SEA-011,1979,summer,5
22.9833,57.5667,SEA-011,1979,summer,5
23.6167,57.6167,SEA-011,1979,summer,6.75
24.1167,57.6,SEA-011,1979,summer,4.5
22.8833,57.7976,SEA-011,1979,summer,5
23.6167,57.6167,SEA-011,1979,autumn,7
23.4833,57.4,SEA-011,1979,autumn,5.5
22.8833,57.7976,SEA-011,1979,autumn,4.5
23.2507,57.5962,SEA-011,1979,spring,3
22.8781,57.5354,SEA-011,1979,spring,2.75
22.71,57.88,SEA-011,1979,spring,3
24.2976,57.5922,SEA-011,1979,spring,2.25
23.8667,57.6,SEA-011,1979,spring,3
23.4024,57.6021,SEA-011,1979,spring,2.5
22.54167,57.95,SEA-011,1979,summer,6
22.8781,57.5354,SEA-011,1979,summer,4.75
23.8667,57.6,SEA-011,1979,summer,4.5
23.2507,57.5962,SEA-011,1979,summer,4.5
22.9333,57.7,SEA-011,1979,autumn,4.5
24.37333,57.31564,LAT-004,2022,spring,1.5
24.28698,57.31387,SEA-011,2022,spring,1.5
24.08356,57.35093,SEA-011,2022,spring,2.8
24.35075,57.44793,LAT-004,2022,spring,1.7
24.29788,57.59233,SEA-011,2022,spring,1.6
22.88629,57.79706,SEA-011,2022,spring,2.6
22.98346,57.5678,SEA-011,2022,spring,2.6
23.23824,57.359,SEA-011,2022,spring,3.5
23.48212,57.39971,SEA-011,2022,spring,3.4
23.33307,57.22192,SEA-011,2022,spring,3.2
23.66735,57.16858,SEA-011,2022,spring,1.8
23.48717,57.04767,LAT-003,2022,spring,3
23.61641,57.61777,SEA-011,2022,spring,3.1
23.76769,57.41807,SEA-011,2022,spring,3.5
23.84872,57.30011,SEA-011,2022,spring,3.5
23.93354,57.1684,LAT-005,2022,spring,1.4
24.24969,57.16857,LAT-005,2022,spring,1.1
24.21881,57.18227,LAT-005,2022,spring,1.5
24.0089,57.08348,LAT-005,2022,spring,1.8
23.98368,57.10365,LAT-005,2022,spring,2
23.95762,57.12483,LAT-005,2022,spring,2.2
23.93393,57.16685,LAT-005,2022,spring,2.2
23.85037,57.29998,SEA-011,2022,spring,3
23.66665,57.16692,SEA-011,2022,spring,2.5
23.4856,57.04653,LAT-003,2022,spring,2.5
23.74355,56.98023,LAT-005,2022,spring,2.5
23.06995,57.39717,LAT-004,2022,spring,3
22.81633,57.53367,LAT-003,2022,spring,3.5
22.98368,57.5663,SEA-011,2022,spring,2.8
22.618,57.73352,LAT-003,2022,spring,3.5
22.88395,57.79703,SEA-011,2022,spring,2.8
22.41038,57.84432,SEA-011,2022,spring,3
23.76632,57.41552,SEA-011,2022,spring,2.5
23.61565,57.61565,SEA-011,2022,spring,3
23.91677,57.84937,SEA-011,2022,spring,2.8
24.24238,57.87982,SEA-011,2022,spring,2.2
24.11813,57.59995,SEA-011,2022,spring,2.8
24.30137,57.59132,SEA-011,2022,spring,2.2
24.33702,57.59317,LAT-004,2022,spring,1.8
24.08363,57.35023,SEA-011,2022,spring,2.5
24.28657,57.3127,SEA-011,2022,spring,3
24.37483,57.3154,LAT-004,2022,spring,1.8
24.25183,57.16742,LAT-005,2022,spring,1.8
24.21722,57.18318,LAT-005,2022,spring,1.8
22.41021,57.84536,SEA-011,2022,summer,3.2
22.81525,57.53468,LAT-003,2022,summer,3.8
22.98271,57.56708,SEA-011,2022,summer,3.8
23.0703,57.39865,LAT-004,2022,summer,3
23.76478,57.41656,SEA-011,2022,summer,3.4
24.08238,57.35161,SEA-011,2022,summer,3.2
23.84988,57.29995,SEA-011,2022,summer,4
23.93445,57.16665,LAT-005,2022,summer,3.5
23.66735,57.1672,SEA-011,2022,summer,3.4
23.253,57.1669,LAT-003,2022,summer,3
23.7413,56.98016,LAT-005,2022,summer,2.8
23.91973,57.02528,LAT-005,2022,summer,2.5
23.8863,57.05531,LAT-005,2022,summer,2
23.99985,57.08328,LAT-005,2022,summer,2
23.9823,57.10316,LAT-005,2022,summer,3
24.21661,57.18283,LAT-005,2022,summer,3.2
24.3742,57.3151,LAT-004,2022,summer,2.3
24.3734,57.3144,LAT-004,2022,summer,2.5
24.08292,57.34938,SEA-011,2022,summer,2.5
24.21604,57.18391,LAT-005,2022,summer,3
24.25153,57.16811,LAT-005,2022,summer,1.5
23.932,57.16717,LAT-005,2022,summer,2.5
23.98257,57.10493,LAT-005,2022,summer,1.5
24.00081,57.08345,LAT-005,2022,summer,2
23.88822,57.05547,LAT-005,2022,summer,2
23.91957,57.02501,LAT-005,2022,summer,1.5
23.74191,56.9812,LAT-005,2022,summer,2
23.48632,57.04697,LAT-003,2022,summer,2
23.66767,57.16723,SEA-011,2022,summer,2.5
23.86867,57.30646,SEA-011,2022,summer,3
23.76639,57.4157,SEA-011,2022,summer,3.5
23.48243,57.39984,SEA-011,2022,summer,2.5
23.06995,57.39664,LAT-004,2022,summer,5
22.97983,57.56571,SEA-011,2022,summer,3
23.61396,57.61695,SEA-011,2022,summer,3
24.11678,57.59867,SEA-011,2022,summer,2.5
24.35355,57.448383,LAT-004,2022,summer,3.5
24.335833,57.59275,LAT-004,2022,summer,4
24.234,57.60015,SEA-011,2022,summer,3.7
24.314733,57.746783,LAT-004,2022,summer,2.1
24.242683,57.8798,SEA-011,2022,summer,2.5
24.3751,57.31584,LAT-004,2022,autumn,27
24.29001,57.31334,SEA-011,2022,autumn,2.8
24.08537,57.34986,SEA-011,2022,autumn,3.6
23.76942,57.41651,SEA-011,2022,autumn,4.7
23.4852,57.39982,SEA-011,2022,autumn,4.5
24.24265,57.88081,SEA-011,2022,autumn,2.9
24.3166,57.74802,LAT-004,2022,autumn,2.8
24.11875,57.6015,SEA-011,2022,autumn,3.8
24.2987,57.59271,SEA-011,2022,autumn,2.8
24.33716,57.59342,LAT-004,2022,autumn,2.9
24.35355,57.44897,LAT-004,2022,autumn,2.8
24.21541,57.18396,LAT-005,2022,autumn,2.7
23.66644,57.16694,SEA-011,2022,autumn,4.7
23.85049,57.30025,SEA-011,2022,autumn,4.8
23.33095,57.21976,SEA-011,2022,autumn,4.1
23.25326,57.16687,LAT-003,2022,autumn,3.7
23.07094,57.39785,LAT-004,2022,autumn,2.1
24.1318,57.9683,SEA-011,1973,spring,4.5
24.483,58.325,EST-013,1973,spring,2.2
24.4,58.3,EST-013,1973,spring,1.5
24.358,58.262,EST-013,1973,spring,3
24.233,58.108,EST-018,1973,spring,3.8
24.2,58.067,EST-018,1973,spring,4
23.9733,58.0667,SEA-011,1973,spring,4
23.905,58.045,EST-019,1973,spring,4.5
23.875,58.025,SEA-011,1973,spring,0.5
23.875,58.0117,SEA-011,1973,spring,4.5
23.8833,58.0017,SEA-011,1973,spring,4.5
23.8833,57.9833,SEA-011,1973,spring,4.5
23.9167,57.85,SEA-011,1973,spring,5
23.915,57.7933,SEA-011,1973,spring,4.5
23.9033,57.76,SEA-011,1973,spring,4.5
24.2,58.067,EST-018,1973,summer,3
24.1318,57.9683,SEA-011,1973,summer,3
23.9033,57.76,SEA-011,1973,summer,3
23.915,57.7933,SEA-011,1973,summer,3
23.9167,57.85,SEA-011,1973,summer,3
23.9733,58.0667,SEA-011,1973,summer,2.5
23.905,58.045,EST-019,1973,summer,2.5
23.875,58.025,SEA-011,1973,summer,2.5
23.875,58.0117,SEA-011,1973,summer,2.5
23.8833,58.0017,SEA-011,1973,summer,2.5
23.8833,57.9833,SEA-011,1973,summer,2.5
24.233,58.108,EST-018,1973,summer,2.5
24.358,58.262,EST-013,1973,summer,2.5
24.4,58.3,EST-013,1973,summer,1.5
24.483,58.325,EST-013,1973,summer,1
23.9833,57.1,LAT-005,1985,spring,2.5
23.4718,58.4311,EST-018,1985,spring,9
23.9833,57.1,LAT-005,1985,summer,3
23.85,57.3,SEA-011,1985,summer,4
24.0833,57.35,SEA-011,1985,summer,4
24.1167,57.6,SEA-011,1985,summer,3.5
24.1318,57.9683,SEA-011,1985,summer,4
23.4718,58.4311,EST-018,1985,summer,4
23.4,58.2,EST-019,1985,summer,4
23.35,57.96,EST-019,1985,summer,4
23.4686,57.8333,SEA-011,1985,summer,4
23.6167,57.6167,SEA-011,1985,summer,4
23.8667,57.6,SEA-011,1985,summer,4
23.7667,57.4167,SEA-011,1985,summer,4
23.4833,57.4,SEA-011,1985,summer,4
22.8833,57.7976,SEA-011,1985,summer,3.75
22.71,57.88,SEA-011,1985,summer,3.5
22.41,57.8433,SEA-011,1985,summer,4
24.0017,57.0833,LAT-005,1999,winter,2
23.9833,57.1,LAT-005,1999,winter,2.2
23.9333,57.1667,LAT-005,1999,winter,4.5
24.0833,57.35,SEA-011,1999,winter,4
23.4833,57.4,SEA-011,1999,winter,4
23.85,57.3,SEA-011,1999,spring,3.61666666666667
24.0017,57.0833,LAT-005,1999,spring,1.91666666666667
23.9333,57.1667,LAT-005,1999,spring,2.46
23.4833,57.4,SEA-011,1999,spring,3.5
23.9833,57.1,LAT-005,1999,spring,1.86
23.9792,57.0737,LAT-005,1999,spring,1.66666666666667
23.92,57.025,LAT-005,1999,spring,2.3
24.097,57.0986,LAT-005,1999,spring,2.13333333333333
24.25,57.1683,LAT-005,1999,spring,1.93333333333333
24.3667,57.24,LAT-005,1999,spring,2.26666666666667
24.3733,57.315,LAT-004,1999,spring,2.26666666666667
24.0833,57.35,SEA-011,1999,spring,3.16666666666667
23.7667,57.4167,SEA-011,1999,spring,3.26666666666667
24.1167,57.6,SEA-011,1999,spring,3.53333333333333
23.6167,57.6167,SEA-011,1999,spring,3.6
22.9833,57.5667,SEA-011,1999,spring,3.375
23.6667,57.1667,SEA-011,1999,spring,3.33333333333333
23.4867,57.0467,LAT-003,1999,spring,3.03333333333333
23.705,56.9767,LAT-005,1999,spring,2.8
23.7433,56.98,LAT-005,1999,spring,2.5
23.9565,57.1243,LAT-005,1999,spring,1.8
23.8129,57.0862,LAT-005,1999,spring,1.7
23.8883,57.055,LAT-005,1999,spring,2
23.9683,57.0433,LAT-005,1999,spring,2.3
23.2754,57.173,SEA-011,1999,spring,3.5
23.2123,57.3275,SEA-011,1999,spring,2.8
22.8833,57.7976,SEA-011,1999,spring,3.15
23.35,57.96,EST-019,1999,spring,3.5
23.9167,57.85,SEA-011,1999,spring,2.9
24.2433,57.88,SEA-011,1999,spring,2.5
24.2518,57.7633,SEA-011,1999,spring,2.4
24.3367,57.5933,LAT-004,1999,spring,2.5
24.3533,57.4483,LAT-004,1999,spring,2.6
24.2167,57.1833,LAT-005,1999,spring,2.5
24.1505,57.2233,LAT-005,1999,spring,2.7
22.41,57.8433,SEA-011,1999,spring,3.8
24.0017,57.0833,LAT-005,1999,summer,2.53333333333333
23.9792,57.0737,LAT-005,1999,summer,3
23.9833,57.1,LAT-005,1999,summer,3.18
23.9333,57.1667,LAT-005,1999,summer,3.48
24.097,57.0986,LAT-005,1999,summer,2.93333333333333
24.25,57.1683,LAT-005,1999,summer,2.8
24.3667,57.24,LAT-005,1999,summer,3.03333333333333
24.3733,57.315,LAT-004,1999,summer,2.83333333333333
24.0833,57.35,SEA-011,1999,summer,3.9
23.85,57.3,SEA-011,1999,summer,4.15
23.7667,57.4167,SEA-011,1999,summer,3.9
24.1167,57.6,SEA-011,1999,summer,4
23.6167,57.6167,SEA-011,1999,summer,4.26666666666667
22.9833,57.5667,SEA-011,1999,summer,4.33333333333333
23.4833,57.4,SEA-011,1999,summer,4.26666666666667
23.6667,57.1667,SEA-011,1999,summer,4.05
23.4867,57.0467,LAT-003,1999,summer,3.4
23.705,56.9767,LAT-005,1999,summer,3.1
23.7433,56.98,LAT-005,1999,summer,2.8
23.92,57.025,LAT-005,1999,summer,2.5
23.9683,57.0433,LAT-005,1999,summer,2.7
23.9437,57.0907,LAT-005,1999,summer,3
23.9518,57.0853,LAT-005,1999,summer,2.8
23.9565,57.1243,LAT-005,1999,summer,3.8
24.1505,57.2233,LAT-005,1999,summer,4
24.2167,57.1833,LAT-005,1999,summer,3.2
24.3533,57.4483,LAT-004,1999,summer,3.4
24.3367,57.5933,LAT-004,1999,summer,3.4
24.2518,57.7633,SEA-011,1999,summer,3.8
24.2433,57.88,SEA-011,1999,summer,3.5
23.9167,57.85,SEA-011,1999,summer,4.2
23.35,57.96,EST-019,1999,summer,5
23.4,58.2,EST-019,1999,summer,4.2
22.8833,57.7976,SEA-011,1999,summer,4
22.6167,57.7333,LAT-003,1999,summer,3.5
22.8167,57.5333,LAT-003,1999,summer,3.7
23.2128,57.4572,SEA-011,1999,summer,4.7
23.07,57.3967,LAT-004,1999,summer,3.8
23.2123,57.3275,SEA-011,1999,summer,3.5
23.2754,57.173,SEA-011,1999,summer,4
23.749,57.0833,LAT-005,1999,summer,4.5
23.8129,57.0862,LAT-005,1999,summer,4.2
23.8883,57.055,LAT-005,1999,summer,3.7
24.0017,57.0833,LAT-005,1999,autumn,2.75
23.9792,57.0737,LAT-005,1999,autumn,2.3
23.9833,57.1,LAT-005,1999,autumn,3.28333333333333
23.9333,57.1667,LAT-005,1999,autumn,3.9
24.097,57.0986,LAT-005,1999,autumn,2.5
24.25,57.1683,LAT-005,1999,autumn,2.8
24.3667,57.24,LAT-005,1999,autumn,3.2
24.3733,57.315,LAT-004,1999,autumn,2.63333333333333
24.0833,57.35,SEA-011,1999,autumn,4
23.85,57.3,SEA-011,1999,autumn,3.775
23.7667,57.4167,SEA-011,1999,autumn,4.35
24.1167,57.6,SEA-011,1999,autumn,4.5
23.6167,57.6167,SEA-011,1999,autumn,4.5
22.9833,57.5667,SEA-011,1999,autumn,4.03333333333333
23.4833,57.4,SEA-011,1999,autumn,3.5
23.2123,57.3275,SEA-011,1999,autumn,3.05
23.2754,57.173,SEA-011,1999,autumn,3.2
23.6667,57.1667,SEA-011,1999,autumn,3.73333333333333
23.4867,57.0467,LAT-003,1999,autumn,3
23.705,56.9767,LAT-005,1999,autumn,2.9
23.7433,56.98,LAT-005,1999,autumn,2.3
23.92,57.025,LAT-005,1999,autumn,2.35
23.9683,57.0433,LAT-005,1999,autumn,1.9
22.8833,57.7976,SEA-011,1999,autumn,4
23.9167,57.85,SEA-011,1999,autumn,2.9
23.6667,57.1667,SEA-011,2000,winter,3.6
24.3533,57.4483,LAT-004,1993,winter,2
24.3367,57.5933,LAT-004,1993,winter,3
24.1167,57.6,SEA-011,1993,winter,3
24.2518,57.7633,SEA-011,1993,winter,2
23.9683,57.0433,LAT-005,1993,spring,3
23.92,57.025,LAT-005,1993,spring,2.93333333333333
23.7433,56.98,LAT-005,1993,spring,3.625
23.705,56.9767,LAT-005,1993,spring,3.6
23.4867,57.0467,LAT-003,1993,spring,3.6
22.41,57.8433,SEA-011,1993,spring,3.5
23.85,57.3,SEA-011,1993,spring,3.93333333333333
24.3733,57.315,LAT-004,1993,spring,2.93333333333333
24.0017,57.0833,LAT-005,1993,spring,4.53333333333333
24.097,57.0986,LAT-005,1993,spring,5.03333333333333
23.9833,57.1,LAT-005,1993,spring,1.625
24.0833,57.35,SEA-011,1993,spring,2.2
24.25,57.1683,LAT-005,1993,spring,1.9
23.6667,57.1667,SEA-011,1993,spring,4.8
23.9333,57.1667,LAT-005,1993,spring,2.1
22.6167,57.7333,LAT-003,1993,spring,4
22.8833,57.7976,SEA-011,1993,spring,4
23.35,57.96,EST-019,1993,spring,3
23.4,58.2,EST-019,1993,spring,2
23.6167,57.6167,SEA-011,1993,spring,2
22.9833,57.5667,SEA-011,1993,spring,3
23.07,57.3967,LAT-004,1993,spring,3
23.4833,57.4,SEA-011,1993,spring,2
24.3533,57.4483,LAT-004,1993,spring,2
24.3733,57.315,LAT-004,1993,summer,2.66666666666667
24.25,57.1683,LAT-005,1993,summer,2.23333333333333
24.097,57.0986,LAT-005,1993,summer,2.4
24.0017,57.0833,LAT-005,1993,summer,2.65
23.705,56.9767,LAT-005,1993,summer,3.3
23.7433,56.98,LAT-005,1993,summer,3.5
23.92,57.025,LAT-005,1993,summer,3.6
23.9683,57.0433,LAT-005,1993,summer,3
23.85,57.3,SEA-011,1993,summer,3.67142857142857
23.9333,57.1667,LAT-005,1993,summer,3.9
23.9833,57.1,LAT-005,1993,summer,2.7
24.2867,57.3133,SEA-011,1993,summer,1.3
22.8833,57.7976,SEA-011,1993,summer,3
23.4867,57.0467,LAT-003,1993,summer,3
22.6167,57.7333,LAT-003,1993,summer,3
23.85,57.3,SEA-011,1993,autumn,5.5
23.9333,57.1667,LAT-005,1993,autumn,5.5
23.9833,57.1,LAT-005,1993,autumn,2.2
24.0017,57.0833,LAT-005,1993,autumn,2.2
23.705,56.9767,LAT-005,1993,autumn,2.2
23.7433,56.98,LAT-005,1993,autumn,2.9
23.92,57.025,LAT-005,1993,autumn,2
23.9683,57.0433,LAT-005,1993,autumn,2
24.3733,57.315,LAT-004,1993,autumn,2
24.25,57.1683,LAT-005,1993,autumn,1.7
24.097,57.0986,LAT-005,1993,autumn,1.8
23.85,57.3,SEA-011,1994,winter,4.26666666666667
23.9333,57.1667,LAT-005,1994,winter,3.25
23.9833,57.1,LAT-005,1994,winter,2.5
24.1318,57.9683,SEA-011,1982,summer,6
23.4,58.2,EST-019,1982,summer,6.5
22.9833,57.5667,SEA-011,1982,summer,6
23.85,57.3,SEA-011,1982,summer,6
24.1167,57.6,SEA-011,1982,summer,4.5
24.0017,57.0833,LAT-005,2005,winter,1.5
23.9833,57.1,LAT-005,2005,winter,2.4
24.097,57.0986,LAT-005,2005,winter,2.3
24.25,57.1683,LAT-005,2005,winter,2.2
24.3733,57.315,LAT-004,2005,winter,2.5
23.6167,57.6167,SEA-011,2005,winter,2.7
22.8833,57.7976,SEA-011,2005,winter,2
22.6167,57.7333,LAT-003,2005,winter,1.7
22.8167,57.5333,LAT-003,2005,winter,1.5
22.9833,57.5667,SEA-011,2005,winter,2
23.9333,57.1667,LAT-005,2005,winter,2.5
23.9683,57.0433,LAT-005,2005,winter,2
24.0017,57.0833,LAT-005,2005,spring,1.05
23.9833,57.1,LAT-005,2005,spring,1.2
23.9792,57.0737,LAT-005,2005,spring,1
23.9683,57.0433,LAT-005,2005,spring,1.4
23.92,57.025,LAT-005,2005,spring,1.4
23.7433,56.98,LAT-005,2005,spring,1.5
23.705,56.9767,LAT-005,2005,spring,1.95
23.4867,57.0467,LAT-003,2005,spring,1.95
23.6667,57.1667,SEA-011,2005,spring,1.85
23.254,57.1667,LAT-003,2005,spring,2
23.1765,57.3268,LAT-004,2005,spring,2.55
23.4833,57.4,SEA-011,2005,spring,2.8
23.07,57.3967,LAT-004,2005,spring,2.5
22.9833,57.5667,SEA-011,2005,spring,3.15
22.8167,57.5333,LAT-003,2005,spring,2.8
22.6167,57.7333,LAT-003,2005,spring,2.9
23.6167,57.6167,SEA-011,2005,spring,3.4
23.9167,57.85,SEA-011,2005,spring,2
24.0665,57.8827,SEA-011,2005,spring,2
24.2433,57.88,SEA-011,2005,spring,1.8
24.3085,57.856,LAT-004,2005,spring,1.6
24.315,57.7467,LAT-004,2005,spring,1.6
24.3367,57.5933,LAT-004,2005,spring,2.1
24.1167,57.6,SEA-011,2005,spring,3.5
23.7667,57.4167,SEA-011,2005,spring,3.2
23.85,57.3,SEA-011,2005,spring,3.6
24.0833,57.35,SEA-011,2005,spring,3.2
24.3533,57.4483,LAT-004,2005,spring,1.5
24.3733,57.315,LAT-004,2005,spring,1.4
24.3667,57.24,LAT-005,2005,spring,1.3
24.25,57.1683,LAT-005,2005,spring,1.1
23.9333,57.1667,LAT-005,2005,spring,1.8
24.097,57.0986,LAT-005,2005,spring,1.2
23.8129,57.0862,LAT-005,2005,spring,1.2
23.2508,57.3331,SEA-011,2005,spring,3
23.3267,57.1682,SEA-011,2005,spring,2.3
23.8883,57.055,LAT-005,2005,spring,1.2
23.9565,57.1243,LAT-005,2005,spring,1.4
24.0833,57.35,SEA-011,2005,summer,3.9
24.3367,57.5933,LAT-004,2005,summer,2.1
24.2976,57.5922,SEA-011,2005,summer,1.7
24.1167,57.6,SEA-011,2005,summer,3
24.3733,57.315,LAT-004,2005,summer,2.2
24.3667,57.24,LAT-005,2005,summer,1.95
24.1505,57.2233,LAT-005,2005,summer,1.8
24.2167,57.1833,LAT-005,2005,summer,2
24.25,57.1683,LAT-005,2005,summer,2.2
24.097,57.0986,LAT-005,2005,summer,1.35
23.9333,57.1667,LAT-005,2005,summer,2.5
24.0017,57.0833,LAT-005,2005,summer,2.5
23.9792,57.0737,LAT-005,2005,summer,1.9
23.9833,57.1,LAT-005,2005,summer,2
22.8833,57.7976,SEA-011,2005,summer,3
22.6167,57.7333,LAT-003,2005,summer,3.1
22.8167,57.5333,LAT-003,2005,summer,3
22.9833,57.5667,SEA-011,2005,summer,3.2
23.07,57.3967,LAT-004,2005,summer,2.9
23.4833,57.4,SEA-011,2005,summer,3
23.254,57.1667,LAT-003,2005,summer,3
23.4867,57.0467,LAT-003,2005,summer,3.2
23.6667,57.1667,SEA-011,2005,summer,3
23.705,56.9767,LAT-005,2005,summer,2.9
23.7433,56.98,LAT-005,2005,summer,2.6
23.92,57.025,LAT-005,2005,summer,2.5
23.9683,57.0433,LAT-005,2005,summer,2.6
23.6167,57.6167,SEA-011,2005,summer,3.2
23.9167,57.85,SEA-011,2005,summer,3
24.0665,57.8827,SEA-011,2005,summer,3
24.2433,57.88,SEA-011,2005,summer,2.6
24.3085,57.856,LAT-004,2005,summer,1.9
24.315,57.7467,LAT-004,2005,summer,2.2
24.3533,57.4483,LAT-004,2005,summer,2.2
23.7667,57.4167,SEA-011,2005,summer,3.7
23.85,57.3,SEA-011,2005,summer,2.9
24.0017,57.0833,LAT-005,2005,autumn,3.8
23.9792,57.0737,LAT-005,2005,autumn,2.7
23.9683,57.0433,LAT-005,2005,autumn,2.6
23.92,57.025,LAT-005,2005,autumn,2.5
22.8833,57.7976,SEA-011,2005,autumn,1.95
22.6167,57.7333,LAT-003,2005,autumn,2.1
22.8167,57.5333,LAT-003,2005,autumn,2.6
22.9833,57.5667,SEA-011,2005,autumn,2.3
23.254,57.1667,LAT-003,2005,autumn,1.9
23.4867,57.0467,LAT-003,2005,autumn,2.2
23.705,56.9767,LAT-005,2005,autumn,2.3
23.6667,57.1667,SEA-011,2005,autumn,2.2
23.9333,57.1667,LAT-005,2005,autumn,1.9
24.0665,57.8827,SEA-011,2006,winter,1.9
24.2433,57.88,SEA-011,2006,winter,1.9
24.3085,57.856,LAT-004,2006,winter,1.7
24.315,57.7467,LAT-004,2006,winter,1.5
24.1167,57.6,SEA-011,2006,winter,1.9
23.6167,57.6167,SEA-011,2006,winter,3.1
23.7667,57.4167,SEA-011,2006,winter,2.5
24.3733,57.315,LAT-004,2006,winter,2.5
24.3667,57.24,LAT-005,2006,winter,2.1
24.25,57.1683,LAT-005,2006,winter,1.85
24.097,57.0986,LAT-005,2006,winter,2.3
24.0017,57.0833,LAT-005,2019,spring,1.73333333333333
23.9833,57.1,LAT-005,2019,spring,1.9
23.85,57.3,SEA-011,2019,spring,1.9
22.6167,57.7333,LAT-003,2019,spring,2.7
22.8833,57.7976,SEA-011,2019,spring,2.7
22.8167,57.5333,LAT-003,2019,spring,2.1
22.9833,57.5667,SEA-011,2019,spring,2.1
23.07,57.3967,LAT-004,2019,spring,2
23.2373,57.3589,SEA-011,2019,spring,2.2
23.4833,57.4,SEA-011,2019,spring,2
23.4867,57.0467,LAT-003,2019,spring,1.9
23.7433,56.98,LAT-005,2019,spring,1.7
23.92,57.025,LAT-005,2019,spring,1.7
23.8883,57.055,LAT-005,2019,spring,1.7
23.9333,57.1667,LAT-005,2019,spring,2
23.9565,57.1243,LAT-005,2019,spring,1.8
24.25,57.1683,LAT-005,2019,spring,1.9
24.2167,57.1833,LAT-005,2019,spring,1.9
24.1167,57.6,SEA-011,2019,spring,2.8
24.2976,57.5922,SEA-011,2019,spring,2
24.3367,57.5933,LAT-004,2019,spring,2.2
24.3533,57.4483,LAT-004,2019,spring,2.1
24.3733,57.315,LAT-004,2019,spring,2.1
24.2867,57.3133,SEA-011,2019,spring,2.2
24.0833,57.35,SEA-011,2019,spring,2
24.25,57.1683,LAT-005,2019,summer,2.1
23.85,57.3,SEA-011,2019,summer,2.5
23.7433,56.98,LAT-005,2019,summer,2.2
23.9833,57.1,LAT-005,2019,summer,2.7
24.0017,57.0833,LAT-005,2019,autumn,2.5
23.9833,57.1,LAT-005,2019,autumn,2.75
23.92,57.025,LAT-005,2019,autumn,4.8
24.3733,57.315,LAT-004,2019,autumn,3.75
24.25,57.1683,LAT-005,2019,autumn,2.65
24.3533,57.4483,LAT-004,2019,autumn,3.5
23.92,57.025,LAT-005,2020,winter,2.5
23.7433,56.98,LAT-005,2020,winter,2
23.4867,57.0467,LAT-003,2020,winter,2.5
23.254,57.1667,LAT-003,2020,winter,2.5
23.07,57.3967,LAT-004,2020,winter,3
23.4833,57.4,SEA-011,2020,winter,2.9
24.0017,57.0833,LAT-005,1994,winter,2.5
24.3733,57.315,LAT-004,1994,winter,4.2
24.25,57.1683,LAT-005,1994,winter,3
24.097,57.0986,LAT-005,1994,winter,3.3
23.4867,57.0467,LAT-003,1994,winter,3.6
23.7433,56.98,LAT-005,1994,winter,3.6
23.92,57.025,LAT-005,1994,winter,2.8
23.9683,57.0433,LAT-005,1994,winter,3.3
23.85,57.3,SEA-011,1994,spring,1.4
23.9833,57.1,LAT-005,1994,spring,1
23.0765,57.8223,SEA-011,1994,spring,3.75
22.9965,57.8174,SEA-011,1994,spring,3.9
22.8833,57.7976,SEA-011,1994,spring,4
22.8237,57.8132,SEA-011,1994,spring,4
24.3733,57.315,LAT-004,1994,spring,1.85
24.25,57.1683,LAT-005,1994,spring,0.95
24.097,57.0986,LAT-005,1994,spring,1.3
24.0017,57.0833,LAT-005,1994,spring,1.23333333333333
23.4867,57.0467,LAT-003,1994,spring,2.1
23.7433,56.98,LAT-005,1994,spring,1.73333333333333
23.92,57.025,LAT-005,1994,spring,1.33333333333333
23.9683,57.0433,LAT-005,1994,spring,1.46666666666667
22.41,57.8433,SEA-011,1994,spring,3
24.3367,57.5933,LAT-004,1994,spring,2
24.1167,57.6,SEA-011,1994,spring,1
23.6167,57.6167,SEA-011,1994,spring,2
23.7667,57.4167,SEA-011,1994,spring,1
24.0833,57.35,SEA-011,1994,spring,2.25
23.6667,57.1667,SEA-011,1994,spring,1.4
23.2754,57.173,SEA-011,1994,spring,1
23.4833,57.4,SEA-011,1994,spring,1
23.9333,57.1667,LAT-005,1994,spring,1.4
23.85,57.3,SEA-011,1994,summer,3.86666666666667
23.9833,57.1,LAT-005,1994,summer,2.36666666666667
23.6667,57.1667,SEA-011,1994,summer,2.83333333333333
23.4833,57.4,SEA-011,1994,summer,3.7
22.9833,57.5667,SEA-011,1994,summer,3.3
23.9333,57.1667,LAT-005,1994,summer,2.9
23.4867,57.0467,LAT-003,1994,summer,3
23.7433,56.98,LAT-005,1994,summer,2.9
23.92,57.025,LAT-005,1994,summer,2.36666666666667
23.9683,57.0433,LAT-005,1994,summer,2.26666666666667
24.0017,57.0833,LAT-005,1994,summer,1.7
24.25,57.1683,LAT-005,1994,summer,2.3
24.3733,57.315,LAT-004,1994,summer,2.5
24.097,57.0986,LAT-005,1994,summer,2.15
23.0765,57.8223,SEA-011,1994,summer,3.5
22.9965,57.8174,SEA-011,1994,summer,3.1
22.8833,57.7976,SEA-011,1994,summer,3
22.8237,57.8132,SEA-011,1994,summer,2.8
22.6167,57.7333,LAT-003,1994,summer,3
22.8167,57.5333,LAT-003,1994,summer,3.4
23.07,57.3967,LAT-004,1994,summer,2
23.2754,57.173,SEA-011,1994,summer,2.8
24.0833,57.35,SEA-011,1994,summer,3.9
23.7667,57.4167,SEA-011,1994,summer,3.8
23.6167,57.6167,SEA-011,1994,summer,4
23.35,57.96,EST-019,1994,summer,4.1
24.2433,57.88,SEA-011,1994,summer,3.3
24.2518,57.7633,SEA-011,1994,summer,3.1
24.1167,57.6,SEA-011,1994,summer,3.2
24.3367,57.5933,LAT-004,1994,summer,3.3
24.3533,57.4483,LAT-004,1994,summer,3
23.9833,57.1,LAT-005,1994,autumn,3.12857142857143
23.9333,57.1667,LAT-005,1994,autumn,4.7
23.85,57.3,SEA-011,1994,autumn,4.62
23.7667,57.4167,SEA-011,1994,autumn,3.9
23.4833,57.4,SEA-011,1994,autumn,3.9
23.07,57.3967,LAT-004,1994,autumn,3.5
22.6167,57.7333,LAT-003,1994,autumn,3.2
23.35,57.96,EST-019,1994,autumn,4.1
23.9167,57.85,SEA-011,1994,autumn,4.1
24.3733,57.315,LAT-004,1994,autumn,3.2
24.25,57.1683,LAT-005,1994,autumn,2.76666666666667
24.097,57.0986,LAT-005,1994,autumn,3.15
24.0017,57.0833,LAT-005,1994,autumn,2.9
23.9683,57.0433,LAT-005,1994,autumn,3.46666666666667
23.92,57.025,LAT-005,1994,autumn,3.3
23.7433,56.98,LAT-005,1994,autumn,3.93333333333333
23.4867,57.0467,LAT-003,1994,autumn,3.9
23.2754,57.173,SEA-011,1994,autumn,3.8
23.6667,57.1667,SEA-011,1994,autumn,4.56666666666667
23.9833,57.1,LAT-005,1995,winter,2.28
23.9333,57.1667,LAT-005,1995,winter,2
23.6667,57.1667,SEA-011,1995,winter,2
23.35,57.96,EST-019,1995,winter,2.9
23.9167,57.85,SEA-011,1995,winter,2.4
24.0017,57.0833,LAT-005,1995,winter,2.1
24.097,57.0986,LAT-005,1995,winter,2.4
24.25,57.1683,LAT-005,1995,winter,2.8
23.9683,57.0433,LAT-005,1995,winter,2.8
23.92,57.025,LAT-005,1995,winter,2
23.85,57.3,SEA-011,1995,winter,3.95
23.9833,57.1,LAT-005,1977,spring,1.2
23.85,57.3,SEA-011,1977,spring,2
23.35,57.96,EST-019,1977,spring,5
22.41,57.8433,SEA-011,1977,spring,4
22.8833,57.7976,SEA-011,1977,spring,4.5
24.1167,57.6,SEA-011,1977,spring,4
23.4833,57.4,SEA-011,1977,spring,4.25
24.0833,57.35,SEA-011,1977,spring,3.5
23.7667,57.4167,SEA-011,1977,spring,4
23.6167,57.6167,SEA-011,1977,spring,3.5
22.9833,57.5667,SEA-011,1977,spring,3
24.1318,57.9683,SEA-011,1977,spring,2
23.4,58.2,EST-019,1977,spring,3
23.85,57.3,SEA-011,1977,summer,7
23.4833,57.4,SEA-011,1977,summer,5.5
24.0833,57.35,SEA-011,1977,summer,5.5
23.7667,57.4167,SEA-011,1977,summer,6.5
23.6167,57.6167,SEA-011,1977,summer,5.25
24.1167,57.6,SEA-011,1977,summer,6
22.9833,57.5667,SEA-011,1977,summer,5.25
22.8833,57.7976,SEA-011,1977,summer,6
23.35,57.96,EST-019,1977,summer,4.5
23.4833,57.4,SEA-011,1977,autumn,7
23.9833,57.1,LAT-005,1977,autumn,5
24.0833,57.35,SEA-011,1977,autumn,6.5
24.1167,57.6,SEA-011,1977,autumn,5.5
22.9833,57.5667,SEA-011,1977,autumn,6
22.71,57.88,SEA-011,1977,spring,4
22.9333,57.7,SEA-011,1977,spring,5
23.8667,57.6,SEA-011,1977,spring,2.75
23.2507,57.5962,SEA-011,1977,spring,4
24.2976,57.5922,SEA-011,1977,spring,3.5
23.0503,57.9508,EST-019,1977,spring,5.5
22.8781,57.5354,SEA-011,1977,spring,2.5
23.4024,57.6021,SEA-011,1977,spring,3
23.4718,58.4311,EST-018,1977,spring,2.5
23.4686,57.8333,SEA-011,1977,spring,3.5
22.8781,57.5354,SEA-011,1977,summer,6
23.8667,57.6,SEA-011,1977,summer,5.5
23.4024,57.6021,SEA-011,1977,summer,6
23.2507,57.5962,SEA-011,1977,summer,6.5
24.2976,57.5922,SEA-011,1977,summer,4
23.4686,57.8333,SEA-011,1977,summer,6
23.2507,57.5962,SEA-011,1977,autumn,6.5
22.8781,57.5354,SEA-011,1977,autumn,5
24.3533,58.0708,EST-018,1971,winter,3.5
24.1318,57.9683,SEA-011,1971,summer,3.83333333333333
24.1167,57.6,SEA-011,1971,summer,4.5
24.0833,57.35,SEA-011,1971,summer,4
23.9833,57.1,LAT-005,1971,summer,3.5
23.85,57.3,SEA-011,1971,summer,4.75
22.8781,57.5354,SEA-011,1971,summer,2
23.7333,57.0333,LAT-005,1971,summer,4
23.4333,57.2667,SEA-011,1971,summer,5
24.1505,57.2233,LAT-005,1971,summer,4.5
23.6167,57.6167,SEA-011,1971,summer,5.25
23.35,57.96,EST-019,1971,summer,6.5
23.0503,57.9508,EST-019,1971,summer,6
23.4686,57.8333,SEA-011,1971,summer,6
22.41,57.8433,SEA-011,1971,summer,5.5
22.5667,58.01667,SEA-011,1971,summer,6.5
22.9833,57.5667,SEA-011,1971,summer,4.5
23.4,58.2,EST-019,1971,summer,5
23.4718,58.4311,EST-018,1971,summer,3
22.8781,57.5354,SEA-011,1971,autumn,3.5
22.9833,57.5667,SEA-011,1971,autumn,4.75
22.8667,57.5167,SEA-011,1971,autumn,3
24.2976,57.5922,SEA-011,1971,autumn,2.5
24.0017,57.0833,LAT-005,2014,spring,1.9
23.9833,57.1,LAT-005,2014,spring,1.8
23.92,57.025,LAT-005,2014,spring,1.9
23.8883,57.055,LAT-005,2014,spring,1.9
23.7433,56.98,LAT-005,2014,spring,2.5
22.41,57.8433,SEA-011,2014,spring,4.5
22.8833,57.7976,SEA-011,2014,spring,4
22.8167,57.5333,LAT-003,2014,spring,3
22.9833,57.5667,SEA-011,2014,spring,3.8
23.07,57.3967,LAT-004,2014,spring,3.5
23.4833,57.4,SEA-011,2014,spring,4
23.6667,57.1667,SEA-011,2014,spring,4
23.4867,57.0467,LAT-003,2014,spring,2.5
24.25,57.1683,LAT-005,2014,spring,1.8
24.2167,57.1833,LAT-005,2014,spring,2.8
23.9565,57.1243,LAT-005,2014,spring,3.8
23.9333,57.1667,LAT-005,2014,spring,4
23.85,57.3,SEA-011,2014,spring,3
24.0833,57.35,SEA-011,2014,spring,3
24.2867,57.3133,SEA-011,2014,spring,3.5
24.3733,57.315,LAT-004,2014,spring,3
24.3533,57.4483,LAT-004,2014,spring,3
24.2717,57.4415,SEA-011,2014,spring,3
23.6167,57.6167,SEA-011,2014,spring,4
23.9167,57.85,SEA-011,2014,spring,4
24.2433,57.88,SEA-011,2014,spring,3.6
24.315,57.7467,LAT-004,2014,spring,2.5
24.1167,57.6,SEA-011,2014,spring,3
23.7667,57.4167,SEA-011,2014,spring,4
22.441721,57.830105,SEA-011,2014,spring,4
22.43925,57.819,SEA-011,2014,spring,4.2
23.4,58.2,EST-019,2014,summer,3
22.8833,57.7976,SEA-011,2014,summer,3.2
22.6167,57.7333,LAT-003,2014,summer,3.5
22.8167,57.5333,LAT-003,2014,summer,3.5
22.9833,57.5667,SEA-011,2014,summer,4
23.07,57.3967,LAT-004,2014,summer,3.5
23.6167,57.6167,SEA-011,2014,summer,3.5
23.4867,57.0467,LAT-003,2014,summer,3.5
23.6667,57.1667,SEA-011,2014,summer,2.7
23.7433,56.98,LAT-005,2014,summer,3
23.92,57.025,LAT-005,2014,summer,3
23.8883,57.055,LAT-005,2014,summer,3
24.0017,57.0833,LAT-005,2014,summer,2.5
23.9833,57.1,LAT-005,2014,summer,2.5
23.9333,57.1667,LAT-005,2014,summer,3
24.25,57.1683,LAT-005,2014,summer,3
24.2167,57.1833,LAT-005,2014,summer,2.8
23.85,57.3,SEA-011,2014,summer,2.8
23.7667,57.4167,SEA-011,2014,summer,3
24.0833,57.35,SEA-011,2014,summer,3.5
24.3733,57.315,LAT-004,2014,summer,3
24.2867,57.3133,SEA-011,2014,summer,2.5
24.3533,57.4483,LAT-004,2014,summer,3
24.3367,57.5933,LAT-004,2014,summer,2.5
24.2976,57.5922,SEA-011,2014,summer,3.5
24.1167,57.6,SEA-011,2014,summer,3
24.315,57.7467,LAT-004,2014,summer,2.5
24.2433,57.88,SEA-011,2014,summer,3
23.9167,57.85,SEA-011,2014,summer,4
23.9167,57.85,SEA-011,2014,autumn,3.5
24.2433,57.88,SEA-011,2014,autumn,3.5
24.315,57.7467,LAT-004,2014,autumn,2
23.85,57.3,SEA-011,2014,autumn,3.8
24.2167,57.1833,LAT-005,2014,autumn,2.5
24.25,57.1683,LAT-005,2014,autumn,2
23.9333,57.1667,LAT-005,2014,autumn,5
24.0017,57.0833,LAT-005,2014,autumn,2
23.9833,57.1,LAT-005,2014,autumn,2
23.92,57.025,LAT-005,2014,autumn,2
23.8883,57.055,LAT-005,2014,autumn,3.5
23.4833,57.4,SEA-011,2014,autumn,3.5
23.07,57.3967,LAT-004,2014,autumn,3.5
22.8167,57.5333,LAT-003,2014,autumn,3.5
22.9833,57.5667,SEA-011,2014,autumn,3.5
22.6167,57.7333,LAT-003,2014,autumn,3.5
23.85,57.3,SEA-011,1997,spring,4.6
23.9833,57.1,LAT-005,1997,spring,1.6
24.25,57.1683,LAT-005,1997,spring,1.9
24.0833,57.35,SEA-011,1997,spring,3.95
23.7667,57.4167,SEA-011,1997,spring,4.25
23.6167,57.6167,SEA-011,1997,spring,3.45
23.4833,57.4,SEA-011,1997,spring,3.4
23.9005,57.2327,LAT-005,1997,spring,4.6
23.9333,57.1667,LAT-005,1997,spring,4.3
24.0527,57.1107,LAT-005,1997,spring,1.9
24.0588,57.1017,LAT-005,1997,spring,1.8
24.0215,57.092,LAT-005,1997,spring,1.6
24.0093,57.0792,LAT-005,1997,spring,1.6
24.0017,57.0833,LAT-005,1997,spring,1.55
23.9891,57.0922,LAT-005,1997,spring,1.7
23.9471,57.0864,LAT-005,1997,spring,2.6
23.9708,57.0812,LAT-005,1997,spring,1.6
23.9898,57.0632,LAT-005,1997,spring,1.5
23.9792,57.0737,LAT-005,1997,spring,2.2
24.097,57.0986,LAT-005,1997,spring,1.5
24.2362,57.1582,LAT-005,1997,spring,1.5
24.3667,57.24,LAT-005,1997,spring,1.9
24.3733,57.315,LAT-004,1997,spring,1.5
24.3533,57.4483,LAT-004,1997,spring,1.8
24.3367,57.5933,LAT-004,1997,spring,4
24.1167,57.6,SEA-011,1997,spring,2.5
24.2614,57.7159,SEA-011,1997,spring,2.5
24.2518,57.7633,SEA-011,1997,spring,3
24.2433,57.88,SEA-011,1997,spring,3
24.0665,57.8827,SEA-011,1997,spring,4
23.9167,57.85,SEA-011,1997,spring,3
23.2123,57.3275,SEA-011,1997,spring,2.2
23.2754,57.173,SEA-011,1997,spring,2.5
23.6667,57.1667,SEA-011,1997,spring,3
23.4867,57.0467,LAT-003,1997,spring,2.3
23.705,56.9767,LAT-005,1997,spring,2.2
23.7433,56.98,LAT-005,1997,spring,2.5
23.9107,57.0525,LAT-005,1997,spring,2
23.92,57.025,LAT-005,1997,spring,2
23.9683,57.0433,LAT-005,1997,spring,2.5
23.9792,57.0737,LAT-005,1997,summer,1.75
24.0017,57.0833,LAT-005,1997,summer,2
23.9833,57.1,LAT-005,1997,summer,2.66666666666667
23.9683,57.0433,LAT-005,1997,summer,1.86666666666667
23.92,57.025,LAT-005,1997,summer,2.325
23.9107,57.0525,LAT-005,1997,summer,1.9
23.8785,56.9945,LAT-005,1997,summer,1.5
23.829,56.9858,LAT-005,1997,summer,1.4
23.786,56.9772,LAT-005,1997,summer,1.3
23.7273,56.9693,LAT-005,1997,summer,1.2
23.7433,56.98,LAT-005,1997,summer,2.425
23.6897,56.9652,LAT-005,1997,summer,1.35
23.6162,56.9685,"",1997,summer,1.35
23.562,56.9798,"",1997,summer,1.375
23.5255,56.9984,"",1997,summer,1.8
23.705,56.9767,LAT-005,1997,summer,2.725
24.097,57.0986,LAT-005,1997,summer,2.2
24.1414,57.0965,LAT-005,1997,summer,1.46666666666667
24.2362,57.1582,LAT-005,1997,summer,2.6
24.25,57.1683,LAT-005,1997,summer,2.95
24.3667,57.24,LAT-005,1997,summer,2.8
24.394,57.2462,LAT-005,1997,summer,1.7
24.4067,57.2627,LAT-004,1997,summer,1.65
23.85,57.3,SEA-011,1997,summer,4.12
24.0833,57.35,SEA-011,1997,summer,3.63333333333333
24.405,57.3065,LAT-004,1997,summer,1.65
24.4013,57.3273,LAT-004,1997,summer,1.85
24.3733,57.315,LAT-004,1997,summer,2.775
24.3533,57.4483,LAT-004,1997,summer,2.76666666666667
24.3803,57.493,LAT-004,1997,summer,1.75
24.3367,57.5933,LAT-004,1997,summer,2.6
24.3817,57.6263,"",1997,summer,1.65
24.2614,57.7159,SEA-011,1997,summer,2.95
24.3393,57.7438,LAT-004,1997,summer,1.5
24.3417,57.7647,LAT-004,1997,summer,1.4
24.2518,57.7633,SEA-011,1997,summer,2.9
24.3473,57.8698,LAT-004,1997,summer,1.5
24.2433,57.88,SEA-011,1997,summer,3.56666666666667
24.0665,57.8827,SEA-011,1997,summer,4.1
23.9167,57.85,SEA-011,1997,summer,3.825
23.6167,57.6167,SEA-011,1997,summer,3.8
23.4833,57.4,SEA-011,1997,summer,4.35
23.2123,57.3275,SEA-011,1997,summer,3.3
23.1424,57.3285,LAT-004,1997,summer,2
23.2029,57.2134,"",1997,summer,1.5
23.2754,57.173,SEA-011,1997,summer,2.75
23.2411,57.1109,"",1997,summer,1.9
23.3679,57.0472,"",1997,summer,1.7
23.4867,57.0467,LAT-003,1997,summer,2.66666666666667
23.6667,57.1667,SEA-011,1997,summer,4.15
23.9647,57.0235,LAT-005,1997,summer,1.5
24.103,57.0833,LAT-005,1997,summer,1.75
23.35,57.96,EST-019,1997,summer,5
22.8833,57.7976,SEA-011,1997,summer,3.9
22.9833,57.5667,SEA-011,1997,summer,6
23.7667,57.4167,SEA-011,1997,summer,4.3
24.1167,57.6,SEA-011,1997,summer,4.8
24.3733,57.315,LAT-004,1991,winter,4
24.0833,57.35,SEA-011,1991,winter,2.5
24.3367,57.5933,LAT-004,1991,winter,2.8
24.1167,57.6,SEA-011,1991,winter,3.4
23.92,57.025,LAT-005,1991,winter,2.8
23.7433,56.98,LAT-005,1991,winter,3
23.4867,57.0467,LAT-003,1991,winter,3
23.2754,57.173,SEA-011,1991,winter,3
23.4833,57.4,SEA-011,1991,winter,3.8
23.07,57.3967,LAT-004,1991,winter,3
24.2433,57.88,SEA-011,1991,winter,2.2
22.65,57.7167,LAT-003,1991,winter,2.5
23.4833,57.4,SEA-011,1991,spring,2.25
23.2754,57.173,SEA-011,1991,spring,2
24.0833,57.35,SEA-011,1991,spring,2.15
23.4867,57.0467,LAT-003,1991,spring,2.5
23.7433,56.98,LAT-005,1991,spring,2
23.92,57.025,LAT-005,1991,spring,2
24.0017,57.0833,LAT-005,1991,spring,2
23.9833,57.1,LAT-005,1991,spring,1.5
24.3733,57.315,LAT-004,1991,spring,2.8
24.3533,57.4483,LAT-004,1991,spring,3
23.6167,57.6167,SEA-011,1991,spring,2.9
24.3367,57.5933,LAT-004,1991,spring,3
24.1167,57.6,SEA-011,1991,spring,2.4
24.2433,57.88,SEA-011,1991,spring,3
24.1318,57.9683,SEA-011,1991,spring,4.4
24.3533,58.0708,EST-018,1991,spring,2.5
23.35,57.96,EST-019,1991,spring,2.65
23.4,58.2,EST-019,1991,spring,3.4
23.6842,58.3427,EST-018,1991,spring,2.2
23.4718,58.4311,EST-018,1991,spring,2
23.2227,58.384,EST-017,1991,spring,3.5
22.8533,58.2167,EST-017,1991,spring,3.5
22.8546,58.1048,EST-017,1991,spring,3.5
22.8833,57.7976,SEA-011,1991,spring,4
22.6167,57.7333,LAT-003,1991,spring,4.2
22.9833,57.5667,SEA-011,1991,spring,3
22.3731,58.1098,EST-017,1991,spring,3.2
22.41,57.8433,SEA-011,1991,spring,4.9
23.85,57.3,SEA-011,1991,spring,2.8
24.25,57.1683,LAT-005,1991,spring,1.5
22.41,57.8433,SEA-011,1991,summer,3.9
23.85,57.3,SEA-011,1991,summer,4.5
23.9833,57.1,LAT-005,1991,summer,2
24.0017,57.0833,LAT-005,1991,summer,1.5
24.25,57.1683,LAT-005,1991,summer,2.5
24.3733,57.315,LAT-004,1991,summer,3
24.0833,57.35,SEA-011,1991,summer,3
24.3533,57.4483,LAT-004,1991,summer,3.5
24.3367,57.5933,LAT-004,1991,summer,3.5
24.1167,57.6,SEA-011,1991,summer,3.5
23.6167,57.6167,SEA-011,1991,summer,5.5
23.7667,57.4167,SEA-011,1991,summer,3.5
23.4833,57.4,SEA-011,1991,summer,3
23.92,57.025,LAT-005,1991,summer,2.5
23.4867,57.0467,LAT-003,1991,summer,3
23.2754,57.173,SEA-011,1991,summer,3
22.8546,58.1048,EST-017,1991,summer,2.5
22.8533,58.2167,EST-017,1991,summer,3
23.2227,58.384,EST-017,1991,summer,2.5
23.4718,58.4311,EST-018,1991,summer,2.5
23.6842,58.3427,EST-018,1991,summer,3
24.2976,57.5922,SEA-011,1991,winter,2.8
22.8781,57.5354,SEA-011,1991,spring,3.5
22.54167,57.95,SEA-011,1991,spring,3.5
23.4,58.2,EST-019,1991,summer,5
23.35,57.96,EST-019,1991,summer,4.5
22.9833,57.5667,SEA-011,1991,summer,3.5
22.54167,57.95,SEA-011,1991,summer,5
23.9833,57.1,LAT-005,2003,winter,3.6
23.9333,57.1667,LAT-005,2003,winter,2.9
24.097,57.0986,LAT-005,2003,spring,1.86666666666667
24.25,57.1683,LAT-005,2003,spring,1.2
24.3667,57.24,LAT-005,2003,spring,1.63333333333333
24.3733,57.315,LAT-004,2003,spring,1.66666666666667
24.0833,57.35,SEA-011,2003,spring,3.03333333333333
24.3533,57.4483,LAT-004,2003,spring,1.8
24.3367,57.5933,LAT-004,2003,spring,2.1
24.1167,57.6,SEA-011,2003,spring,3.13333333333333
23.6167,57.6167,SEA-011,2003,spring,3.5
23.9167,57.85,SEA-011,2003,spring,2.6
24.0665,57.8827,SEA-011,2003,spring,2.55
24.2433,57.88,SEA-011,2003,spring,2.15
24.315,57.7467,LAT-004,2003,spring,1.8
23.85,57.3,SEA-011,2003,spring,3.075
23.9333,57.1667,LAT-005,2003,spring,2.125
23.9833,57.1,LAT-005,2003,spring,1.7
24.0017,57.0833,LAT-005,2003,spring,1.55
23.9792,57.0737,LAT-005,2003,spring,1.55
23.9607,57.0953,LAT-005,2003,spring,1.8
23.9484,57.0884,LAT-005,2003,spring,1.4
23.961,57.0863,LAT-005,2003,spring,2
23.9975,57.0703,LAT-005,2003,spring,1.7
23.9988,57.0782,LAT-005,2003,spring,1.8
23.9985,57.0698,LAT-005,2003,spring,1.5
23.9875,57.0885,LAT-005,2003,spring,1.5
23.9867,57.1,LAT-005,2003,spring,1.5
23.8872,57.2362,SEA-011,2003,spring,1.9
23.9642,57.1457,LAT-005,2003,spring,1.5
23.9703,57.13,LAT-005,2003,spring,1.8
23.9808,57.1102,LAT-005,2003,spring,1.5
23.9683,57.0433,LAT-005,2003,spring,1.6
23.92,57.025,LAT-005,2003,spring,2
23.8883,57.055,LAT-005,2003,spring,2.2
23.8129,57.0862,LAT-005,2003,spring,2.3
23.7433,56.98,LAT-005,2003,spring,1.95
23.705,56.9767,LAT-005,2003,spring,2.7
23.4867,57.0467,LAT-003,2003,spring,2.65
23.6667,57.1667,SEA-011,2003,spring,3.5
23.3267,57.1682,SEA-011,2003,spring,2.2
23.254,57.1667,LAT-003,2003,spring,1.8
23.1765,57.3268,LAT-004,2003,spring,2
23.2508,57.3331,SEA-011,2003,spring,2.8
23.4833,57.4,SEA-011,2003,spring,3.75
23.07,57.3967,LAT-004,2003,spring,2.85
22.9833,57.5667,SEA-011,2003,spring,3.6
22.8167,57.5333,LAT-003,2003,spring,3.3
22.6167,57.7333,LAT-003,2003,spring,2.7
22.8833,57.7976,SEA-011,2003,spring,4.2
24.2976,57.5922,SEA-011,2003,spring,1.7
24.2717,57.4415,SEA-011,2003,spring,1.7
24.2167,57.1833,LAT-005,2003,spring,1.8
24.1505,57.2233,LAT-005,2003,spring,3.2
23.7667,57.4167,SEA-011,2003,spring,4.1
23.9565,57.1243,LAT-005,2003,spring,1.8
23.85,57.3,SEA-011,2003,summer,3.89090909090909
24.0833,57.35,SEA-011,2003,summer,3.7
24.3533,57.4483,LAT-004,2003,summer,2.56666666666667
24.3367,57.5933,LAT-004,2003,summer,2.73333333333333
24.1167,57.6,SEA-011,2003,summer,4.06666666666667
23.6167,57.6167,SEA-011,2003,summer,4.5
22.9833,57.5667,SEA-011,2003,summer,4.1
22.8167,57.5333,LAT-003,2003,summer,3.7
23.07,57.3967,LAT-004,2003,summer,3.25
23.4833,57.4,SEA-011,2003,summer,4.1
23.1765,57.3268,LAT-004,2003,summer,3.2
23.254,57.1667,LAT-003,2003,summer,2.83333333333333
23.4867,57.0467,LAT-003,2003,summer,2.83333333333333
23.705,56.9767,LAT-005,2003,summer,2.56666666666667
23.6667,57.1667,SEA-011,2003,summer,3.16666666666667
24.3733,57.315,LAT-004,2003,summer,2.16666666666667
24.3667,57.24,LAT-005,2003,summer,2.26666666666667
24.25,57.1683,LAT-005,2003,summer,2.06666666666667
24.097,57.0986,LAT-005,2003,summer,1.66666666666667
23.9833,57.1,LAT-005,2003,summer,1.95
24.0017,57.0833,LAT-005,2003,summer,1.71666666666667
23.9792,57.0737,LAT-005,2003,summer,1.7
23.9683,57.0433,LAT-005,2003,summer,2.46666666666667
23.92,57.025,LAT-005,2003,summer,2.23333333333333
23.7433,56.98,LAT-005,2003,summer,2.26666666666667
23.9333,57.1667,LAT-005,2003,summer,3.4
24.315,57.7467,LAT-004,2003,summer,2.9
24.3085,57.856,LAT-004,2003,summer,3.2
24.2433,57.88,SEA-011,2003,summer,3.1
24.0665,57.8827,SEA-011,2003,summer,3.1
23.9167,57.85,SEA-011,2003,summer,3.2
22.8833,57.7976,SEA-011,2003,summer,3.8
22.6167,57.7333,LAT-003,2003,summer,4
23.7667,57.4167,SEA-011,2003,summer,4.2
24.2167,57.1833,LAT-005,2003,summer,1.7
24.0017,57.0833,LAT-005,2003,autumn,1.85
24.097,57.0986,LAT-005,2003,autumn,2.8
24.25,57.1683,LAT-005,2003,autumn,2.2
24.3667,57.24,LAT-005,2003,autumn,2.2
24.3733,57.315,LAT-004,2003,autumn,2.9
24.0833,57.35,SEA-011,2003,autumn,3.6
24.1167,57.6,SEA-011,2003,autumn,3.83333333333333
23.6167,57.6167,SEA-011,2003,autumn,4.36666666666667
22.9833,57.5667,SEA-011,2003,autumn,3.73333333333333
23.4833,57.4,SEA-011,2003,autumn,3.95
23.7667,57.4167,SEA-011,2003,autumn,3.8
23.85,57.3,SEA-011,2003,autumn,3.74444444444444
23.6667,57.1667,SEA-011,2003,autumn,3.93333333333333
23.4867,57.0467,LAT-003,2003,autumn,3
23.705,56.9767,LAT-005,2003,autumn,2.65
23.7433,56.98,LAT-005,2003,autumn,2.6
23.92,57.025,LAT-005,2003,autumn,2.75
23.9683,57.0433,LAT-005,2003,autumn,2.5
23.9792,57.0737,LAT-005,2003,autumn,1.95
23.9833,57.1,LAT-005,2003,autumn,1.96666666666667
23.9333,57.1667,LAT-005,2003,autumn,3.7
24.3367,57.5933,LAT-004,2003,autumn,2.5
22.8167,57.5333,LAT-003,2003,autumn,4
23.254,57.1667,LAT-003,2003,autumn,3
23.1765,57.3268,LAT-004,2003,autumn,3
23.07,57.3967,LAT-004,2003,autumn,4.2
23.9167,57.85,SEA-011,2003,autumn,2.7
24.0665,57.8827,SEA-011,2003,autumn,2.7
24.2433,57.88,SEA-011,2003,autumn,3.1
24.3085,57.856,LAT-004,2003,autumn,2.5
24.315,57.7467,LAT-004,2003,autumn,3
24.1605,57.1273,LAT-005,2003,autumn,2.5
23.85,57.3,SEA-011,1974,spring,3.15
22.8833,57.7976,SEA-011,1974,spring,3.66666666666667
22.9833,57.5667,SEA-011,1974,spring,3.26666666666667
22.41,57.8433,SEA-011,1974,spring,3.75
24.1167,57.6,SEA-011,1974,spring,4.66666666666667
23.9833,57.1,LAT-005,1974,spring,1.85
23.6167,57.6167,SEA-011,1974,spring,4.375
22.41,57.8433,SEA-011,1974,summer,5.325
22.8833,57.7976,SEA-011,1974,summer,4.5
22.9833,57.5667,SEA-011,1974,summer,4.5
23.85,57.3,SEA-011,1974,summer,4.5
23.6167,57.6167,SEA-011,1974,summer,4.75
23.4,58.2,EST-019,1974,summer,4.9
24.1,57.7667,SEA-011,1974,summer,4
24.0167,57.6833,SEA-011,1974,summer,4.2
24.1167,57.6,SEA-011,1974,summer,4.16666666666667
23.9833,57.1,LAT-005,1974,summer,2.5
23.35,57.96,EST-019,1974,summer,5
23.9833,57.1,LAT-005,1974,autumn,3.5
23.85,57.3,SEA-011,1974,autumn,2.1
22.9833,57.5667,SEA-011,1974,autumn,3.2
24.1167,57.6,SEA-011,1974,autumn,5
23.6167,57.6167,SEA-011,1974,autumn,4.5
22.41,57.8433,SEA-011,1974,autumn,5.5
23.35,57.96,EST-019,1974,autumn,3.85
23.4,58.2,EST-019,1974,autumn,1.8
23.4686,57.8333,SEA-011,1974,summer,5
24.2976,57.5922,SEA-011,1974,summer,4
24.2976,57.5922,SEA-011,1974,spring,4.16666666666667
22.33333,58.03333,EST-017,1974,spring,3.6
22.39167,58.01167,EST-017,1974,spring,3.6
22.44833,57.98667,SEA-011,1974,spring,3.65
22.45167,57.985,SEA-011,1974,spring,3.25
22.475,57.975,SEA-011,1974,spring,3.35
22.54167,57.95,SEA-011,1974,spring,3.25
24.483,58.325,EST-013,1974,spring,1.83333333333333
24.4,58.3,EST-013,1974,spring,2.43333333333333
24.358,58.262,EST-013,1974,spring,3
24.233,58.108,EST-018,1974,spring,3.9
24.2,58.067,EST-018,1974,spring,3.9
23.9733,58.0667,SEA-011,1974,spring,3.7
23.905,58.045,EST-019,1974,spring,3.83333333333333
23.875,58.025,SEA-011,1974,spring,3.83333333333333
23.875,58.0117,SEA-011,1974,spring,4.03333333333333
23.8833,58.0017,SEA-011,1974,spring,3.83333333333333
23.8833,57.9833,SEA-011,1974,spring,2.85
23.9167,57.85,SEA-011,1974,spring,4.23333333333333
23.915,57.7933,SEA-011,1974,spring,4.5
23.9033,57.76,SEA-011,1974,spring,4.73333333333333
22.8781,57.5354,SEA-011,1974,spring,3
24.1318,57.9683,SEA-011,1974,spring,4
23.2507,57.5962,SEA-011,1974,spring,4.5
23.4024,57.6021,SEA-011,1974,spring,5.5
23.8667,57.6,SEA-011,1974,spring,5.5
22.71,57.88,SEA-011,1974,spring,2.5
22.45,57.985,SEA-011,1974,spring,3.5
22.2333,57.8833,SEA-011,1974,spring,3
23.9107,57.0525,LAT-005,1974,spring,2.2
24.12,57.1417,LAT-005,1974,spring,1.5
23.35,57.96,EST-019,1974,spring,5.5
22.8167,57.55,LAT-003,1974,summer,5.91666666666667
22.8667,57.5167,SEA-011,1974,summer,4
22.71,57.88,SEA-011,1974,summer,4.5
22.54167,57.95,SEA-011,1974,summer,4.75
22.475,57.975,SEA-011,1974,summer,4.75
22.45167,57.985,SEA-011,1974,summer,5.25
22.45,57.985,SEA-011,1974,summer,4.75
22.44833,57.98667,SEA-011,1974,summer,5
22.39167,58.01167,EST-017,1974,summer,4.5
22.33333,58.03333,EST-017,1974,summer,5.75
23.2507,57.5962,SEA-011,1974,summer,5
23.4833,57.4,SEA-011,1974,summer,4.75
22.8781,57.5354,SEA-011,1974,summer,3.66666666666667
23.4024,57.6021,SEA-011,1974,summer,4.5
24.483,58.325,EST-013,1974,summer,1.5
24.4,58.3,EST-013,1974,summer,1.5
24.358,58.262,EST-013,1974,summer,2.5
24.233,58.108,EST-018,1974,summer,2.5
24.1318,57.9683,SEA-011,1974,summer,3
23.875,58.025,SEA-011,1974,summer,3.5
23.905,58.045,EST-019,1974,summer,3.5
23.9733,58.0667,SEA-011,1974,summer,4.5
23.875,58.0117,SEA-011,1974,summer,4
23.8833,58.0017,SEA-011,1974,summer,3.8
23.8833,57.9833,SEA-011,1974,summer,4
23.9167,57.85,SEA-011,1974,summer,4.5
23.915,57.7933,SEA-011,1974,summer,4.8
23.9033,57.76,SEA-011,1974,summer,4.5
24.12,57.1417,LAT-005,1974,autumn,3.8
24.0833,57.35,SEA-011,1974,autumn,4.5
22.8781,57.5354,SEA-011,1974,autumn,5
23.4686,57.8333,SEA-011,1974,autumn,6
24.2976,57.5922,SEA-011,1974,autumn,4
24.483,58.325,EST-013,1974,autumn,1
24.4,58.3,EST-013,1974,autumn,1.225
24.358,58.262,EST-013,1974,autumn,1.35
24.233,58.108,EST-018,1974,autumn,2.275
23.2507,57.5962,SEA-011,1974,autumn,7
22.54167,57.95,SEA-011,1974,autumn,6
22.475,57.975,SEA-011,1974,autumn,5.5
22.45167,57.985,SEA-011,1974,autumn,5
22.45,57.985,SEA-011,1974,autumn,5
22.44833,57.98667,SEA-011,1974,autumn,5
22.39167,58.01167,EST-017,1974,autumn,3.5
22.33333,58.03333,EST-017,1974,autumn,2.5
23.9733,58.0667,SEA-011,1974,autumn,2.8
23.905,58.045,EST-019,1974,autumn,2.7
23.875,58.025,SEA-011,1974,autumn,2.7
23.875,58.0117,SEA-011,1974,autumn,2.85
23.8833,58.0017,SEA-011,1974,autumn,2.8
23.8833,57.9833,SEA-011,1974,autumn,2.65
23.9033,57.76,SEA-011,1974,autumn,6
23.915,57.7933,SEA-011,1974,autumn,3.8
23.9167,57.85,SEA-011,1974,autumn,3.2
24.1318,57.9683,SEA-011,1974,autumn,2.83333333333333
24.2,58.067,EST-018,1974,autumn,2.66666666666667
23.4833,57.4,SEA-011,1974,autumn,2.2
22.3418,57.7957,SEA-011,2011,spring,2
22.6576,57.6692,LAT-003,2011,spring,2
22.9833,57.5667,SEA-011,2011,spring,1.925
23.2824,57.4139,SEA-011,2011,spring,1.5
23.7667,57.4167,SEA-011,2011,spring,3.2
23.5915,57.2852,SEA-011,2011,spring,1.5
23.3543,57.1182,LAT-003,2011,spring,1.3
23.5214,57.5811,SEA-011,2011,spring,2.4
23.7626,57.7477,SEA-011,2011,spring,2.5
24.0726,57.6178,SEA-011,2011,spring,2.5
24.0017,57.0833,LAT-005,2011,spring,1.7
23.9833,57.1,LAT-005,2011,spring,1.6
23.8883,57.055,LAT-005,2011,spring,1.65
23.92,57.025,LAT-005,2011,spring,2
23.7433,56.98,LAT-005,2011,spring,1.9
23.4867,57.0467,LAT-003,2011,spring,1.65
22.41,57.8433,SEA-011,2011,spring,4
22.6167,57.7333,LAT-003,2011,spring,3.8
22.8167,57.5333,LAT-003,2011,spring,1.9
23.07,57.3967,LAT-004,2011,spring,1.9
23.2373,57.3589,SEA-011,2011,spring,1.95
23.4833,57.4,SEA-011,2011,spring,2.4
23.6667,57.1667,SEA-011,2011,spring,2
24.2167,57.1833,LAT-005,2011,spring,2.1
24.25,57.1683,LAT-005,2011,spring,1.7
24.3733,57.315,LAT-004,2011,spring,1.9
24.2867,57.3133,SEA-011,2011,spring,2.2
24.0833,57.35,SEA-011,2011,spring,2.7
24.3533,57.4483,LAT-004,2011,spring,1.9
24.3367,57.5933,LAT-004,2011,spring,1.85
24.1167,57.6,SEA-011,2011,spring,3.2
23.9167,57.85,SEA-011,2011,spring,2.8
23.6167,57.6167,SEA-011,2011,spring,2.5
23.85,57.3,SEA-011,2011,spring,3
23.9333,57.1667,LAT-005,2011,spring,1.7
23.9565,57.1243,LAT-005,2011,spring,1.7
23.4,58.2,EST-019,2011,summer,3.4
23.35,57.96,EST-019,2011,summer,3.1
23.8984,57.1558,LAT-005,2011,summer,3
23.4833,57.4,SEA-011,2011,summer,3.2
22.9833,57.5667,SEA-011,2011,summer,2.9
23.7667,57.4167,SEA-011,2011,summer,4.3
23.85,57.3,SEA-011,2011,summer,4.05
24.13,57.3,SEA-011,2011,summer,3.9
23.6167,57.6167,SEA-011,2011,autumn,3.9
23.85,57.3,SEA-011,2011,autumn,4.5
22.6576,57.6692,LAT-003,2011,autumn,5
22.9833,57.5667,SEA-011,2011,autumn,4.2
23.6607,56.9894,LAT-005,2011,autumn,3
23.7667,57.4167,SEA-011,2011,autumn,3.8
24.37268,57.31581,LAT-004,2023,winter,2
24.2884,57.31378,SEA-011,2023,winter,3.3
24.08368,57.35077,SEA-011,2023,winter,2.8
23.76931,57.41706,SEA-011,2023,winter,2.7
23.74527,56.9814,LAT-005,2023,winter,2.2
23.8879,57.055,LAT-005,2023,winter,2.3
23.93383,57.16666,LAT-005,2023,winter,3.5
24.21436,57.18394,LAT-005,2023,winter,2
24.25116,57.17131,LAT-005,2023,winter,2
23.98603,57.10036,LAT-005,2023,winter,2
24.00271,57.08398,LAT-005,2023,winter,1.8
23.92111,57.0254,LAT-005,2023,winter,2
23.4876,57.0469,LAT-003,2023,winter,3
23.25574,57.16704,LAT-003,2023,winter,3.6
23.33752,57.22007,SEA-011,2023,winter,3.7
22.81835,57.53221,LAT-003,2023,winter,3
24.373,57.31433,LAT-004,2023,spring,2.5
24.08319,57.35161,SEA-011,2023,spring,1.5
23.77164,57.41956,SEA-011,2023,spring,1.5
23.48366,57.40122,SEA-011,2023,spring,1.5
22.88303,57.79786,SEA-011,2023,spring,1.5
24.24368,57.88044,SEA-011,2023,spring,3.5
24.31558,57.74703,LAT-004,2023,spring,1.5
24.33602,57.59473,LAT-004,2023,spring,2.5
24.35182,57.45008,LAT-004,2023,spring,3.5
24.11706,57.59947,SEA-011,2023,spring,2
23.61763,57.61809,SEA-011,2023,spring,2.5
22.98322,57.56724,SEA-011,2023,spring,2
22.8177,57.53348,LAT-003,2023,spring,3
23.85111,57.29955,SEA-011,2023,spring,2
23.66888,57.16805,SEA-011,2023,spring,1.5
23.48782,57.04896,LAT-003,2023,spring,2
23.74069,56.98089,LAT-005,2023,spring,2
23.91961,57.02472,LAT-005,2023,spring,2
24.00117,57.08433,LAT-005,2023,spring,1
23.98268,57.10196,LAT-005,2023,spring,1.5
24.24603,57.17106,LAT-005,2023,spring,1.5
22.40993,57.8431,SEA-011,2023,spring,3.5
22.88445,57.79693,SEA-011,2023,spring,2.3
22.61773,57.73372,LAT-003,2023,spring,2.5
22.81712,57.53323,LAT-003,2023,spring,2.5
22.98203,57.56692,SEA-011,2023,spring,2
23.07043,57.39722,LAT-004,2023,spring,2.5
23.48323,57.4003,SEA-011,2023,spring,2
23.25397,57.16712,LAT-003,2023,spring,2
23.48468,57.04662,LAT-003,2023,spring,1.9
23.74442,56.98042,LAT-005,2023,spring,1.7
23.9195,57.02527,LAT-005,2023,spring,1.7
23.8879,57.05493,LAT-005,2023,spring,1.5
24.00803,57.0834,LAT-005,2023,spring,1.7
23.98323,57.10325,LAT-005,2023,spring,1.3
23.93307,57.16667,LAT-005,2023,spring,1.8
24.25152,57.1686,LAT-005,2023,spring,1.5
24.21627,57.1835,LAT-005,2023,spring,2
24.0821,57.34997,SEA-011,2023,spring,2
24.31535,57.7468,LAT-004,2023,spring,1.9
24.24352,57.87995,SEA-011,2023,spring,1.5
23.91723,57.85018,SEA-011,2023,spring,3.1
23.6178,57.61723,SEA-011,2023,spring,2
23.76672,57.41655,SEA-011,2023,spring,2
24.37364,57.31592,LAT-004,2023,summer,3.5
24.28289,57.3133,SEA-011,2023,summer,3.5
24.08356,57.34976,SEA-011,2023,summer,3
23.84996,57.30057,SEA-011,2023,summer,2.5
23.76622,57.41735,SEA-011,2023,summer,3
23.61715,57.6171,SEA-011,2023,summer,3
23.07184,57.39703,LAT-004,2023,summer,2.5
22.81601,57.53315,LAT-003,2023,summer,3.2
23.91526,57.85124,SEA-011,2023,summer,3
24.24253,57.87978,SEA-011,2023,summer,3
24.3155,57.74681,LAT-004,2023,summer,3
24.33629,57.59392,LAT-004,2023,summer,3.5
24.29847,57.59295,SEA-011,2023,summer,3
24.35286,57.44846,LAT-004,2023,summer,3
23.98256,57.09992,LAT-005,2023,summer,3
24.00077,57.08306,LAT-005,2023,summer,3
23.88922,57.05404,LAT-005,2023,summer,2.5
23.91873,57.02467,LAT-005,2023,summer,3.5
23.74361,56.97953,LAT-005,2023,summer,3.5
23.48609,57.04628,LAT-003,2023,summer,3
22.40911,57.84316,SEA-011,2023,summer,3.5
22.88219,57.79779,SEA-011,2023,summer,2.5
22.98298,57.56736,SEA-011,2023,summer,3
24.37568,57.31726,LAT-004,2023,autumn,2.6
24.28616,57.31349,SEA-011,2023,autumn,3.7
24.0862,57.35049,SEA-011,2023,autumn,3.8
24.35155,57.4481,LAT-004,2023,autumn,2.9
24.11593,57.59931,SEA-011,2023,autumn,3.5
24.29758,57.59262,SEA-011,2023,autumn,3.1
23.06824,57.39764,LAT-004,2023,autumn,2.5
22.81848,57.53365,LAT-003,2023,autumn,2.1
22.98286,57.56699,SEA-011,2023,autumn,3.2
23.93442,57.16695,LAT-005,2023,autumn,3.4
24.21532,57.1829,LAT-005,2023,autumn,3.3
24.24952,57.1696,LAT-005,2023,autumn,3.8
23.98251,57.10024,LAT-005,2023,autumn,2.8
24.00098,57.08296,LAT-005,2023,autumn,2.7
23.91998,57.02527,LAT-005,2023,autumn,3
23.88755,57.05502,LAT-005,2023,autumn,3
23.48356,57.39985,SEA-011,2023,autumn,3.6
23.76541,57.41634,SEA-011,2023,autumn,3.9
23.84785,57.30083,SEA-011,2023,autumn,3.2
23.9833,57.1,LAT-005,2017,spring,1.3
24.36046,57.32415,SEA-011,2017,spring,3.5
23.4,58.2,EST-019,2017,spring,3.5
23.9167,57.85,SEA-011,2017,spring,2.5
24.2433,57.88,SEA-011,2017,spring,2
24.315,57.7467,LAT-004,2017,spring,1.5
24.1167,57.6,SEA-011,2017,spring,1.5
24.2976,57.5922,SEA-011,2017,spring,1.8
24.3367,57.5933,LAT-004,2017,spring,2.5
24.3533,57.4483,LAT-004,2017,spring,2.5
24.0833,57.35,SEA-011,2017,spring,1.9
23.85,57.3,SEA-011,2017,spring,1.8
22.8833,57.7976,SEA-011,2017,spring,2.8
22.41,57.8433,SEA-011,2017,spring,3.3
23.6167,57.6167,SEA-011,2017,spring,1.8
23.7667,57.4167,SEA-011,2017,spring,1.5
23.6667,57.1667,SEA-011,2017,spring,1.7
23.9333,57.1667,LAT-005,2017,spring,1.5
23.9565,57.1243,LAT-005,2017,spring,1.7
24.0017,57.0833,LAT-005,2017,spring,1
24.25,57.1683,LAT-005,2017,spring,0.9
24.2167,57.1833,LAT-005,2017,spring,0.9
24.3733,57.315,LAT-004,2017,spring,1.5
24.2867,57.3133,SEA-011,2017,spring,1.7
23.92,57.025,LAT-005,2017,spring,1.1
23.8883,57.055,LAT-005,2017,spring,1.2
23.7433,56.98,LAT-005,2017,spring,1.5
23.4867,57.0467,LAT-003,2017,spring,0.9
23.254,57.1667,LAT-003,2017,spring,1.5
23.3326,57.2196,SEA-011,2017,spring,1.5
23.4833,57.4,SEA-011,2017,spring,1.5
23.2373,57.3589,SEA-011,2017,spring,2.2
23.07,57.3967,LAT-004,2017,spring,2.7
22.9833,57.5667,SEA-011,2017,spring,2.8
22.8167,57.5333,LAT-003,2017,spring,3
22.6167,57.7333,LAT-003,2017,spring,3
23.9796,57.03011,LAT-005,2017,spring,1.4
23.97827,57.03219,LAT-005,2017,spring,1.3
23.96899,57.0408,LAT-005,2017,spring,1.3
23.95896,57.04775,LAT-005,2017,spring,1.3
23.93465,57.06761,LAT-005,2017,spring,1.3
23.9833,57.1,LAT-005,2017,summer,1.85555555555556
23.4867,57.0467,LAT-003,2017,summer,2.16666666666667
24.0017,57.0833,LAT-005,2017,summer,1.66666666666667
23.9796,57.03011,LAT-005,2017,summer,1.9
23.93465,57.06761,LAT-005,2017,summer,2.06666666666667
23.97827,57.03219,LAT-005,2017,summer,1.93333333333333
23.4,58.2,EST-019,2017,summer,2.8
23.9167,57.85,SEA-011,2017,summer,2
24.2433,57.88,SEA-011,2017,summer,2
24.315,57.7467,LAT-004,2017,summer,1.5
24.3367,57.5933,LAT-004,2017,summer,1.6
24.2976,57.5922,SEA-011,2017,summer,2.5
24.1167,57.6,SEA-011,2017,summer,3
23.6167,57.6167,SEA-011,2017,summer,2.5
23.7667,57.4167,SEA-011,2017,summer,2.5
23.85,57.3,SEA-011,2017,summer,3.3
24.3533,57.4483,LAT-004,2017,summer,2
24.3733,57.315,LAT-004,2017,summer,2
24.2867,57.3133,SEA-011,2017,summer,3.2
24.25,57.1683,LAT-005,2017,summer,1.5
24.2167,57.1833,LAT-005,2017,summer,3
23.9333,57.1667,LAT-005,2017,summer,3.2
23.6667,57.1667,SEA-011,2017,summer,3.2
23.2373,57.3589,SEA-011,2017,summer,3.1
23.4833,57.4,SEA-011,2017,summer,3.1
22.8833,57.7976,SEA-011,2017,summer,3.4
22.41,57.8433,SEA-011,2017,summer,3
22.6167,57.7333,LAT-003,2017,summer,2.5
22.8167,57.5333,LAT-003,2017,summer,2.7
22.9833,57.5667,SEA-011,2017,summer,2.9
23.07,57.3967,LAT-004,2017,summer,2.2
23.254,57.1667,LAT-003,2017,summer,2.6
23.7433,56.98,LAT-005,2017,summer,2.7
23.92,57.025,LAT-005,2017,summer,2.1
23.8883,57.055,LAT-005,2017,summer,1.9
23.9833,57.1,LAT-005,2017,autumn,1.5
24.0017,57.0833,LAT-005,2017,autumn,1.43333333333333
23.4867,57.0467,LAT-003,2017,autumn,2.65
22.41,57.8433,SEA-011,2017,autumn,2.5
24.2433,57.88,SEA-011,2017,autumn,2.7
23.9167,57.85,SEA-011,2017,autumn,2.7
23.6167,57.6167,SEA-011,2017,autumn,3.4
24.2167,57.1833,LAT-005,2017,autumn,1.5
23.9333,57.1667,LAT-005,2017,autumn,1.8
23.9683,57.0433,LAT-005,2017,autumn,1.2
23.4833,57.4,SEA-011,2017,autumn,2.7
23.85,57.3,SEA-011,2017,autumn,2.5
23.6667,57.1667,SEA-011,2017,autumn,2.6
23.9796,57.03011,LAT-005,2017,autumn,1.5
23.93465,57.06761,LAT-005,2017,autumn,2.1
23.96899,57.0408,LAT-005,2017,summer,2.05
23.95896,57.04775,LAT-005,2017,summer,1.95
23.982064,57.103003,LAT-005,2017,summer,2.9
23.9833,57.1,LAT-005,1986,spring,1.8
23.85,57.3,SEA-011,1986,spring,2
24.0833,57.35,SEA-011,1986,spring,2
23.7667,57.4167,SEA-011,1986,spring,2.2
23.4833,57.4,SEA-011,1986,spring,1.8
23.6167,57.6167,SEA-011,1986,spring,3.75
24.1167,57.6,SEA-011,1986,spring,2.8
24.2976,57.5922,SEA-011,1986,spring,2.5
24.1318,57.9683,SEA-011,1986,spring,3
23.35,57.96,EST-019,1986,spring,4.15
23.4686,57.8333,SEA-011,1986,spring,3.2
23.4718,58.4311,EST-018,1986,spring,4
23.4,58.2,EST-019,1986,spring,5
23.0503,57.9508,EST-019,1986,spring,4
22.8833,57.7976,SEA-011,1986,spring,2.8
22.54167,57.95,SEA-011,1986,spring,4
22.41,57.8433,SEA-011,1986,spring,4.5
22.41,57.8433,SEA-011,1987,winter,4
22.3333,57.7667,SEA-011,1983,spring,4
22.41,57.8433,SEA-011,1983,spring,4
22.2333,57.8833,SEA-011,1983,spring,4
22.54167,57.95,SEA-011,1983,spring,3.5
22.8833,57.7976,SEA-011,1983,spring,3.5
22.8781,57.5354,SEA-011,1983,spring,2.5
22.9833,57.5667,SEA-011,1983,spring,2.5
23.9833,57.1,LAT-005,1983,spring,2.2
24.2976,57.5922,SEA-011,1983,spring,3.5
24.1167,57.6,SEA-011,1983,spring,1.8
23.6167,57.6167,SEA-011,1983,spring,2
23.4718,58.4311,EST-018,1983,spring,4
23.4,58.2,EST-019,1983,spring,3.5
23.35,57.96,EST-019,1983,spring,3
24.0017,57.0833,LAT-005,2006,spring,1.45
23.4867,57.0467,LAT-003,2006,spring,2.43333333333333
23.85,57.3,SEA-011,2006,spring,3.56666666666667
24.3733,57.315,LAT-004,2006,spring,2.3
23.6667,57.1667,SEA-011,2006,spring,2.9
23.254,57.1667,LAT-003,2006,spring,2.2
22.41,57.8433,SEA-011,2006,spring,4.1
22.8833,57.7976,SEA-011,2006,spring,4.3
22.6167,57.7333,LAT-003,2006,spring,3.8
22.8167,57.5333,LAT-003,2006,spring,3.4
23.07,57.3967,LAT-004,2006,spring,3.5
23.4833,57.4,SEA-011,2006,spring,3.8
23.7667,57.4167,SEA-011,2006,spring,3.8
23.6167,57.6167,SEA-011,2006,spring,4
23.9167,57.85,SEA-011,2006,spring,3.1
24.2433,57.88,SEA-011,2006,spring,2.7
24.315,57.7467,LAT-004,2006,spring,1.9
24.1167,57.6,SEA-011,2006,spring,4.5
24.3533,57.4483,LAT-004,2006,spring,1.6
24.0833,57.35,SEA-011,2006,spring,3.8
23.7433,56.98,LAT-005,2006,spring,2.9
23.8883,57.055,LAT-005,2006,spring,4
23.92,57.025,LAT-005,2006,spring,2.5
23.9833,57.1,LAT-005,2006,spring,2.9
23.9333,57.1667,LAT-005,2006,spring,4
24.3733,57.315,LAT-004,2006,summer,3.2
24.2167,57.1833,LAT-005,2006,summer,3
24.25,57.1683,LAT-005,2006,summer,2.5
24.0017,57.0833,LAT-005,2006,summer,2.56666666666667
23.4867,57.0467,LAT-003,2006,summer,2.1
23.85,57.3,SEA-011,2006,summer,4.1
23.254,57.1667,LAT-003,2006,summer,3
23.6667,57.1667,SEA-011,2006,summer,3.2
23.4833,57.4,SEA-011,2006,summer,3.1
22.8833,57.7976,SEA-011,2006,summer,3.9
22.6167,57.7333,LAT-003,2006,summer,2.9
22.9833,57.5667,SEA-011,2006,summer,3.3
22.8167,57.5333,LAT-003,2006,summer,3.1
23.07,57.3967,LAT-004,2006,summer,3.5
23.9833,57.1,LAT-005,2006,summer,2.6
23.9333,57.1667,LAT-005,2006,summer,3.8
23.7433,56.98,LAT-005,2006,summer,3.4
23.92,57.025,LAT-005,2006,summer,1.9
24.2433,57.88,SEA-011,2006,summer,3.9
24.315,57.7467,LAT-004,2006,summer,3.7
23.85,57.3,SEA-011,2006,autumn,4.85
24.1167,57.6,SEA-011,2006,autumn,4.2
24.0833,57.35,SEA-011,2006,autumn,5.5
24.25,57.1683,LAT-005,2006,autumn,1.3
24.3533,57.4483,LAT-004,2006,autumn,1.7
24.3733,57.315,LAT-004,2006,autumn,1.8
23.4867,57.0467,LAT-003,2006,autumn,3.2
24.0017,57.0833,LAT-005,2006,autumn,1.2
23.85,57.3,SEA-011,1975,spring,1.5
23.6167,57.6167,SEA-011,1975,spring,2.75
23.35,57.96,EST-019,1975,spring,3.5
24.1167,57.6,SEA-011,1975,spring,3.16666666666667
22.41,57.8433,SEA-011,1975,spring,3
22.8833,57.7976,SEA-011,1975,spring,4.15
22.9833,57.5667,SEA-011,1975,spring,3
23.4,58.2,EST-019,1975,spring,3
24.1318,57.9683,SEA-011,1975,spring,2.1
23.9833,57.1,LAT-005,1975,summer,2
23.85,57.3,SEA-011,1975,summer,4
23.6167,57.6167,SEA-011,1975,summer,3.5
23.35,57.96,EST-019,1975,summer,3.5
23.4,58.2,EST-019,1975,summer,3.5
22.41,57.8433,SEA-011,1975,summer,4
22.9833,57.5667,SEA-011,1975,summer,3.66666666666667
24.1167,57.6,SEA-011,1975,summer,3.5
22.8833,57.7976,SEA-011,1975,summer,3.5
23.9833,57.1,LAT-005,1975,autumn,5.5
23.85,57.3,SEA-011,1975,autumn,0.5
23.6167,57.6167,SEA-011,1975,autumn,8
22.9833,57.5667,SEA-011,1975,autumn,5.5
24.1167,57.6,SEA-011,1975,autumn,7.5
24.483,58.325,EST-013,1975,spring,1.23333333333333
24.4,58.3,EST-013,1975,spring,1.6
24.358,58.262,EST-013,1975,spring,2
24.233,58.108,EST-018,1975,spring,2.2
24.2,58.067,EST-018,1975,spring,2.25
23.9733,58.0667,SEA-011,1975,spring,2.5
23.905,58.045,EST-019,1975,spring,2.5
23.875,58.025,SEA-011,1975,spring,2.5
23.875,58.0117,SEA-011,1975,spring,2.5
23.8833,58.0017,SEA-011,1975,spring,2.75
23.8833,57.9833,SEA-011,1975,spring,3.25
22.3333,57.7667,SEA-011,1975,spring,3
22.2333,57.8833,SEA-011,1975,spring,3
24.2976,57.5922,SEA-011,1975,spring,2.75
23.8667,57.6,SEA-011,1975,spring,3.5
23.2507,57.5962,SEA-011,1975,spring,3.75
22.33333,58.03333,EST-017,1975,spring,4.5
22.39167,58.01167,EST-017,1975,spring,5
22.44833,57.98667,SEA-011,1975,spring,3.5
22.45,57.985,SEA-011,1975,spring,3.4
22.45167,57.985,SEA-011,1975,spring,3.25
22.475,57.975,SEA-011,1975,spring,3.75
22.54167,57.95,SEA-011,1975,spring,3.25
22.71,57.88,SEA-011,1975,spring,3.75
23.4686,57.8333,SEA-011,1975,spring,4
23.4833,57.4,SEA-011,1975,spring,3.5
23.915,57.7933,SEA-011,1975,spring,3
23.9167,57.85,SEA-011,1975,spring,2.5
23.0503,57.9508,EST-019,1975,spring,4
23.4024,57.6021,SEA-011,1975,spring,3.5
24.0833,57.35,SEA-011,1975,spring,3.5
24.0833,57.35,SEA-011,1975,summer,3.5
23.4833,57.4,SEA-011,1975,summer,5
24.2976,57.5922,SEA-011,1975,summer,3
22.8781,57.5354,SEA-011,1975,summer,3.25
23.8667,57.6,SEA-011,1975,summer,3.26666666666667
23.4024,57.6021,SEA-011,1975,summer,4.25
23.2507,57.5962,SEA-011,1975,summer,3.83333333333333
23.4686,57.8333,SEA-011,1975,summer,3.5
23.0503,57.9508,EST-019,1975,summer,3.5
22.33333,58.03333,EST-017,1975,summer,4.75
22.39167,58.01167,EST-017,1975,summer,4
22.44833,57.98667,SEA-011,1975,summer,3.75
22.45167,57.985,SEA-011,1975,summer,3.75
22.475,57.975,SEA-011,1975,summer,3.5
22.54167,57.95,SEA-011,1975,summer,2.66666666666667
23.6667,57.1667,SEA-011,1975,summer,2.5
22.71,57.88,SEA-011,1975,summer,3
22.45,57.985,SEA-011,1975,summer,3.5
22.3333,57.7667,SEA-011,1975,summer,3.5
22.2333,57.8833,SEA-011,1975,summer,3.5
22.8781,57.5354,SEA-011,1975,autumn,4
23.8667,57.6,SEA-011,1975,autumn,7.5
23.4024,57.6021,SEA-011,1975,autumn,7
23.2507,57.5962,SEA-011,1975,autumn,6.5
22.2333,57.8833,SEA-011,1975,autumn,6
22.33333,58.03333,EST-017,1975,autumn,5.2
22.39167,58.01167,EST-017,1975,autumn,6
22.44833,57.98667,SEA-011,1975,autumn,6
22.45,57.985,SEA-011,1975,autumn,6.5
22.45167,57.985,SEA-011,1975,autumn,6.5
22.475,57.975,SEA-011,1975,autumn,5.5
22.54167,57.95,SEA-011,1975,autumn,5.5
22.71,57.88,SEA-011,1975,autumn,5.5
23.0503,57.9508,EST-019,1975,autumn,6
23.9833,57.1,LAT-005,2018,spring,1.6
24.0017,57.0833,LAT-005,2018,spring,1.4
23.9565,57.1243,LAT-005,2018,spring,1.7
23.9333,57.1667,LAT-005,2018,spring,1.8
23.85,57.3,SEA-011,2018,spring,2
23.4833,57.4,SEA-011,2018,spring,1.8
22.41,57.8433,SEA-011,2018,spring,4.4
22.8833,57.7976,SEA-011,2018,spring,1.5
22.6167,57.7333,LAT-003,2018,spring,2.4
22.8167,57.5333,LAT-003,2018,spring,1.9
22.9833,57.5667,SEA-011,2018,spring,1.7
23.07,57.3967,LAT-004,2018,spring,2.2
23.2373,57.3589,SEA-011,2018,spring,2
23.4867,57.0467,LAT-003,2018,spring,1.3
23.7433,56.98,LAT-005,2018,spring,1.7
23.92,57.025,LAT-005,2018,spring,1.6
23.8883,57.055,LAT-005,2018,spring,1.9
23.9683,57.0433,LAT-005,2018,spring,1.6
24.25,57.1683,LAT-005,2018,spring,1.5
24.2167,57.1833,LAT-005,2018,spring,1.7
24.3733,57.315,LAT-004,2018,spring,1.6
24.2867,57.3133,SEA-011,2018,spring,2.4
24.0833,57.35,SEA-011,2018,spring,2.4
24.2976,57.5922,SEA-011,2018,spring,2.7
24.3367,57.5933,LAT-004,2018,spring,1.6
24.1167,57.6,SEA-011,2018,spring,2.6
24.315,57.7467,LAT-004,2018,spring,2
23.9167,57.85,SEA-011,2018,spring,2.1
23.6167,57.6167,SEA-011,2018,spring,2.2
23.85,57.3,SEA-011,2018,summer,2.475
23.9833,57.1,LAT-005,2018,summer,2.33333333333333
24.0017,57.0833,LAT-005,2018,summer,2.36666666666667
23.7433,56.98,LAT-005,2018,summer,2.2
23.92,57.025,LAT-005,2018,summer,2
24.25,57.1683,LAT-005,2018,summer,2.15
24.205,57.8292,SEA-011,2018,summer,2.2
22.41,57.8433,SEA-011,2018,summer,2.8
22.6167,57.7333,LAT-003,2018,summer,2.3
22.8833,57.7976,SEA-011,2018,summer,2.8
22.9833,57.5667,SEA-011,2018,summer,2.7
22.8167,57.5333,LAT-003,2018,summer,2.5
23.07,57.3967,LAT-004,2018,summer,2
23.2373,57.3589,SEA-011,2018,summer,3.4
23.4833,57.4,SEA-011,2018,summer,2.8
23.6667,57.1667,SEA-011,2018,summer,2.8
24.0833,57.35,SEA-011,2018,summer,3.5
24.2867,57.3133,SEA-011,2018,summer,3
24.3733,57.315,LAT-004,2018,summer,3
24.2167,57.1833,LAT-005,2018,summer,3
23.9333,57.1667,LAT-005,2018,summer,3
23.8883,57.055,LAT-005,2018,summer,2.5
23.4867,57.0467,LAT-003,2018,summer,2.5
23.7667,57.4167,SEA-011,2018,summer,3
23.6167,57.6167,SEA-011,2018,summer,3
24.3533,57.4483,LAT-004,2018,summer,1.8
24.3367,57.5933,LAT-004,2018,summer,1.5
24.2976,57.5922,SEA-011,2018,summer,1.5
24.1167,57.6,SEA-011,2018,summer,2.7
24.315,57.7467,LAT-004,2018,summer,1.5
22.6167,57.7333,LAT-003,2018,autumn,3.5
22.41,57.8433,SEA-011,2018,autumn,3.5
24.2433,57.88,SEA-011,2018,autumn,2.2
24.3367,57.5933,LAT-004,2018,autumn,2.8
24.2976,57.5922,SEA-011,2018,autumn,2.8
23.85,57.3,SEA-011,2018,autumn,3
24.25,57.1683,LAT-005,2018,autumn,2.8
24.0017,57.0833,LAT-005,2018,autumn,2.2
23.92,57.025,LAT-005,2018,autumn,2.8
23.85,57.3,SEA-011,1989,spring,2.95
23.4833,57.4,SEA-011,1989,spring,2.8
23.6167,57.6167,SEA-011,1989,spring,4
24.1167,57.6,SEA-011,1989,spring,2.2
24.1318,57.9683,SEA-011,1989,spring,2.8
23.4,58.2,EST-019,1989,spring,3
23.35,57.96,EST-019,1989,spring,2.2
22.9833,57.5667,SEA-011,1989,spring,3.2
22.41,57.8433,SEA-011,1989,spring,2.4
23.9833,57.1,LAT-005,1989,spring,1.9
24.0833,57.35,SEA-011,1989,spring,3.4
23.7667,57.4167,SEA-011,1989,spring,2.8
24.1167,57.6,SEA-011,1989,"",3.2
23.6167,57.6167,SEA-011,1989,"",3.6
22.9833,57.5667,SEA-011,1989,"",3.4
22.8833,57.7976,SEA-011,1989,"",3
23.0503,57.9508,EST-019,1989,"",3.2
22.41,57.8433,SEA-011,1989,summer,2.8
23.4,58.2,EST-019,1989,summer,3
23.4718,58.4311,EST-018,1989,summer,3
23.9833,57.1,LAT-005,1989,summer,2.5
23.4833,57.4,SEA-011,1989,autumn,4.5
23.7667,57.4167,SEA-011,1989,autumn,4.5
23.85,57.3,SEA-011,1989,autumn,3.5
24.1167,57.6,SEA-011,1989,autumn,3.2
24.1318,57.9683,SEA-011,1989,autumn,1
23.35,57.96,EST-019,1989,autumn,2.4
22.9833,57.5667,SEA-011,1995,spring,3.25
23.4833,57.4,SEA-011,1995,spring,3.35
23.6667,57.1667,SEA-011,1995,spring,4.5
23.7433,56.98,LAT-005,1995,spring,3
23.92,57.025,LAT-005,1995,spring,1.75
23.9833,57.1,LAT-005,1995,spring,1.58
23.85,57.3,SEA-011,1995,spring,2.675
23.6167,57.6167,SEA-011,1995,spring,4
24.3733,57.315,LAT-004,1995,spring,2
24.25,57.1683,LAT-005,1995,spring,1.5
24.097,57.0986,LAT-005,1995,spring,1.7
24.0017,57.0833,LAT-005,1995,spring,1.1
23.9683,57.0433,LAT-005,1995,spring,1.2
23.4867,57.0467,LAT-003,1995,spring,2.5
23.9333,57.1667,LAT-005,1995,spring,2.6
24.0833,57.35,SEA-011,1995,spring,2.4
24.1167,57.6,SEA-011,1995,spring,3
23.0765,57.8223,SEA-011,1995,spring,2.5
22.8833,57.7976,SEA-011,1995,spring,2.5
22.8237,57.8132,SEA-011,1995,spring,2.5
22.41,57.8433,SEA-011,1995,spring,2.2
23.7667,57.4167,SEA-011,1995,spring,2
23.6667,57.1667,SEA-011,1995,summer,2
23.4833,57.4,SEA-011,1995,summer,2.66666666666667
22.9833,57.5667,SEA-011,1995,summer,2.5
22.8833,57.7976,SEA-011,1995,summer,3.5
23.6167,57.6167,SEA-011,1995,summer,2
23.9167,57.85,SEA-011,1995,summer,2.5
24.1167,57.6,SEA-011,1995,summer,2.5
24.3733,57.315,LAT-004,1995,summer,2.5
24.25,57.1683,LAT-005,1995,summer,2.93333333333333
24.0833,57.35,SEA-011,1995,summer,2.5
23.85,57.3,SEA-011,1995,summer,2.53333333333333
23.4867,57.0467,LAT-003,1995,summer,2.5
23.7433,56.98,LAT-005,1995,summer,2
23.92,57.025,LAT-005,1995,summer,2.26666666666667
23.9683,57.0433,LAT-005,1995,summer,1.5
23.9833,57.1,LAT-005,1995,summer,2.06666666666667
24.097,57.0986,LAT-005,1995,summer,1
24.0017,57.0833,LAT-005,1995,summer,2.6
24.0898,57.4937,SEA-011,1995,summer,2.5
24.146,57.7502,SEA-011,1995,summer,3
22.8852,57.8783,SEA-011,1995,summer,2.5
22.41,57.8433,SEA-011,1995,summer,4
22.6167,57.7333,LAT-003,1995,summer,3
22.8167,57.5333,LAT-003,1995,summer,3
23.07,57.3967,LAT-004,1995,summer,2
24.2433,57.88,SEA-011,1995,summer,3
24.2518,57.7633,SEA-011,1995,summer,3
24.3367,57.5933,LAT-004,1995,summer,3
24.3533,57.4483,LAT-004,1995,summer,3
23.2754,57.173,SEA-011,1995,summer,3
24.0017,57.0833,LAT-005,1995,autumn,2.5
23.9833,57.1,LAT-005,1995,autumn,2.56666666666667
23.4833,57.4,SEA-011,1995,autumn,3.5
23.7667,57.4167,SEA-011,1995,autumn,3.7
23.6167,57.6167,SEA-011,1995,autumn,3.7
22.9833,57.5667,SEA-011,1995,autumn,3.2
22.8833,57.7976,SEA-011,1995,autumn,3
23.9167,57.85,SEA-011,1995,autumn,3.06666666666667
24.1167,57.6,SEA-011,1995,autumn,4
24.0833,57.35,SEA-011,1995,autumn,4
24.3733,57.315,LAT-004,1995,autumn,3
24.25,57.1683,LAT-005,1995,autumn,3
23.6667,57.1667,SEA-011,1995,autumn,3.35
23.35,57.96,EST-019,1995,autumn,3.65
23.85,57.3,SEA-011,1995,autumn,3.5
23.9333,57.1667,LAT-005,1995,autumn,2.75
23.92,57.025,LAT-005,1995,autumn,2
23.4867,57.0467,LAT-003,1995,autumn,2.1
23.85,57.3,SEA-011,1996,winter,4.9
23.9833,57.1,LAT-005,1996,winter,2.7
22.41,57.8433,SEA-011,2009,spring,3.95
22.8833,57.7976,SEA-011,2009,spring,4.15
22.6167,57.7333,LAT-003,2009,spring,3.85
22.9833,57.5667,SEA-011,2009,spring,3.7
23.9167,57.85,SEA-011,2009,spring,3.9
23.6167,57.6167,SEA-011,2009,spring,4.8
24.1167,57.6,SEA-011,2009,spring,4.35
24.3367,57.5933,LAT-004,2009,spring,2.4
24.3533,57.4483,LAT-004,2009,spring,2.2
24.0833,57.35,SEA-011,2009,spring,3.9
24.25,57.1683,LAT-005,2009,spring,2
24.2167,57.1833,LAT-005,2009,spring,2.45
23.9333,57.1667,LAT-005,2009,spring,3.9
23.9833,57.1,LAT-005,2009,spring,2.45
24.0017,57.0833,LAT-005,2009,spring,2.15
23.8883,57.055,LAT-005,2009,spring,3
23.92,57.025,LAT-005,2009,spring,2.6
23.7433,56.98,LAT-005,2009,spring,2.6
23.4867,57.0467,LAT-003,2009,spring,3
23.85,57.3,SEA-011,2009,spring,3.7
23.7667,57.4167,SEA-011,2009,spring,3.9
22.8167,57.5333,LAT-003,2009,spring,2.9
23.07,57.3967,LAT-004,2009,spring,2.9
23.4833,57.4,SEA-011,2009,spring,3.1
24.2433,57.88,SEA-011,2009,spring,3.3
24.315,57.7467,LAT-004,2009,spring,2.5
24.2976,57.5922,SEA-011,2009,spring,2
24.2717,57.4415,SEA-011,2009,spring,1.85
23.9565,57.1243,LAT-005,2009,spring,3.8
24.3733,57.315,LAT-004,2009,spring,2
24.2867,57.3133,SEA-011,2009,spring,2.1
23.8883,57.055,LAT-005,2009,"",1.8
23.92,57.025,LAT-005,2009,"",1.6
23.7433,56.98,LAT-005,2009,"",1.9
23.4867,57.0467,LAT-003,2009,"",2.7
23.6667,57.1667,SEA-011,2009,"",3.7
23.254,57.1667,LAT-003,2009,"",3.2
23.85,57.3,SEA-011,2009,summer,4.45
23.9333,57.1667,LAT-005,2009,summer,3.95
23.9833,57.1,LAT-005,2009,summer,3.1
24.0017,57.0833,LAT-005,2009,summer,1.85
22.41,57.8433,SEA-011,2009,summer,3.5
22.8833,57.7976,SEA-011,2009,summer,4.2
22.9833,57.5667,SEA-011,2009,summer,5
22.8167,57.5333,LAT-003,2009,summer,4.3
23.07,57.3967,LAT-004,2009,summer,3.8
23.4833,57.4,SEA-011,2009,summer,4.5
23.254,57.1667,LAT-003,2009,summer,3.8
23.6667,57.1667,SEA-011,2009,summer,4
23.4867,57.0467,LAT-003,2009,summer,3
23.92,57.025,LAT-005,2009,summer,1.8
23.8883,57.055,LAT-005,2009,summer,2
24.25,57.1683,LAT-005,2009,summer,3.2
24.2167,57.1833,LAT-005,2009,summer,2.8
24.3733,57.315,LAT-004,2009,summer,3
24.0833,57.35,SEA-011,2009,summer,4.8
24.3533,57.4483,LAT-004,2009,summer,2.8
24.3367,57.5933,LAT-004,2009,summer,2
24.1167,57.6,SEA-011,2009,summer,4.9
24.315,57.7467,LAT-004,2009,summer,2.5
24.2433,57.88,SEA-011,2009,summer,2.6
23.9167,57.85,SEA-011,2009,summer,3.8
23.6167,57.6167,SEA-011,2009,summer,5.8
23.7667,57.4167,SEA-011,2009,summer,5
23.92,57.025,LAT-005,2009,autumn,2
24.0017,57.0833,LAT-005,2009,autumn,1.5
23.9833,57.1,LAT-005,2009,autumn,1.5
24.25,57.1683,LAT-005,2009,autumn,2
24.3733,57.315,LAT-004,2009,autumn,2
24.1167,57.6,SEA-011,2009,autumn,3
23.6167,57.6167,SEA-011,2009,autumn,2.5
23.6667,57.1667,SEA-011,2009,autumn,3
22.41,57.8433,SEA-011,2015,spring,3.2
22.8833,57.7976,SEA-011,2015,spring,3
22.6167,57.7333,LAT-003,2015,spring,2.8
22.8167,57.5333,LAT-003,2015,spring,2.5
22.9833,57.5667,SEA-011,2015,spring,2.8
23.07,57.3967,LAT-004,2015,spring,2.5
23.254,57.1667,LAT-003,2015,spring,2.9
23.6667,57.1667,SEA-011,2015,spring,3.5
23.4867,57.0467,LAT-003,2015,spring,2.5
23.7433,56.98,LAT-005,2015,spring,2
23.8883,57.055,LAT-005,2015,spring,2.2
23.92,57.025,LAT-005,2015,spring,1.3
24.0017,57.0833,LAT-005,2015,spring,1.5
23.9833,57.1,LAT-005,2015,spring,1.65
24.25,57.1683,LAT-005,2015,spring,1.5
24.2167,57.1833,LAT-005,2015,spring,1.5
24.3733,57.315,LAT-004,2015,spring,1.4
24.2867,57.3133,SEA-011,2015,spring,2.5
24.0833,57.35,SEA-011,2015,spring,2.5
23.85,57.3,SEA-011,2015,spring,2
23.7667,57.4167,SEA-011,2015,spring,2.8
23.4833,57.4,SEA-011,2015,spring,2.2
23.6167,57.6167,SEA-011,2015,spring,2.8
23.9167,57.85,SEA-011,2015,spring,2.9
24.2433,57.88,SEA-011,2015,spring,1.5
24.315,57.7467,LAT-004,2015,spring,1.5
24.1167,57.6,SEA-011,2015,spring,2
24.2976,57.5922,SEA-011,2015,spring,1.5
24.3367,57.5933,LAT-004,2015,spring,1.8
24.0017,57.0833,LAT-005,2015,summer,2.13333333333333
23.9833,57.1,LAT-005,2015,summer,2.53333333333333
23.85,57.3,SEA-011,2015,summer,4.15
23.4,58.2,EST-019,2015,summer,3
23.9167,57.85,SEA-011,2015,summer,2.5
24.2433,57.88,SEA-011,2015,summer,2.3
24.315,57.7467,LAT-004,2015,summer,2
24.1167,57.6,SEA-011,2015,summer,2.4
24.2976,57.5922,SEA-011,2015,summer,2
24.3367,57.5933,LAT-004,2015,summer,2.3
24.2867,57.3133,SEA-011,2015,summer,3
24.0833,57.35,SEA-011,2015,summer,3.5
24.25,57.1683,LAT-005,2015,summer,2.8
24.2167,57.1833,LAT-005,2015,summer,3.1
23.9333,57.1667,LAT-005,2015,summer,2.9
23.92,57.025,LAT-005,2015,summer,2.5
23.8883,57.055,LAT-005,2015,summer,2.3
23.4867,57.0467,LAT-003,2015,summer,2.9
23.254,57.1667,LAT-003,2015,summer,2.6
23.2373,57.3589,SEA-011,2015,summer,2.5
23.4833,57.4,SEA-011,2015,summer,2.9
23.7667,57.4167,SEA-011,2015,summer,2.9
23.6167,57.6167,SEA-011,2015,summer,2.5
23.07,57.3967,LAT-004,2015,summer,2.9
22.41,57.8433,SEA-011,2015,summer,3.1
22.6167,57.7333,LAT-003,2015,summer,2.6
22.9833,57.5667,SEA-011,2015,summer,2.8
23.85,57.3,SEA-011,2015,autumn,4.7
23.9833,57.1,LAT-005,2015,autumn,3.4
24.0017,57.0833,LAT-005,2015,autumn,3.03333333333333
23.9167,57.85,SEA-011,2015,autumn,3.7
24.2433,57.88,SEA-011,2015,autumn,3.2
24.315,57.7467,LAT-004,2015,autumn,3.1
24.1167,57.6,SEA-011,2015,autumn,4.2
24.2976,57.5922,SEA-011,2015,autumn,4.1
24.3367,57.5933,LAT-004,2015,autumn,3.8
23.9333,57.1667,LAT-005,2015,autumn,5
23.92,57.025,LAT-005,2015,autumn,3.9
23.8883,57.055,LAT-005,2015,autumn,4.5
23.7433,56.98,LAT-005,2015,autumn,3.8
23.6667,57.1667,SEA-011,2015,autumn,4.8
23.4867,57.0467,LAT-003,2015,autumn,4.2
22.6167,57.7333,LAT-003,2015,autumn,3.8
22.8833,57.7976,SEA-011,2015,autumn,4.2
22.41,57.8433,SEA-011,2015,autumn,4
22.6064,57.747983,LAT-003,2015,summer,2.1
22.6123,57.747516,LAT-003,2015,summer,2.3
22.614966,57.746833,LAT-003,2015,summer,2.5
22.617183,57.746583,LAT-003,2015,summer,2.4
22.619783,57.74615,LAT-003,2015,summer,2.8
